/*******************************************************************************
 * Size: 36 px
 * Bpp: 4
 * Opts: --no-compress --no-prefilter --bpp 4 --size 36 --format lvgl --lv-font-name bz_font_title_36 --lv-include lvgl.h -o /home/user/Bezel/tab5/components/bezel/fonts/bz_font_title_36.c --font /opt/fonts/flex600_tnum.ttf -r 0x20,0x21,0x22,0x23,0x24,0x25,0x26,0x27,0x28,0x29,0x2a,0x2b,0x2c,0x2d,0x2e,0x2f,0x30,0x31,0x32,0x33,0x34,0x35,0x36,0x37,0x38,0x39,0x3a,0x3b,0x3c,0x3d,0x3e,0x3f,0x40,0x41,0x42,0x43,0x44,0x45,0x46,0x47,0x48,0x49,0x4a,0x4b,0x4c,0x4d,0x4e,0x4f,0x50,0x51,0x52,0x53,0x54,0x55,0x56,0x57,0x58,0x59,0x5a,0x5b,0x5c,0x5d,0x5e,0x5f,0x60,0x61,0x62,0x63,0x64,0x65,0x66,0x67,0x68,0x69,0x6a,0x6b,0x6c,0x6d,0x6e,0x6f,0x70,0x71,0x72,0x73,0x74,0x75,0x76,0x77,0x78,0x79,0x7a,0x7b,0x7c,0x7d,0x7e,0xb7,0x2014,0x2013,0xb0,0xb1,0xb5,0xd7,0x2026
 ******************************************************************************/

#include "lvgl.h"

#ifndef BZ_FONT_TITLE_36
#define BZ_FONT_TITLE_36 1
#endif

#if BZ_FONT_TITLE_36

/*-----------------
 *    BITMAPS
 *----------------*/

/*Store the image of the glyphs*/
static LV_ATTRIBUTE_LARGE_CONST const uint8_t glyph_bitmap[] = {
    /* U+0020 " " */

    /* U+0021 "!" */
    0x3f, 0xff, 0xfc, 0x2, 0xff, 0xff, 0xc0, 0x1f,
    0xff, 0xfb, 0x1, 0xff, 0xff, 0xa0, 0xf, 0xff,
    0xfa, 0x0, 0xff, 0xff, 0x90, 0xf, 0xff, 0xf9,
    0x0, 0xff, 0xff, 0x80, 0xe, 0xff, 0xf8, 0x0,
    0xdf, 0xff, 0x70, 0xd, 0xff, 0xf6, 0x0, 0xcf,
    0xff, 0x60, 0xc, 0xff, 0xf5, 0x0, 0xbf, 0xff,
    0x50, 0xb, 0xff, 0xf4, 0x0, 0xaf, 0xff, 0x40,
    0xa, 0xff, 0xf3, 0x0, 0x7d, 0xdd, 0x20, 0x0,
    0x0, 0x0, 0x0, 0x0, 0x0, 0x0, 0x0, 0x23,
    0x0, 0x0, 0xaf, 0xff, 0x50, 0x7f, 0xff, 0xff,
    0x1a, 0xff, 0xff, 0xf5, 0x8f, 0xff, 0xff, 0x21,
    0xdf, 0xff, 0x80, 0x0, 0x57, 0x30, 0x0,

    /* U+0022 "\"" */
    0xff, 0xff, 0x0, 0xcf, 0xff, 0x1f, 0xff, 0xf0,
    0xc, 0xff, 0xf1, 0xff, 0xff, 0x0, 0xcf, 0xff,
    0x1f, 0xff, 0xf0, 0xc, 0xff, 0xf1, 0xff, 0xff,
    0x0, 0xcf, 0xff, 0x1f, 0xff, 0xf0, 0xc, 0xff,
    0xf1, 0xff, 0xff, 0x0, 0xcf, 0xff, 0x1f, 0xff,
    0xf0, 0xc, 0xff, 0xf1, 0xff, 0xff, 0x0, 0xcf,
    0xff, 0x18, 0x99, 0x80, 0x7, 0x99, 0x91,

    /* U+0023 "#" */
    0x0, 0x0, 0x0, 0x2, 0xff, 0xf8, 0x0, 0x4,
    0xff, 0xf5, 0x0, 0x0, 0x0, 0x0, 0x0, 0x4f,
    0xff, 0x60, 0x0, 0x6f, 0xff, 0x30, 0x0, 0x0,
    0x0, 0x0, 0x7, 0xff, 0xf3, 0x0, 0x9, 0xff,
    0xf1, 0x0, 0x0, 0x0, 0x0, 0x0, 0x9f, 0xff,
    0x10, 0x0, 0xbf, 0xfe, 0x0, 0x0, 0x0, 0x0,
    0x0, 0xb, 0xff, 0xf0, 0x0, 0xd, 0xff, 0xc0,
    0x0, 0x0, 0x0, 0x0, 0x0, 0xef, 0xfc, 0x0,
    0x0, 0xff, 0xfa, 0x0, 0x0, 0x0, 0x0, 0x0,
    0xf, 0xff, 0xa0, 0x0, 0x2f, 0xff, 0x70, 0x0,
    0x0, 0x0, 0x0, 0x2, 0xff, 0xf8, 0x0, 0x4,
    0xff, 0xf5, 0x0, 0x0, 0x0, 0xaf, 0xff, 0xff,
    0xff, 0xff, 0xff, 0xff, 0xff, 0xff, 0xff, 0xe0,
    0xc, 0xff, 0xff, 0xff, 0xff, 0xff, 0xff, 0xff,
    0xff, 0xff, 0xfc, 0x0, 0xef, 0xff, 0xff, 0xff,
    0xff, 0xff, 0xff, 0xff, 0xff, 0xff, 0x90, 0x9,
    0x99, 0x9e, 0xff, 0xf9, 0x99, 0x9f, 0xff, 0xe9,
    0x99, 0x94, 0x0, 0x0, 0x0, 0xef, 0xfc, 0x0,
    0x0, 0xff, 0xfa, 0x0, 0x0, 0x0, 0x0, 0x0,
    0xf, 0xff, 0xa0, 0x0, 0x2f, 0xff, 0x70, 0x0,
    0x0, 0x0, 0x0, 0x2, 0xff, 0xf7, 0x0, 0x5,
    0xff, 0xf5, 0x0, 0x0, 0x0, 0x0, 0x0, 0x5f,
    0xff, 0x50, 0x0, 0x7f, 0xff, 0x30, 0x0, 0x0,
    0xd, 0xff, 0xff, 0xff, 0xff, 0xff, 0xff, 0xff,
    0xff, 0xff, 0xfb, 0x0, 0xff, 0xff, 0xff, 0xff,
    0xff, 0xff, 0xff, 0xff, 0xff, 0xff, 0x90, 0x2f,
    0xff, 0xff, 0xff, 0xff, 0xff, 0xff, 0xff, 0xff,
    0xff, 0xf6, 0x2, 0x99, 0x99, 0xff, 0xfe, 0x99,
    0x99, 0xff, 0xfd, 0x99, 0x99, 0x20, 0x0, 0x0,
    0xf, 0xff, 0x90, 0x0, 0x2f, 0xff, 0x70, 0x0,
    0x0, 0x0, 0x0, 0x3, 0xff, 0xf7, 0x0, 0x5,
    0xff, 0xf5, 0x0, 0x0, 0x0, 0x0, 0x0, 0x5f,
    0xff, 0x50, 0x0, 0x7f, 0xff, 0x20, 0x0, 0x0,
    0x0, 0x0, 0x7, 0xff, 0xf3, 0x0, 0x9, 0xff,
    0xf0, 0x0, 0x0, 0x0, 0x0, 0x0, 0xaf, 0xff,
    0x0, 0x0, 0xcf, 0xfe, 0x0, 0x0, 0x0, 0x0,
    0x0, 0xc, 0xff, 0xe0, 0x0, 0xe, 0xff, 0xb0,
    0x0, 0x0, 0x0,

    /* U+0024 "$" */
    0x0, 0x0, 0x0, 0x0, 0x7, 0x87, 0x0, 0x0,
    0x0, 0x0, 0x0, 0x0, 0x0, 0x0, 0xf, 0xff,
    0x0, 0x0, 0x0, 0x0, 0x0, 0x0, 0x0, 0x0,
    0xf, 0xff, 0x0, 0x0, 0x0, 0x0, 0x0, 0x0,
    0x0, 0x6b, 0xef, 0xff, 0xd9, 0x40, 0x0, 0x0,
    0x0, 0x0, 0x5e, 0xff, 0xff, 0xff, 0xff, 0xfc,
    0x20, 0x0, 0x0, 0x7, 0xff, 0xff, 0xff, 0xff,
    0xff, 0xff, 0xf3, 0x0, 0x0, 0x4f, 0xff, 0xff,
    0xff, 0xff, 0xff, 0xff, 0xfe, 0x20, 0x0, 0xcf,
    0xff, 0xf9, 0x1f, 0xff, 0x5d, 0xff, 0xff, 0x80,
    0x1, 0xff, 0xff, 0x90, 0xf, 0xff, 0x0, 0xbf,
    0xf6, 0x0, 0x4, 0xff, 0xff, 0x50, 0xf, 0xff,
    0x0, 0xa, 0x30, 0x0, 0x4, 0xff, 0xff, 0x70,
    0xf, 0xff, 0x0, 0x0, 0x0, 0x0, 0x1, 0xff,
    0xff, 0xe2, 0xf, 0xff, 0x0, 0x0, 0x0, 0x0,
    0x0, 0xcf, 0xff, 0xff, 0x8f, 0xff, 0x0, 0x0,
    0x0, 0x0, 0x0, 0x3f, 0xff, 0xff, 0xff, 0xff,
    0x0, 0x0, 0x0, 0x0, 0x0, 0x6, 0xff, 0xff,
    0xff, 0xff, 0xfa, 0x30, 0x0, 0x0, 0x0, 0x0,
    0x4d, 0xff, 0xff, 0xff, 0xff, 0xfa, 0x10, 0x0,
    0x0, 0x0, 0x0, 0x6d, 0xff, 0xff, 0xff, 0xff,
    0xe3, 0x0, 0x0, 0x0, 0x0, 0x0, 0x3f, 0xff,
    0xff, 0xff, 0xff, 0x20, 0x0, 0x0, 0x0, 0x0,
    0xf, 0xff, 0xcf, 0xff, 0xff, 0xb0, 0x0, 0x0,
    0x0, 0x0, 0xf, 0xff, 0x5, 0xff, 0xff, 0xf1,
    0x0, 0x0, 0x20, 0x0, 0xf, 0xff, 0x0, 0x8f,
    0xff, 0xf4, 0x0, 0x4d, 0xe0, 0x0, 0xf, 0xff,
    0x0, 0x4f, 0xff, 0xf5, 0xa, 0xff, 0xf8, 0x0,
    0xf, 0xff, 0x0, 0x5f, 0xff, 0xf4, 0xe, 0xff,
    0xff, 0x60, 0xf, 0xff, 0x0, 0xcf, 0xff, 0xf1,
    0x5, 0xff, 0xff, 0xfa, 0x4f, 0xff, 0x4c, 0xff,
    0xff, 0xb0, 0x0, 0xaf, 0xff, 0xff, 0xff, 0xff,
    0xff, 0xff, 0xff, 0x30, 0x0, 0xb, 0xff, 0xff,
    0xff, 0xff, 0xff, 0xff, 0xf5, 0x0, 0x0, 0x0,
    0x8f, 0xff, 0xff, 0xff, 0xff, 0xfd, 0x30, 0x0,
    0x0, 0x0, 0x1, 0x7b, 0xef, 0xff, 0xd9, 0x40,
    0x0, 0x0, 0x0, 0x0, 0x0, 0x0, 0xf, 0xff,
    0x0, 0x0, 0x0, 0x0, 0x0, 0x0, 0x0, 0x0,
    0xf, 0xff, 0x0, 0x0, 0x0, 0x0, 0x0, 0x0,
    0x0, 0x0, 0xf, 0xff, 0x0, 0x0, 0x0, 0x0,

    /* U+0025 "%" */
    0x0, 0x0, 0x4, 0x77, 0x51, 0x0, 0x0, 0x0,
    0x0, 0x0, 0x0, 0x0, 0x0, 0x6e, 0xff, 0xff,
    0xf8, 0x0, 0x0, 0x0, 0x0, 0x0, 0x0, 0x0,
    0x9f, 0xff, 0xff, 0xff, 0xfc, 0x0, 0x0, 0x0,
    0x0, 0x0, 0x0, 0x5f, 0xff, 0xfc, 0xcf, 0xff,
    0xf9, 0x0, 0x0, 0x0, 0x0, 0x0, 0xe, 0xff,
    0xf3, 0x0, 0x1c, 0xff, 0xf2, 0x0, 0x2, 0xc1,
    0x0, 0x3, 0xff, 0xf6, 0x0, 0x0, 0x2f, 0xff,
    0x70, 0x1, 0xdf, 0xe3, 0x0, 0x5f, 0xff, 0x20,
    0x0, 0x0, 0xef, 0xf9, 0x0, 0xcf, 0xff, 0x50,
    0x5, 0xff, 0xf3, 0x0, 0x0, 0xe, 0xff, 0x90,
    0xaf, 0xff, 0x80, 0x0, 0x2f, 0xff, 0x90, 0x0,
    0x4, 0xff, 0xf6, 0x8f, 0xff, 0xa0, 0x0, 0x0,
    0xcf, 0xff, 0x81, 0x5, 0xef, 0xff, 0x7f, 0xff,
    0xc0, 0x0, 0x0, 0x3, 0xff, 0xff, 0xff, 0xff,
    0xff, 0xbf, 0xff, 0xd1, 0x0, 0x0, 0x0, 0x5,
    0xff, 0xff, 0xff, 0xff, 0xbf, 0xff, 0xe2, 0x0,
    0x0, 0x0, 0x0, 0x2, 0xbf, 0xff, 0xfc, 0x6e,
    0xff, 0xf3, 0x0, 0x0, 0x0, 0x0, 0x0, 0x0,
    0x3, 0x31, 0xc, 0xff, 0xf5, 0x0, 0x0, 0x0,
    0x0, 0x0, 0x0, 0x0, 0x0, 0xb, 0xff, 0xf7,
    0x2, 0x32, 0x0, 0x0, 0x0, 0x0, 0x0, 0x0,
    0x9, 0xff, 0xfa, 0x8e, 0xff, 0xfe, 0x80, 0x0,
    0x0, 0x0, 0x0, 0x6, 0xff, 0xfd, 0xdf, 0xff,
    0xff, 0xff, 0xd1, 0x0, 0x0, 0x0, 0x4, 0xff,
    0xfd, 0xdf, 0xff, 0xff, 0xff, 0xff, 0xc0, 0x0,
    0x0, 0x3, 0xff, 0xfe, 0x8f, 0xff, 0xc3, 0x2,
    0xbf, 0xff, 0x60, 0x0, 0x1, 0xef, 0xff, 0x3b,
    0xff, 0xe0, 0x0, 0x0, 0xdf, 0xfc, 0x0, 0x0,
    0xdf, 0xff, 0x40, 0xef, 0xf9, 0x0, 0x0, 0x8,
    0xff, 0xf0, 0x0, 0xbf, 0xff, 0x60, 0xe, 0xff,
    0x80, 0x0, 0x0, 0x8f, 0xff, 0x0, 0x8, 0xff,
    0x90, 0x0, 0xcf, 0xfd, 0x0, 0x0, 0xc, 0xff,
    0xd0, 0x0, 0x6, 0xa0, 0x0, 0x7, 0xff, 0xf9,
    0x0, 0x8, 0xff, 0xf8, 0x0, 0x0, 0x0, 0x0,
    0x0, 0x1e, 0xff, 0xfe, 0xce, 0xff, 0xfe, 0x10,
    0x0, 0x0, 0x0, 0x0, 0x0, 0x3f, 0xff, 0xff,
    0xff, 0xff, 0x30, 0x0, 0x0, 0x0, 0x0, 0x0,
    0x0, 0x2c, 0xff, 0xff, 0xfc, 0x20, 0x0, 0x0,
    0x0, 0x0, 0x0, 0x0, 0x0, 0x3, 0x67, 0x63,
    0x0, 0x0,

    /* U+0026 "&" */
    0x0, 0x0, 0x0, 0x0, 0x47, 0x77, 0x40, 0x0,
    0x0, 0x0, 0x0, 0x0, 0x0, 0x0, 0x0, 0x8f,
    0xff, 0xff, 0xfe, 0x70, 0x0, 0x0, 0x0, 0x0,
    0x0, 0x0, 0xb, 0xff, 0xff, 0xff, 0xff, 0xfa,
    0x0, 0x0, 0x0, 0x0, 0x0, 0x0, 0x8f, 0xff,
    0xff, 0xff, 0xff, 0xff, 0x70, 0x0, 0x0, 0x0,
    0x0, 0x0, 0xff, 0xff, 0xfb, 0x68, 0xef, 0xff,
    0xf1, 0x0, 0x0, 0x0, 0x0, 0x3, 0xff, 0xff,
    0xc0, 0x0, 0x3f, 0xff, 0x91, 0x0, 0x0, 0x0,
    0x0, 0x4, 0xff, 0xff, 0x90, 0x0, 0x8, 0x81,
    0x0, 0x0, 0x0, 0x0, 0x0, 0x2, 0xff, 0xff,
    0xb0, 0x0, 0x0, 0x0, 0x0, 0x0, 0x0, 0x0,
    0x0, 0x0, 0xdf, 0xff, 0xf4, 0x0, 0x0, 0x0,
    0x0, 0x0, 0x0, 0x0, 0x0, 0x0, 0x4f, 0xff,
    0xfe, 0x10, 0x0, 0x0, 0x0, 0x0, 0x0, 0x0,
    0x0, 0x0, 0xa, 0xff, 0xff, 0xc0, 0x0, 0x0,
    0x0, 0x0, 0x0, 0x0, 0x0, 0x0, 0x7f, 0xff,
    0xff, 0xfa, 0x0, 0x0, 0x0, 0x0, 0x0, 0x0,
    0x0, 0xa, 0xff, 0xff, 0xff, 0xff, 0x70, 0x0,
    0x0, 0x0, 0x0, 0x0, 0x0, 0x8f, 0xff, 0xff,
    0xff, 0xff, 0xf4, 0x0, 0x0, 0x0, 0x0, 0x0,
    0x3, 0xff, 0xff, 0xf9, 0x8f, 0xff, 0xff, 0x20,
    0x0, 0x0, 0x0, 0x0, 0xb, 0xff, 0xff, 0x80,
    0xa, 0xff, 0xff, 0xd0, 0x0, 0x6, 0x20, 0x0,
    0x1f, 0xff, 0xfe, 0x0, 0x0, 0xdf, 0xff, 0xfb,
    0x0, 0x2f, 0xfb, 0x30, 0x4f, 0xff, 0xf9, 0x0,
    0x0, 0x2e, 0xff, 0xff, 0x80, 0x8f, 0xff, 0xd0,
    0x6f, 0xff, 0xf7, 0x0, 0x0, 0x4, 0xff, 0xff,
    0xf6, 0xff, 0xff, 0x60, 0x5f, 0xff, 0xf8, 0x0,
    0x0, 0x0, 0x7f, 0xff, 0xff, 0xff, 0xfe, 0x0,
    0x3f, 0xff, 0xfc, 0x0, 0x0, 0x0, 0xa, 0xff,
    0xff, 0xff, 0xf7, 0x0, 0xf, 0xff, 0xff, 0x50,
    0x0, 0x0, 0x0, 0xdf, 0xff, 0xff, 0xd0, 0x0,
    0xa, 0xff, 0xff, 0xf6, 0x0, 0x0, 0x2, 0xbf,
    0xff, 0xff, 0xa0, 0x0, 0x2, 0xff, 0xff, 0xff,
    0xea, 0x9a, 0xcf, 0xff, 0xff, 0xff, 0xf6, 0x0,
    0x0, 0x5f, 0xff, 0xff, 0xff, 0xff, 0xff, 0xff,
    0xff, 0xff, 0xff, 0x30, 0x0, 0x5, 0xff, 0xff,
    0xff, 0xff, 0xff, 0xff, 0xeb, 0xff, 0xfb, 0x10,
    0x0, 0x0, 0x19, 0xef, 0xff, 0xff, 0xff, 0xd7,
    0x0, 0xdf, 0x70, 0x0, 0x0, 0x0, 0x0, 0x3,
    0x67, 0x77, 0x52, 0x0, 0x0, 0x24, 0x0, 0x0,

    /* U+0027 "'" */
    0xff, 0xff, 0x4f, 0xff, 0xf4, 0xff, 0xff, 0x4f,
    0xff, 0xf4, 0xff, 0xff, 0x4f, 0xff, 0xf4, 0xff,
    0xff, 0x4f, 0xff, 0xf4, 0xff, 0xff, 0x48, 0x99,
    0x92,

    /* U+0028 "(" */
    0x0, 0x0, 0x0, 0x2b, 0x20, 0x0, 0x0, 0x0,
    0xd, 0xff, 0x91, 0x0, 0x0, 0x8, 0xff, 0xff,
    0xb0, 0x0, 0x2, 0xff, 0xff, 0xf2, 0x0, 0x0,
    0xcf, 0xff, 0xf7, 0x0, 0x0, 0x4f, 0xff, 0xfd,
    0x0, 0x0, 0xc, 0xff, 0xff, 0x50, 0x0, 0x3,
    0xff, 0xff, 0xc0, 0x0, 0x0, 0xaf, 0xff, 0xf5,
    0x0, 0x0, 0xf, 0xff, 0xfe, 0x0, 0x0, 0x4,
    0xff, 0xff, 0x80, 0x0, 0x0, 0x8f, 0xff, 0xf3,
    0x0, 0x0, 0xc, 0xff, 0xff, 0x0, 0x0, 0x0,
    0xef, 0xff, 0xc0, 0x0, 0x0, 0x1f, 0xff, 0xfa,
    0x0, 0x0, 0x2, 0xff, 0xff, 0x80, 0x0, 0x0,
    0x2f, 0xff, 0xf8, 0x0, 0x0, 0x2, 0xff, 0xff,
    0x80, 0x0, 0x0, 0x2f, 0xff, 0xf8, 0x0, 0x0,
    0x1, 0xff, 0xff, 0xa0, 0x0, 0x0, 0xe, 0xff,
    0xfc, 0x0, 0x0, 0x0, 0xcf, 0xff, 0xf0, 0x0,
    0x0, 0x8, 0xff, 0xff, 0x30, 0x0, 0x0, 0x4f,
    0xff, 0xf8, 0x0, 0x0, 0x0, 0xff, 0xff, 0xe0,
    0x0, 0x0, 0xa, 0xff, 0xff, 0x50, 0x0, 0x0,
    0x3f, 0xff, 0xfc, 0x0, 0x0, 0x0, 0xcf, 0xff,
    0xf5, 0x0, 0x0, 0x4, 0xff, 0xff, 0xd0, 0x0,
    0x0, 0xc, 0xff, 0xff, 0x70, 0x0, 0x0, 0x2f,
    0xff, 0xff, 0x20, 0x0, 0x0, 0x8f, 0xff, 0xfb,
    0x0, 0x0, 0x0, 0xdf, 0xf9, 0x10, 0x0, 0x0,
    0x2, 0xb2, 0x0,

    /* U+0029 ")" */
    0x0, 0x5, 0xb0, 0x0, 0x0, 0x0, 0x2b, 0xff,
    0x90, 0x0, 0x0, 0xe, 0xff, 0xff, 0x40, 0x0,
    0x0, 0x6f, 0xff, 0xfd, 0x0, 0x0, 0x0, 0xcf,
    0xff, 0xf7, 0x0, 0x0, 0x2, 0xff, 0xff, 0xe0,
    0x0, 0x0, 0x9, 0xff, 0xff, 0x80, 0x0, 0x0,
    0x1f, 0xff, 0xfe, 0x0, 0x0, 0x0, 0x9f, 0xff,
    0xf5, 0x0, 0x0, 0x2, 0xff, 0xff, 0xb0, 0x0,
    0x0, 0xd, 0xff, 0xff, 0x0, 0x0, 0x0, 0x8f,
    0xff, 0xf4, 0x0, 0x0, 0x4, 0xff, 0xff, 0x70,
    0x0, 0x0, 0x1f, 0xff, 0xfa, 0x0, 0x0, 0x0,
    0xef, 0xff, 0xc0, 0x0, 0x0, 0xd, 0xff, 0xfd,
    0x0, 0x0, 0x0, 0xcf, 0xff, 0xe0, 0x0, 0x0,
    0xc, 0xff, 0xfe, 0x0, 0x0, 0x0, 0xdf, 0xff,
    0xd0, 0x0, 0x0, 0xe, 0xff, 0xfc, 0x0, 0x0,
    0x1, 0xff, 0xff, 0xa0, 0x0, 0x0, 0x4f, 0xff,
    0xf7, 0x0, 0x0, 0x8, 0xff, 0xff, 0x40, 0x0,
    0x0, 0xdf, 0xff, 0xf0, 0x0, 0x0, 0x2f, 0xff,
    0xfb, 0x0, 0x0, 0x9, 0xff, 0xff, 0x50, 0x0,
    0x1, 0xff, 0xff, 0xe0, 0x0, 0x0, 0x9f, 0xff,
    0xf8, 0x0, 0x0, 0x2f, 0xff, 0xfe, 0x0, 0x0,
    0xc, 0xff, 0xff, 0x70, 0x0, 0x6, 0xff, 0xff,
    0xd0, 0x0, 0x0, 0xef, 0xff, 0xf4, 0x0, 0x0,
    0x2, 0xbf, 0xf9, 0x0, 0x0, 0x0, 0x0, 0x5b,
    0x0, 0x0, 0x0,

    /* U+002A "*" */
    0x0, 0x0, 0x0, 0x7f, 0xfd, 0x0, 0x0, 0x0,
    0x0, 0x0, 0x0, 0x7f, 0xfd, 0x0, 0x0, 0x0,
    0x0, 0x0, 0x0, 0x7f, 0xfc, 0x0, 0x0, 0x0,
    0x2, 0xb4, 0x0, 0x6f, 0xfc, 0x0, 0x28, 0x70,
    0x8, 0xff, 0xe8, 0x8f, 0xfc, 0x5c, 0xff, 0xd0,
    0xe, 0xff, 0xff, 0xff, 0xff, 0xff, 0xff, 0xf3,
    0x7, 0xcf, 0xff, 0xff, 0xff, 0xff, 0xfd, 0x82,
    0x0, 0x1, 0x6d, 0xff, 0xff, 0xf8, 0x30, 0x0,
    0x0, 0x0, 0xd, 0xff, 0xff, 0xf4, 0x0, 0x0,
    0x0, 0x0, 0xbf, 0xff, 0xdf, 0xfe, 0x20, 0x0,
    0x0, 0x7, 0xff, 0xf7, 0x2f, 0xff, 0xd0, 0x0,
    0x0, 0x4f, 0xff, 0xc0, 0x6, 0xff, 0xfa, 0x0,
    0x0, 0x1b, 0xff, 0x20, 0x0, 0xbf, 0xe4, 0x0,
    0x0, 0x0, 0x76, 0x0, 0x0, 0x1a, 0x10, 0x0,

    /* U+002B "+" */
    0x0, 0x0, 0x0, 0x28, 0x88, 0x70, 0x0, 0x0,
    0x0, 0x0, 0x0, 0x0, 0x4f, 0xff, 0xe0, 0x0,
    0x0, 0x0, 0x0, 0x0, 0x0, 0x4f, 0xff, 0xe0,
    0x0, 0x0, 0x0, 0x0, 0x0, 0x0, 0x4f, 0xff,
    0xe0, 0x0, 0x0, 0x0, 0x0, 0x0, 0x0, 0x4f,
    0xff, 0xe0, 0x0, 0x0, 0x0, 0x0, 0x0, 0x0,
    0x4f, 0xff, 0xe0, 0x0, 0x0, 0x0, 0x0, 0x0,
    0x0, 0x5f, 0xff, 0xe0, 0x0, 0x0, 0x0, 0x8f,
    0xff, 0xff, 0xff, 0xff, 0xff, 0xff, 0xff, 0xf2,
    0x8f, 0xff, 0xff, 0xff, 0xff, 0xff, 0xff, 0xff,
    0xf2, 0x8f, 0xff, 0xff, 0xff, 0xff, 0xff, 0xff,
    0xff, 0xf2, 0x8f, 0xff, 0xff, 0xff, 0xff, 0xff,
    0xff, 0xff, 0xf2, 0x0, 0x0, 0x0, 0x4f, 0xff,
    0xe0, 0x0, 0x0, 0x0, 0x0, 0x0, 0x0, 0x4f,
    0xff, 0xe0, 0x0, 0x0, 0x0, 0x0, 0x0, 0x0,
    0x4f, 0xff, 0xe0, 0x0, 0x0, 0x0, 0x0, 0x0,
    0x0, 0x4f, 0xff, 0xe0, 0x0, 0x0, 0x0, 0x0,
    0x0, 0x0, 0x4f, 0xff, 0xe0, 0x0, 0x0, 0x0,
    0x0, 0x0, 0x0, 0x4f, 0xff, 0xe0, 0x0, 0x0,
    0x0, 0x0, 0x0, 0x0, 0x28, 0x88, 0x70, 0x0,
    0x0, 0x0,

    /* U+002C "," */
    0x0, 0x7d, 0xfa, 0x10, 0x6, 0xff, 0xff, 0xc0,
    0xc, 0xff, 0xff, 0xf2, 0xc, 0xff, 0xff, 0xf3,
    0x5, 0xff, 0xff, 0xe0, 0x0, 0x6f, 0xff, 0x60,
    0x0, 0xdf, 0xfc, 0x0, 0x9, 0xff, 0xf1, 0x0,
    0x3f, 0xff, 0x50, 0x0, 0x5, 0xfa, 0x0, 0x0,
    0x0, 0x11, 0x0, 0x0,

    /* U+002D "-" */
    0x0, 0x0, 0x0, 0x0, 0x0, 0x0, 0x6f, 0xff,
    0xff, 0xff, 0xff, 0xf6, 0x6f, 0xff, 0xff, 0xff,
    0xff, 0xf6, 0x6f, 0xff, 0xff, 0xff, 0xff, 0xf6,
    0x6f, 0xff, 0xff, 0xff, 0xff, 0xf6,

    /* U+002E "." */
    0x0, 0x0, 0x0, 0x0, 0x1a, 0xff, 0x90, 0xb,
    0xff, 0xff, 0x91, 0xff, 0xff, 0xfe, 0x1f, 0xff,
    0xff, 0xe0, 0xbf, 0xff, 0xf8, 0x1, 0x9e, 0xe8,
    0x0,

    /* U+002F "/" */
    0x0, 0x0, 0x0, 0x0, 0xdf, 0xff, 0x80, 0x0,
    0x0, 0x0, 0x2f, 0xff, 0xf3, 0x0, 0x0, 0x0,
    0x7, 0xff, 0xfe, 0x0, 0x0, 0x0, 0x0, 0xcf,
    0xff, 0x90, 0x0, 0x0, 0x0, 0x1f, 0xff, 0xf4,
    0x0, 0x0, 0x0, 0x6, 0xff, 0xff, 0x0, 0x0,
    0x0, 0x0, 0xbf, 0xff, 0xa0, 0x0, 0x0, 0x0,
    0xf, 0xff, 0xf5, 0x0, 0x0, 0x0, 0x5, 0xff,
    0xff, 0x10, 0x0, 0x0, 0x0, 0xaf, 0xff, 0xb0,
    0x0, 0x0, 0x0, 0xe, 0xff, 0xf6, 0x0, 0x0,
    0x0, 0x4, 0xff, 0xff, 0x10, 0x0, 0x0, 0x0,
    0x9f, 0xff, 0xc0, 0x0, 0x0, 0x0, 0xe, 0xff,
    0xf7, 0x0, 0x0, 0x0, 0x3, 0xff, 0xff, 0x30,
    0x0, 0x0, 0x0, 0x8f, 0xff, 0xd0, 0x0, 0x0,
    0x0, 0xd, 0xff, 0xf9, 0x0, 0x0, 0x0, 0x2,
    0xff, 0xff, 0x40, 0x0, 0x0, 0x0, 0x7f, 0xff,
    0xe0, 0x0, 0x0, 0x0, 0xc, 0xff, 0xfa, 0x0,
    0x0, 0x0, 0x1, 0xff, 0xff, 0x50, 0x0, 0x0,
    0x0, 0x6f, 0xff, 0xf0, 0x0, 0x0, 0x0, 0xb,
    0xff, 0xfb, 0x0, 0x0, 0x0, 0x0, 0xff, 0xff,
    0x60, 0x0, 0x0, 0x0, 0x5f, 0xff, 0xf1, 0x0,
    0x0, 0x0, 0xa, 0xff, 0xfc, 0x0, 0x0, 0x0,
    0x0,

    /* U+0030 "0" */
    0x0, 0x0, 0x0, 0x0, 0x35, 0x76, 0x51, 0x0,
    0x0, 0x0, 0x0, 0x0, 0x0, 0x0, 0x7e, 0xff,
    0xff, 0xff, 0xb3, 0x0, 0x0, 0x0, 0x0, 0x0,
    0x2c, 0xff, 0xff, 0xff, 0xff, 0xff, 0x80, 0x0,
    0x0, 0x0, 0x1, 0xdf, 0xff, 0xff, 0xff, 0xff,
    0xff, 0xf9, 0x0, 0x0, 0x0, 0xc, 0xff, 0xff,
    0xff, 0xff, 0xff, 0xff, 0xff, 0x60, 0x0, 0x0,
    0x6f, 0xff, 0xff, 0xb4, 0x12, 0x6e, 0xff, 0xff,
    0xe1, 0x0, 0x0, 0xef, 0xff, 0xf8, 0x0, 0x0,
    0x1, 0xdf, 0xff, 0xf8, 0x0, 0x5, 0xff, 0xff,
    0xc0, 0x0, 0x0, 0x0, 0x3f, 0xff, 0xfe, 0x0,
    0xa, 0xff, 0xff, 0x50, 0x0, 0x0, 0x0, 0xb,
    0xff, 0xff, 0x40, 0xe, 0xff, 0xff, 0x0, 0x0,
    0x0, 0x0, 0x5, 0xff, 0xff, 0x80, 0x1f, 0xff,
    0xfb, 0x0, 0x0, 0x0, 0x0, 0x1, 0xff, 0xff,
    0xb0, 0x3f, 0xff, 0xf9, 0x0, 0x0, 0x0, 0x0,
    0x0, 0xff, 0xff, 0xe0, 0x4f, 0xff, 0xf7, 0x0,
    0x0, 0x0, 0x0, 0x0, 0xdf, 0xff, 0xf0, 0x5f,
    0xff, 0xf7, 0x0, 0x0, 0x0, 0x0, 0x0, 0xdf,
    0xff, 0xf0, 0x5f, 0xff, 0xf7, 0x0, 0x0, 0x0,
    0x0, 0x0, 0xdf, 0xff, 0xf0, 0x4f, 0xff, 0xf7,
    0x0, 0x0, 0x0, 0x0, 0x0, 0xdf, 0xff, 0xf0,
    0x3f, 0xff, 0xf9, 0x0, 0x0, 0x0, 0x0, 0x0,
    0xff, 0xff, 0xe0, 0x1f, 0xff, 0xfb, 0x0, 0x0,
    0x0, 0x0, 0x1, 0xff, 0xff, 0xb0, 0xe, 0xff,
    0xff, 0x0, 0x0, 0x0, 0x0, 0x5, 0xff, 0xff,
    0x80, 0xa, 0xff, 0xff, 0x50, 0x0, 0x0, 0x0,
    0xb, 0xff, 0xff, 0x40, 0x5, 0xff, 0xff, 0xc0,
    0x0, 0x0, 0x0, 0x3f, 0xff, 0xfe, 0x0, 0x0,
    0xef, 0xff, 0xf8, 0x0, 0x0, 0x1, 0xdf, 0xff,
    0xf8, 0x0, 0x0, 0x6f, 0xff, 0xff, 0xb4, 0x12,
    0x6e, 0xff, 0xff, 0xe1, 0x0, 0x0, 0xc, 0xff,
    0xff, 0xff, 0xff, 0xff, 0xff, 0xff, 0x60, 0x0,
    0x0, 0x1, 0xdf, 0xff, 0xff, 0xff, 0xff, 0xff,
    0xf9, 0x0, 0x0, 0x0, 0x0, 0x2d, 0xff, 0xff,
    0xff, 0xff, 0xff, 0x80, 0x0, 0x0, 0x0, 0x0,
    0x0, 0x7e, 0xff, 0xff, 0xff, 0xb3, 0x0, 0x0,
    0x0, 0x0, 0x0, 0x0, 0x0, 0x35, 0x76, 0x51,
    0x0, 0x0, 0x0, 0x0,

    /* U+0031 "1" */
    0x0, 0x0, 0x0, 0x0, 0x0, 0x1a, 0xff, 0xf2,
    0x0, 0x0, 0x0, 0x0, 0x4, 0xef, 0xff, 0xf2,
    0x0, 0x0, 0x0, 0x0, 0x8f, 0xff, 0xff, 0xf2,
    0x0, 0x0, 0x0, 0x2c, 0xff, 0xff, 0xff, 0xf2,
    0x0, 0x0, 0x6, 0xff, 0xff, 0xff, 0xff, 0xf2,
    0x0, 0x1, 0xbf, 0xff, 0xff, 0xff, 0xff, 0xf2,
    0x0, 0x4e, 0xff, 0xff, 0xfc, 0xcf, 0xff, 0xf2,
    0x8, 0xff, 0xff, 0xff, 0x80, 0xbf, 0xff, 0xf2,
    0x2f, 0xff, 0xff, 0xe4, 0x0, 0xbf, 0xff, 0xf2,
    0x6, 0xff, 0xfc, 0x10, 0x0, 0xbf, 0xff, 0xf2,
    0x0, 0xaf, 0x80, 0x0, 0x0, 0xbf, 0xff, 0xf2,
    0x0, 0x4, 0x0, 0x0, 0x0, 0xbf, 0xff, 0xf2,
    0x0, 0x0, 0x0, 0x0, 0x0, 0xbf, 0xff, 0xf2,
    0x0, 0x0, 0x0, 0x0, 0x0, 0xbf, 0xff, 0xf2,
    0x0, 0x0, 0x0, 0x0, 0x0, 0xbf, 0xff, 0xf2,
    0x0, 0x0, 0x0, 0x0, 0x0, 0xbf, 0xff, 0xf2,
    0x0, 0x0, 0x0, 0x0, 0x0, 0xbf, 0xff, 0xf2,
    0x0, 0x0, 0x0, 0x0, 0x0, 0xbf, 0xff, 0xf2,
    0x0, 0x0, 0x0, 0x0, 0x0, 0xbf, 0xff, 0xf2,
    0x0, 0x0, 0x0, 0x0, 0x0, 0xbf, 0xff, 0xf2,
    0x0, 0x0, 0x0, 0x0, 0x0, 0xbf, 0xff, 0xf2,
    0x0, 0x0, 0x0, 0x0, 0x0, 0xbf, 0xff, 0xf2,
    0x0, 0x0, 0x0, 0x0, 0x0, 0xbf, 0xff, 0xf2,
    0x0, 0x0, 0x0, 0x0, 0x0, 0xbf, 0xff, 0xf2,
    0x0, 0x0, 0x0, 0x0, 0x0, 0xbf, 0xff, 0xf2,
    0x0, 0x0, 0x0, 0x0, 0x0, 0xbf, 0xff, 0xf2,

    /* U+0032 "2" */
    0x0, 0x0, 0x0, 0x4, 0x67, 0x65, 0x10, 0x0,
    0x0, 0x0, 0x0, 0x1, 0x9f, 0xff, 0xff, 0xff,
    0xc4, 0x0, 0x0, 0x0, 0x4, 0xef, 0xff, 0xff,
    0xff, 0xff, 0xf8, 0x0, 0x0, 0x5, 0xff, 0xff,
    0xff, 0xff, 0xff, 0xff, 0xf8, 0x0, 0x2, 0xff,
    0xff, 0xff, 0xff, 0xff, 0xff, 0xff, 0xf3, 0x0,
    0xcf, 0xff, 0xff, 0x83, 0x13, 0x9f, 0xff, 0xff,
    0xa0, 0x2e, 0xff, 0xff, 0x30, 0x0, 0x0, 0x5f,
    0xff, 0xff, 0x0, 0x6, 0xdf, 0x60, 0x0, 0x0,
    0x0, 0xdf, 0xff, 0xf0, 0x0, 0x0, 0x40, 0x0,
    0x0, 0x0, 0xc, 0xff, 0xff, 0x10, 0x0, 0x0,
    0x0, 0x0, 0x0, 0x0, 0xef, 0xff, 0xf0, 0x0,
    0x0, 0x0, 0x0, 0x0, 0x0, 0x3f, 0xff, 0xfb,
    0x0, 0x0, 0x0, 0x0, 0x0, 0x0, 0xc, 0xff,
    0xff, 0x50, 0x0, 0x0, 0x0, 0x0, 0x0, 0x8,
    0xff, 0xff, 0xd0, 0x0, 0x0, 0x0, 0x0, 0x0,
    0x6, 0xff, 0xff, 0xf3, 0x0, 0x0, 0x0, 0x0,
    0x0, 0x5, 0xff, 0xff, 0xf6, 0x0, 0x0, 0x0,
    0x0, 0x0, 0x6, 0xff, 0xff, 0xf8, 0x0, 0x0,
    0x0, 0x0, 0x0, 0x6, 0xff, 0xff, 0xf8, 0x0,
    0x0, 0x0, 0x0, 0x0, 0x6, 0xff, 0xff, 0xf7,
    0x0, 0x0, 0x0, 0x0, 0x0, 0x7, 0xff, 0xff,
    0xf7, 0x0, 0x0, 0x0, 0x0, 0x0, 0x7, 0xff,
    0xff, 0xf6, 0x0, 0x0, 0x0, 0x0, 0x0, 0x7,
    0xff, 0xff, 0xf6, 0x0, 0x0, 0x0, 0x0, 0x0,
    0x7, 0xff, 0xff, 0xf5, 0x0, 0x0, 0x0, 0x0,
    0x0, 0x8, 0xff, 0xff, 0xfa, 0x55, 0x55, 0x55,
    0x55, 0x55, 0x40, 0xff, 0xff, 0xff, 0xff, 0xff,
    0xff, 0xff, 0xff, 0xfd, 0xf, 0xff, 0xff, 0xff,
    0xff, 0xff, 0xff, 0xff, 0xff, 0xd0, 0xff, 0xff,
    0xff, 0xff, 0xff, 0xff, 0xff, 0xff, 0xfd, 0xf,
    0xff, 0xff, 0xff, 0xff, 0xff, 0xff, 0xff, 0xff,
    0xd0,

    /* U+0033 "3" */
    0x0, 0x0, 0x0, 0x2, 0x57, 0x76, 0x40, 0x0,
    0x0, 0x0, 0x0, 0x0, 0x6, 0xdf, 0xff, 0xff,
    0xff, 0x91, 0x0, 0x0, 0x0, 0x1, 0xbf, 0xff,
    0xff, 0xff, 0xff, 0xff, 0x40, 0x0, 0x0, 0x1d,
    0xff, 0xff, 0xff, 0xff, 0xff, 0xff, 0xf3, 0x0,
    0x0, 0xbf, 0xff, 0xff, 0xdb, 0xcf, 0xff, 0xff,
    0xfd, 0x0, 0x6, 0xff, 0xff, 0xe4, 0x0, 0x0,
    0x8f, 0xff, 0xff, 0x30, 0x0, 0x9f, 0xfe, 0x20,
    0x0, 0x0, 0xa, 0xff, 0xff, 0x60, 0x0, 0x3,
    0xd6, 0x0, 0x0, 0x0, 0x4, 0xff, 0xff, 0x80,
    0x0, 0x0, 0x0, 0x0, 0x0, 0x0, 0x3, 0xff,
    0xff, 0x60, 0x0, 0x0, 0x0, 0x0, 0x0, 0x0,
    0x6, 0xff, 0xff, 0x30, 0x0, 0x0, 0x0, 0x0,
    0x0, 0x0, 0xd, 0xff, 0xfd, 0x0, 0x0, 0x0,
    0x0, 0x0, 0x0, 0x4, 0xdf, 0xff, 0xf4, 0x0,
    0x0, 0x0, 0x0, 0x1f, 0xff, 0xff, 0xff, 0xff,
    0x50, 0x0, 0x0, 0x0, 0x0, 0x1f, 0xff, 0xff,
    0xff, 0xf5, 0x0, 0x0, 0x0, 0x0, 0x0, 0x1f,
    0xff, 0xff, 0xff, 0xff, 0xb1, 0x0, 0x0, 0x0,
    0x0, 0xa, 0xaa, 0xac, 0xff, 0xff, 0xfd, 0x10,
    0x0, 0x0, 0x0, 0x0, 0x0, 0x0, 0x2c, 0xff,
    0xff, 0xa0, 0x0, 0x0, 0x0, 0x0, 0x0, 0x0,
    0x0, 0xef, 0xff, 0xf1, 0x0, 0x0, 0x0, 0x0,
    0x0, 0x0, 0x0, 0x7f, 0xff, 0xf5, 0x0, 0x0,
    0x40, 0x0, 0x0, 0x0, 0x0, 0x6f, 0xff, 0xf7,
    0x0, 0x6d, 0xf6, 0x0, 0x0, 0x0, 0x0, 0x8f,
    0xff, 0xf6, 0xe, 0xff, 0xff, 0x30, 0x0, 0x0,
    0x1, 0xef, 0xff, 0xf4, 0x9, 0xff, 0xff, 0xf6,
    0x0, 0x0, 0x3c, 0xff, 0xff, 0xe0, 0x0, 0xef,
    0xff, 0xff, 0xfc, 0xbd, 0xff, 0xff, 0xff, 0x70,
    0x0, 0x3f, 0xff, 0xff, 0xff, 0xff, 0xff, 0xff,
    0xfb, 0x0, 0x0, 0x3, 0xdf, 0xff, 0xff, 0xff,
    0xff, 0xff, 0xb0, 0x0, 0x0, 0x0, 0x7, 0xef,
    0xff, 0xff, 0xff, 0xc5, 0x0, 0x0, 0x0, 0x0,
    0x0, 0x2, 0x56, 0x76, 0x51, 0x0, 0x0, 0x0,

    /* U+0034 "4" */
    0x0, 0x0, 0x0, 0x0, 0x0, 0x0, 0xbf, 0xff,
    0xfb, 0x0, 0x0, 0x0, 0x0, 0x0, 0x0, 0x0,
    0x6f, 0xff, 0xff, 0xb0, 0x0, 0x0, 0x0, 0x0,
    0x0, 0x0, 0x2f, 0xff, 0xff, 0xfb, 0x0, 0x0,
    0x0, 0x0, 0x0, 0x0, 0xc, 0xff, 0xff, 0xff,
    0xb0, 0x0, 0x0, 0x0, 0x0, 0x0, 0x7, 0xff,
    0xff, 0xff, 0xfb, 0x0, 0x0, 0x0, 0x0, 0x0,
    0x2, 0xff, 0xff, 0xff, 0xff, 0xb0, 0x0, 0x0,
    0x0, 0x0, 0x0, 0xcf, 0xff, 0xad, 0xff, 0xfb,
    0x0, 0x0, 0x0, 0x0, 0x0, 0x7f, 0xff, 0xe1,
    0xdf, 0xff, 0xb0, 0x0, 0x0, 0x0, 0x0, 0x2f,
    0xff, 0xf4, 0xd, 0xff, 0xfb, 0x0, 0x0, 0x0,
    0x0, 0xd, 0xff, 0xf9, 0x0, 0xdf, 0xff, 0xb0,
    0x0, 0x0, 0x0, 0x8, 0xff, 0xfd, 0x0, 0xd,
    0xff, 0xfb, 0x0, 0x0, 0x0, 0x3, 0xff, 0xff,
    0x30, 0x0, 0xdf, 0xff, 0xb0, 0x0, 0x0, 0x0,
    0xdf, 0xff, 0x80, 0x0, 0xd, 0xff, 0xfb, 0x0,
    0x0, 0x0, 0x8f, 0xff, 0xd0, 0x0, 0x0, 0xdf,
    0xff, 0xb0, 0x0, 0x0, 0x3f, 0xff, 0xf3, 0x0,
    0x0, 0xd, 0xff, 0xfb, 0x0, 0x0, 0xd, 0xff,
    0xf7, 0x0, 0x0, 0x0, 0xdf, 0xff, 0xb0, 0x0,
    0x9, 0xff, 0xfd, 0x21, 0x11, 0x11, 0x1f, 0xff,
    0xfc, 0x11, 0x11, 0xff, 0xff, 0xff, 0xff, 0xff,
    0xff, 0xff, 0xff, 0xff, 0xfe, 0x2f, 0xff, 0xff,
    0xff, 0xff, 0xff, 0xff, 0xff, 0xff, 0xff, 0xe2,
    0xff, 0xff, 0xff, 0xff, 0xff, 0xff, 0xff, 0xff,
    0xff, 0xfe, 0x2f, 0xff, 0xff, 0xff, 0xff, 0xff,
    0xff, 0xff, 0xff, 0xff, 0xe0, 0x0, 0x0, 0x0,
    0x0, 0x0, 0x2, 0xff, 0xff, 0xb0, 0x0, 0x0,
    0x0, 0x0, 0x0, 0x0, 0x0, 0x2f, 0xff, 0xfb,
    0x0, 0x0, 0x0, 0x0, 0x0, 0x0, 0x0, 0x2,
    0xff, 0xff, 0xb0, 0x0, 0x0, 0x0, 0x0, 0x0,
    0x0, 0x0, 0x2f, 0xff, 0xfb, 0x0, 0x0, 0x0,
    0x0, 0x0, 0x0, 0x0, 0x2, 0xff, 0xff, 0xb0,
    0x0,

    /* U+0035 "5" */
    0x0, 0x2f, 0xff, 0xff, 0xff, 0xff, 0xff, 0xff,
    0xf7, 0x0, 0x0, 0x4f, 0xff, 0xff, 0xff, 0xff,
    0xff, 0xff, 0xf7, 0x0, 0x0, 0x6f, 0xff, 0xff,
    0xff, 0xff, 0xff, 0xff, 0xf7, 0x0, 0x0, 0x8f,
    0xff, 0xff, 0xff, 0xff, 0xff, 0xff, 0xf7, 0x0,
    0x0, 0xaf, 0xff, 0xb4, 0x44, 0x44, 0x44, 0x44,
    0x41, 0x0, 0x0, 0xcf, 0xff, 0x80, 0x0, 0x0,
    0x0, 0x0, 0x0, 0x0, 0x0, 0xef, 0xff, 0x60,
    0x0, 0x0, 0x0, 0x0, 0x0, 0x0, 0x0, 0xff,
    0xff, 0x30, 0x0, 0x0, 0x0, 0x0, 0x0, 0x0,
    0x2, 0xff, 0xff, 0x10, 0x0, 0x0, 0x0, 0x0,
    0x0, 0x0, 0x4, 0xff, 0xff, 0x1, 0x7a, 0xcb,
    0xa6, 0x10, 0x0, 0x0, 0x6, 0xff, 0xfe, 0x9f,
    0xff, 0xff, 0xff, 0xf7, 0x0, 0x0, 0x9, 0xff,
    0xff, 0xff, 0xff, 0xff, 0xff, 0xff, 0xa0, 0x0,
    0xb, 0xff, 0xff, 0xff, 0xff, 0xff, 0xff, 0xff,
    0xf9, 0x0, 0x5, 0xcf, 0xff, 0xf8, 0x20, 0x15,
    0xcf, 0xff, 0xff, 0x30, 0x0, 0x3, 0x9d, 0x30,
    0x0, 0x0, 0xb, 0xff, 0xff, 0xa0, 0x0, 0x0,
    0x0, 0x0, 0x0, 0x0, 0x2, 0xff, 0xff, 0xe0,
    0x0, 0x0, 0x0, 0x0, 0x0, 0x0, 0x0, 0xcf,
    0xff, 0xf1, 0x0, 0x0, 0x0, 0x0, 0x0, 0x0,
    0x0, 0xaf, 0xff, 0xf2, 0x0, 0x28, 0xb0, 0x0,
    0x0, 0x0, 0x0, 0xcf, 0xff, 0xf1, 0x5c, 0xff,
    0xf3, 0x0, 0x0, 0x0, 0x1, 0xff, 0xff, 0xf0,
    0x8f, 0xff, 0xfd, 0x0, 0x0, 0x0, 0xa, 0xff,
    0xff, 0xa0, 0x1f, 0xff, 0xff, 0xd4, 0x0, 0x2,
    0xbf, 0xff, 0xff, 0x40, 0x7, 0xff, 0xff, 0xff,
    0xfd, 0xef, 0xff, 0xff, 0xfb, 0x0, 0x0, 0xbf,
    0xff, 0xff, 0xff, 0xff, 0xff, 0xff, 0xd1, 0x0,
    0x0, 0x9, 0xff, 0xff, 0xff, 0xff, 0xff, 0xfb,
    0x10, 0x0, 0x0, 0x0, 0x3c, 0xff, 0xff, 0xff,
    0xfd, 0x60, 0x0, 0x0, 0x0, 0x0, 0x0, 0x14,
    0x67, 0x75, 0x20, 0x0, 0x0, 0x0,

    /* U+0036 "6" */
    0x0, 0x0, 0x0, 0x0, 0x0, 0x9, 0x10, 0x0,
    0x0, 0x0, 0x0, 0x0, 0x0, 0x0, 0x0, 0xaf,
    0xe4, 0x0, 0x0, 0x0, 0x0, 0x0, 0x0, 0x0,
    0x6, 0xff, 0xff, 0x90, 0x0, 0x0, 0x0, 0x0,
    0x0, 0x0, 0x2f, 0xff, 0xff, 0xa0, 0x0, 0x0,
    0x0, 0x0, 0x0, 0x0, 0xdf, 0xff, 0xfd, 0x0,
    0x0, 0x0, 0x0, 0x0, 0x0, 0x9, 0xff, 0xff,
    0xf3, 0x0, 0x0, 0x0, 0x0, 0x0, 0x0, 0x4f,
    0xff, 0xff, 0x60, 0x0, 0x0, 0x0, 0x0, 0x0,
    0x1, 0xef, 0xff, 0xfa, 0x0, 0x0, 0x0, 0x0,
    0x0, 0x0, 0xb, 0xff, 0xff, 0xd0, 0x0, 0x0,
    0x0, 0x0, 0x0, 0x0, 0x7f, 0xff, 0xff, 0x30,
    0x0, 0x0, 0x0, 0x0, 0x0, 0x2, 0xff, 0xff,
    0xfe, 0xcd, 0xc9, 0x40, 0x0, 0x0, 0x0, 0xc,
    0xff, 0xff, 0xff, 0xff, 0xff, 0xfc, 0x20, 0x0,
    0x0, 0x6f, 0xff, 0xff, 0xff, 0xff, 0xff, 0xff,
    0xe3, 0x0, 0x0, 0xef, 0xff, 0xff, 0xff, 0xff,
    0xff, 0xff, 0xfe, 0x10, 0x6, 0xff, 0xff, 0xfc,
    0x40, 0x3, 0xaf, 0xff, 0xff, 0x80, 0xc, 0xff,
    0xff, 0xa0, 0x0, 0x0, 0x7, 0xff, 0xff, 0xf0,
    0xf, 0xff, 0xff, 0x10, 0x0, 0x0, 0x0, 0xdf,
    0xff, 0xf3, 0x2f, 0xff, 0xfa, 0x0, 0x0, 0x0,
    0x0, 0x8f, 0xff, 0xf5, 0x3f, 0xff, 0xf8, 0x0,
    0x0, 0x0, 0x0, 0x6f, 0xff, 0xf6, 0x2f, 0xff,
    0xfa, 0x0, 0x0, 0x0, 0x0, 0x7f, 0xff, 0xf5,
    0xf, 0xff, 0xfe, 0x0, 0x0, 0x0, 0x0, 0xcf,
    0xff, 0xf2, 0xc, 0xff, 0xff, 0x90, 0x0, 0x0,
    0x5, 0xff, 0xff, 0xe0, 0x6, 0xff, 0xff, 0xfa,
    0x20, 0x1, 0x8f, 0xff, 0xff, 0x70, 0x0, 0xcf,
    0xff, 0xff, 0xfe, 0xef, 0xff, 0xff, 0xfd, 0x0,
    0x0, 0x2e, 0xff, 0xff, 0xff, 0xff, 0xff, 0xff,
    0xe2, 0x0, 0x0, 0x2, 0xdf, 0xff, 0xff, 0xff,
    0xff, 0xfd, 0x20, 0x0, 0x0, 0x0, 0x7, 0xef,
    0xff, 0xff, 0xfe, 0x70, 0x0, 0x0, 0x0, 0x0,
    0x0, 0x3, 0x67, 0x76, 0x30, 0x0, 0x0, 0x0,

    /* U+0037 "7" */
    0xdf, 0xff, 0xff, 0xff, 0xff, 0xff, 0xff, 0xff,
    0xff, 0xdf, 0xff, 0xff, 0xff, 0xff, 0xff, 0xff,
    0xff, 0xff, 0xdf, 0xff, 0xff, 0xff, 0xff, 0xff,
    0xff, 0xff, 0xff, 0xdf, 0xff, 0xff, 0xff, 0xff,
    0xff, 0xff, 0xff, 0xff, 0x45, 0x55, 0x55, 0x55,
    0x55, 0x55, 0x8f, 0xff, 0xfe, 0x0, 0x0, 0x0,
    0x0, 0x0, 0x0, 0xbf, 0xff, 0xf6, 0x0, 0x0,
    0x0, 0x0, 0x0, 0x4, 0xff, 0xff, 0xd0, 0x0,
    0x0, 0x0, 0x0, 0x0, 0xc, 0xff, 0xff, 0x50,
    0x0, 0x0, 0x0, 0x0, 0x0, 0x5f, 0xff, 0xfc,
    0x0, 0x0, 0x0, 0x0, 0x0, 0x0, 0xef, 0xff,
    0xf4, 0x0, 0x0, 0x0, 0x0, 0x0, 0x7, 0xff,
    0xff, 0xb0, 0x0, 0x0, 0x0, 0x0, 0x0, 0x1f,
    0xff, 0xff, 0x30, 0x0, 0x0, 0x0, 0x0, 0x0,
    0x9f, 0xff, 0xfa, 0x0, 0x0, 0x0, 0x0, 0x0,
    0x2, 0xff, 0xff, 0xf2, 0x0, 0x0, 0x0, 0x0,
    0x0, 0xa, 0xff, 0xff, 0x90, 0x0, 0x0, 0x0,
    0x0, 0x0, 0x3f, 0xff, 0xff, 0x10, 0x0, 0x0,
    0x0, 0x0, 0x0, 0xcf, 0xff, 0xf8, 0x0, 0x0,
    0x0, 0x0, 0x0, 0x5, 0xff, 0xff, 0xf1, 0x0,
    0x0, 0x0, 0x0, 0x0, 0xd, 0xff, 0xff, 0x70,
    0x0, 0x0, 0x0, 0x0, 0x0, 0x7f, 0xff, 0xfe,
    0x0, 0x0, 0x0, 0x0, 0x0, 0x1, 0xef, 0xff,
    0xf6, 0x0, 0x0, 0x0, 0x0, 0x0, 0x8, 0xff,
    0xff, 0xd0, 0x0, 0x0, 0x0, 0x0, 0x0, 0x2f,
    0xff, 0xff, 0x50, 0x0, 0x0, 0x0, 0x0, 0x0,
    0xaf, 0xff, 0xfd, 0x0, 0x0, 0x0, 0x0, 0x0,
    0x0, 0x6e, 0xff, 0xf4, 0x0, 0x0, 0x0, 0x0,
    0x0, 0x0, 0x0, 0x7e, 0xc0, 0x0, 0x0, 0x0,
    0x0, 0x0, 0x0, 0x0, 0x0, 0x20, 0x0, 0x0,
    0x0, 0x0, 0x0,

    /* U+0038 "8" */
    0x0, 0x0, 0x0, 0x3, 0x67, 0x75, 0x20, 0x0,
    0x0, 0x0, 0x0, 0x0, 0x7e, 0xff, 0xff, 0xff,
    0xc4, 0x0, 0x0, 0x0, 0x1, 0xcf, 0xff, 0xff,
    0xff, 0xff, 0xf8, 0x0, 0x0, 0x0, 0xcf, 0xff,
    0xff, 0xff, 0xff, 0xff, 0xf7, 0x0, 0x0, 0x7f,
    0xff, 0xff, 0xc9, 0xae, 0xff, 0xff, 0xf1, 0x0,
    0xd, 0xff, 0xff, 0x50, 0x0, 0xb, 0xff, 0xff,
    0x70, 0x1, 0xff, 0xff, 0x90, 0x0, 0x0, 0xe,
    0xff, 0xfb, 0x0, 0x3f, 0xff, 0xf4, 0x0, 0x0,
    0x0, 0xaf, 0xff, 0xd0, 0x3, 0xff, 0xff, 0x30,
    0x0, 0x0, 0x9, 0xff, 0xfd, 0x0, 0x1f, 0xff,
    0xf6, 0x0, 0x0, 0x0, 0xcf, 0xff, 0xa0, 0x0,
    0xbf, 0xff, 0xd0, 0x0, 0x0, 0x4f, 0xff, 0xf5,
    0x0, 0x3, 0xff, 0xff, 0xc3, 0x1, 0x6f, 0xff,
    0xfc, 0x0, 0x0, 0x5, 0xff, 0xff, 0xff, 0xff,
    0xff, 0xfd, 0x10, 0x0, 0x0, 0x4, 0xff, 0xff,
    0xff, 0xff, 0xfd, 0x10, 0x0, 0x0, 0x6, 0xff,
    0xff, 0xff, 0xff, 0xff, 0xfd, 0x20, 0x0, 0x8,
    0xff, 0xff, 0xfb, 0x99, 0xdf, 0xff, 0xff, 0x30,
    0x4, 0xff, 0xff, 0xd2, 0x0, 0x0, 0x5f, 0xff,
    0xfd, 0x0, 0xbf, 0xff, 0xf1, 0x0, 0x0, 0x0,
    0x7f, 0xff, 0xf5, 0xf, 0xff, 0xf9, 0x0, 0x0,
    0x0, 0x0, 0xff, 0xff, 0xa2, 0xff, 0xff, 0x80,
    0x0, 0x0, 0x0, 0xe, 0xff, 0xfc, 0x2f, 0xff,
    0xfa, 0x0, 0x0, 0x0, 0x0, 0xff, 0xff, 0xc0,
    0xff, 0xff, 0xf1, 0x0, 0x0, 0x0, 0x6f, 0xff,
    0xfa, 0xb, 0xff, 0xff, 0xd2, 0x0, 0x0, 0x6f,
    0xff, 0xff, 0x60, 0x4f, 0xff, 0xff, 0xfc, 0x9a,
    0xdf, 0xff, 0xff, 0xe0, 0x0, 0x8f, 0xff, 0xff,
    0xff, 0xff, 0xff, 0xff, 0xf3, 0x0, 0x0, 0x8f,
    0xff, 0xff, 0xff, 0xff, 0xff, 0xe3, 0x0, 0x0,
    0x0, 0x3b, 0xff, 0xff, 0xff, 0xfe, 0x81, 0x0,
    0x0, 0x0, 0x0, 0x1, 0x46, 0x77, 0x63, 0x0,
    0x0, 0x0,

    /* U+0039 "9" */
    0x0, 0x0, 0x0, 0x4, 0x67, 0x65, 0x10, 0x0,
    0x0, 0x0, 0x0, 0x2, 0xaf, 0xff, 0xff, 0xff,
    0xc4, 0x0, 0x0, 0x0, 0x5, 0xff, 0xff, 0xff,
    0xff, 0xff, 0xf9, 0x0, 0x0, 0x6, 0xff, 0xff,
    0xff, 0xff, 0xff, 0xff, 0xfa, 0x0, 0x3, 0xff,
    0xff, 0xff, 0xfe, 0xff, 0xff, 0xff, 0xf7, 0x0,
    0xcf, 0xff, 0xfe, 0x50, 0x0, 0x4d, 0xff, 0xff,
    0xe1, 0x3f, 0xff, 0xfe, 0x10, 0x0, 0x0, 0x1d,
    0xff, 0xff, 0x67, 0xff, 0xff, 0x60, 0x0, 0x0,
    0x0, 0x5f, 0xff, 0xfa, 0xaf, 0xff, 0xf1, 0x0,
    0x0, 0x0, 0x0, 0xff, 0xff, 0xcb, 0xff, 0xff,
    0x0, 0x0, 0x0, 0x0, 0xe, 0xff, 0xff, 0xaf,
    0xff, 0xf2, 0x0, 0x0, 0x0, 0x0, 0xff, 0xff,
    0xf8, 0xff, 0xff, 0x70, 0x0, 0x0, 0x0, 0x6f,
    0xff, 0xfa, 0x4f, 0xff, 0xff, 0x20, 0x0, 0x0,
    0x2e, 0xff, 0xff, 0x60, 0xdf, 0xff, 0xff, 0x71,
    0x1, 0x6e, 0xff, 0xff, 0xf1, 0x4, 0xff, 0xff,
    0xff, 0xff, 0xff, 0xff, 0xff, 0xf9, 0x0, 0x7,
    0xff, 0xff, 0xff, 0xff, 0xff, 0xff, 0xfe, 0x10,
    0x0, 0x5, 0xef, 0xff, 0xff, 0xff, 0xff, 0xff,
    0x60, 0x0, 0x0, 0x0, 0x6a, 0xcd, 0xcf, 0xff,
    0xff, 0xc0, 0x0, 0x0, 0x0, 0x0, 0x0, 0x8,
    0xff, 0xff, 0xf2, 0x0, 0x0, 0x0, 0x0, 0x0,
    0x4, 0xff, 0xff, 0xf6, 0x0, 0x0, 0x0, 0x0,
    0x0, 0x1, 0xef, 0xff, 0xfa, 0x0, 0x0, 0x0,
    0x0, 0x0, 0x0, 0xcf, 0xff, 0xfe, 0x10, 0x0,
    0x0, 0x0, 0x0, 0x0, 0x8f, 0xff, 0xff, 0x30,
    0x0, 0x0, 0x0, 0x0, 0x0, 0x4f, 0xff, 0xff,
    0x70, 0x0, 0x0, 0x0, 0x0, 0x0, 0x1e, 0xff,
    0xff, 0xc0, 0x0, 0x0, 0x0, 0x0, 0x0, 0x2,
    0xcf, 0xff, 0xe1, 0x0, 0x0, 0x0, 0x0, 0x0,
    0x0, 0x0, 0x8f, 0xf5, 0x0, 0x0, 0x0, 0x0,
    0x0, 0x0, 0x0, 0x0, 0x37, 0x0, 0x0, 0x0,
    0x0, 0x0,

    /* U+003A ":" */
    0x0, 0x9e, 0xe8, 0x0, 0xbf, 0xff, 0xf8, 0x1f,
    0xff, 0xff, 0xe1, 0xff, 0xff, 0xfe, 0xc, 0xff,
    0xff, 0x90, 0x1b, 0xff, 0x90, 0x0, 0x0, 0x0,
    0x0, 0x0, 0x0, 0x0, 0x0, 0x0, 0x0, 0x0,
    0x0, 0x0, 0x0, 0x0, 0x0, 0x0, 0x0, 0x0,
    0x0, 0x0, 0x0, 0x0, 0x0, 0x0, 0x1b, 0xff,
    0x90, 0xc, 0xff, 0xff, 0x91, 0xff, 0xff, 0xfe,
    0x1f, 0xff, 0xff, 0xe0, 0xbf, 0xff, 0xf8, 0x1,
    0x9e, 0xe8, 0x0,

    /* U+003B ";" */
    0x0, 0x3c, 0xfd, 0x40, 0x1, 0xef, 0xff, 0xf3,
    0x6, 0xff, 0xff, 0xf9, 0x6, 0xff, 0xff, 0xf9,
    0x1, 0xff, 0xff, 0xf4, 0x0, 0x4d, 0xfe, 0x60,
    0x0, 0x0, 0x0, 0x0, 0x0, 0x0, 0x0, 0x0,
    0x0, 0x0, 0x0, 0x0, 0x0, 0x0, 0x0, 0x0,
    0x0, 0x0, 0x0, 0x0, 0x0, 0x0, 0x0, 0x0,
    0x0, 0x0, 0x0, 0x0, 0x0, 0x5c, 0xd9, 0x10,
    0x5, 0xff, 0xff, 0xc0, 0xb, 0xff, 0xff, 0xf2,
    0xc, 0xff, 0xff, 0xf3, 0x6, 0xff, 0xff, 0xf0,
    0x0, 0x7f, 0xff, 0x70, 0x0, 0xcf, 0xfc, 0x0,
    0x8, 0xff, 0xf2, 0x0, 0x3f, 0xff, 0x60, 0x0,
    0x7, 0xfb, 0x0, 0x0, 0x0, 0x21, 0x0, 0x0,

    /* U+003C "<" */
    0x0, 0x0, 0x0, 0x0, 0x0, 0x0, 0x0, 0x0,
    0x0, 0x0, 0x0, 0x0, 0x0, 0x0, 0x0, 0x2,
    0x8d, 0x0, 0x0, 0x0, 0x0, 0x0, 0x0, 0x5b,
    0xff, 0xe0, 0x0, 0x0, 0x0, 0x0, 0x28, 0xef,
    0xff, 0xfe, 0x0, 0x0, 0x0, 0x5, 0xbf, 0xff,
    0xff, 0xff, 0xe0, 0x0, 0x2, 0x8e, 0xff, 0xff,
    0xff, 0xfe, 0x93, 0x0, 0x5b, 0xff, 0xff, 0xff,
    0xff, 0xb5, 0x0, 0x3, 0xef, 0xff, 0xff, 0xff,
    0xc6, 0x10, 0x0, 0x0, 0x4f, 0xff, 0xff, 0xe8,
    0x20, 0x0, 0x0, 0x0, 0x4, 0xff, 0xff, 0xf6,
    0x10, 0x0, 0x0, 0x0, 0x0, 0x4f, 0xff, 0xff,
    0xff, 0xa5, 0x0, 0x0, 0x0, 0x0, 0x7d, 0xff,
    0xff, 0xff, 0xfe, 0x93, 0x0, 0x0, 0x0, 0x3,
    0xaf, 0xff, 0xff, 0xff, 0xfd, 0x72, 0x0, 0x0,
    0x0, 0x17, 0xdf, 0xff, 0xff, 0xff, 0xfb, 0x0,
    0x0, 0x0, 0x0, 0x3a, 0xff, 0xff, 0xff, 0xe0,
    0x0, 0x0, 0x0, 0x0, 0x1, 0x7d, 0xff, 0xfe,
    0x0, 0x0, 0x0, 0x0, 0x0, 0x0, 0x4, 0xaf,
    0xe0, 0x0, 0x0, 0x0, 0x0, 0x0, 0x0, 0x0,
    0x16,

    /* U+003D "=" */
    0x8f, 0xff, 0xff, 0xff, 0xff, 0xff, 0xff, 0xff,
    0xf2, 0x8f, 0xff, 0xff, 0xff, 0xff, 0xff, 0xff,
    0xff, 0xf2, 0x8f, 0xff, 0xff, 0xff, 0xff, 0xff,
    0xff, 0xff, 0xf2, 0x8f, 0xff, 0xff, 0xff, 0xff,
    0xff, 0xff, 0xff, 0xf2, 0x0, 0x0, 0x0, 0x0,
    0x0, 0x0, 0x0, 0x0, 0x0, 0x0, 0x0, 0x0,
    0x0, 0x0, 0x0, 0x0, 0x0, 0x0, 0x0, 0x0,
    0x0, 0x0, 0x0, 0x0, 0x0, 0x0, 0x0, 0x8f,
    0xff, 0xff, 0xff, 0xff, 0xff, 0xff, 0xff, 0xf2,
    0x8f, 0xff, 0xff, 0xff, 0xff, 0xff, 0xff, 0xff,
    0xf2, 0x8f, 0xff, 0xff, 0xff, 0xff, 0xff, 0xff,
    0xff, 0xf2, 0x8f, 0xff, 0xff, 0xff, 0xff, 0xff,
    0xff, 0xff, 0xf2, 0x0, 0x0, 0x0, 0x0, 0x0,
    0x0, 0x0, 0x0, 0x0,

    /* U+003E ">" */
    0x0, 0x0, 0x0, 0x0, 0x0, 0x0, 0x0, 0x0,
    0x4, 0xc6, 0x0, 0x0, 0x0, 0x0, 0x0, 0x0,
    0x0, 0x4f, 0xff, 0x93, 0x0, 0x0, 0x0, 0x0,
    0x0, 0x4, 0xff, 0xff, 0xfc, 0x60, 0x0, 0x0,
    0x0, 0x0, 0x4f, 0xff, 0xff, 0xff, 0xf9, 0x30,
    0x0, 0x0, 0x0, 0x6c, 0xff, 0xff, 0xff, 0xff,
    0xc6, 0x0, 0x0, 0x0, 0x2, 0x8d, 0xff, 0xff,
    0xff, 0xff, 0x93, 0x0, 0x0, 0x0, 0x3, 0x9e,
    0xff, 0xff, 0xff, 0xfb, 0x0, 0x0, 0x0, 0x0,
    0x5, 0xaf, 0xff, 0xff, 0xe0, 0x0, 0x0, 0x0,
    0x0, 0x2, 0x9f, 0xff, 0xfe, 0x0, 0x0, 0x0,
    0x1, 0x6c, 0xff, 0xff, 0xff, 0xe0, 0x0, 0x0,
    0x5b, 0xff, 0xff, 0xff, 0xff, 0xb4, 0x0, 0x39,
    0xef, 0xff, 0xff, 0xff, 0xe8, 0x10, 0x2, 0xdf,
    0xff, 0xff, 0xff, 0xfb, 0x40, 0x0, 0x0, 0x4f,
    0xff, 0xff, 0xfe, 0x81, 0x0, 0x0, 0x0, 0x4,
    0xff, 0xff, 0xb4, 0x0, 0x0, 0x0, 0x0, 0x0,
    0x4f, 0xe8, 0x10, 0x0, 0x0, 0x0, 0x0, 0x0,
    0x2, 0x50, 0x0, 0x0, 0x0, 0x0, 0x0, 0x0,
    0x0,

    /* U+003F "?" */
    0x0, 0x0, 0x0, 0x36, 0x77, 0x52, 0x0, 0x0,
    0x0, 0x0, 0x18, 0xef, 0xff, 0xff, 0xfc, 0x40,
    0x0, 0x0, 0x3e, 0xff, 0xff, 0xff, 0xff, 0xff,
    0x90, 0x0, 0x2e, 0xff, 0xff, 0xff, 0xff, 0xff,
    0xff, 0x80, 0xc, 0xff, 0xff, 0xfd, 0xbd, 0xff,
    0xff, 0xff, 0x25, 0xff, 0xff, 0xf4, 0x0, 0x3,
    0xef, 0xff, 0xf7, 0x7e, 0xff, 0xf4, 0x0, 0x0,
    0x6, 0xff, 0xff, 0xb0, 0x4, 0x9a, 0x0, 0x0,
    0x0, 0x2f, 0xff, 0xfc, 0x0, 0x0, 0x0, 0x0,
    0x0, 0x3, 0xff, 0xff, 0xa0, 0x0, 0x0, 0x0,
    0x0, 0x0, 0xbf, 0xff, 0xf6, 0x0, 0x0, 0x0,
    0x0, 0x0, 0x8f, 0xff, 0xff, 0x0, 0x0, 0x0,
    0x0, 0x0, 0x9f, 0xff, 0xff, 0x60, 0x0, 0x0,
    0x0, 0x0, 0xaf, 0xff, 0xff, 0x80, 0x0, 0x0,
    0x0, 0x0, 0xaf, 0xff, 0xff, 0x70, 0x0, 0x0,
    0x0, 0x0, 0x4f, 0xff, 0xff, 0x60, 0x0, 0x0,
    0x0, 0x0, 0xb, 0xff, 0xff, 0x70, 0x0, 0x0,
    0x0, 0x0, 0x0, 0xdf, 0xff, 0xf0, 0x0, 0x0,
    0x0, 0x0, 0x0, 0xe, 0xff, 0xfe, 0x0, 0x0,
    0x0, 0x0, 0x0, 0x0, 0xef, 0xff, 0xe0, 0x0,
    0x0, 0x0, 0x0, 0x0, 0x0, 0x0, 0x0, 0x0,
    0x0, 0x0, 0x0, 0x0, 0x0, 0x0, 0x0, 0x0,
    0x0, 0x0, 0x0, 0x0, 0x0, 0x3, 0xbd, 0xb4,
    0x0, 0x0, 0x0, 0x0, 0x0, 0x3, 0xff, 0xff,
    0xf5, 0x0, 0x0, 0x0, 0x0, 0x0, 0xaf, 0xff,
    0xff, 0xd0, 0x0, 0x0, 0x0, 0x0, 0xc, 0xff,
    0xff, 0xff, 0x0, 0x0, 0x0, 0x0, 0x0, 0x8f,
    0xff, 0xff, 0xb0, 0x0, 0x0, 0x0, 0x0, 0x0,
    0xcf, 0xff, 0xd2, 0x0, 0x0, 0x0, 0x0, 0x0,
    0x0, 0x47, 0x50, 0x0, 0x0, 0x0,

    /* U+0040 "@" */
    0x0, 0x0, 0x0, 0x0, 0x0, 0x48, 0xbd, 0xee,
    0xdc, 0xa5, 0x10, 0x0, 0x0, 0x0, 0x0, 0x0,
    0x0, 0x0, 0x0, 0x8f, 0xff, 0xff, 0xff, 0xff,
    0xff, 0xfa, 0x20, 0x0, 0x0, 0x0, 0x0, 0x0,
    0x0, 0x5e, 0xff, 0xff, 0xff, 0xff, 0xff, 0xff,
    0xff, 0xf9, 0x0, 0x0, 0x0, 0x0, 0x0, 0x8,
    0xff, 0xff, 0xe9, 0x52, 0x10, 0x13, 0x7c, 0xff,
    0xff, 0xb1, 0x0, 0x0, 0x0, 0x0, 0x9f, 0xff,
    0xf7, 0x0, 0x0, 0x0, 0x0, 0x0, 0x3c, 0xff,
    0xfc, 0x0, 0x0, 0x0, 0x6, 0xff, 0xfd, 0x20,
    0x0, 0x0, 0x0, 0x0, 0x0, 0x0, 0x9f, 0xff,
    0x90, 0x0, 0x0, 0x2f, 0xff, 0xd1, 0x0, 0x0,
    0x0, 0x0, 0x0, 0x0, 0x0, 0x9, 0xff, 0xf4,
    0x0, 0x0, 0xaf, 0xff, 0x20, 0x0, 0x5, 0xbe,
    0xfe, 0xa3, 0x8, 0x87, 0x0, 0xcf, 0xfc, 0x0,
    0x2, 0xff, 0xf7, 0x0, 0x1, 0xcf, 0xff, 0xff,
    0xff, 0x7f, 0xfd, 0x0, 0x3f, 0xff, 0x40, 0x8,
    0xff, 0xe0, 0x0, 0xc, 0xff, 0xff, 0xff, 0xff,
    0xff, 0xfd, 0x0, 0xb, 0xff, 0x90, 0xc, 0xff,
    0x90, 0x0, 0x8f, 0xff, 0xc3, 0x1, 0x7f, 0xff,
    0xfd, 0x0, 0x6, 0xff, 0xd0, 0xf, 0xff, 0x40,
    0x0, 0xef, 0xfc, 0x0, 0x0, 0x4, 0xff, 0xfd,
    0x0, 0x1, 0xff, 0xf0, 0x1f, 0xff, 0x20, 0x4,
    0xff, 0xf4, 0x0, 0x0, 0x0, 0xbf, 0xfd, 0x0,
    0x0, 0xff, 0xf2, 0x3f, 0xff, 0x0, 0x6, 0xff,
    0xf0, 0x0, 0x0, 0x0, 0x6f, 0xfd, 0x0, 0x0,
    0xef, 0xf3, 0x3f, 0xff, 0x0, 0x7, 0xff, 0xe0,
    0x0, 0x0, 0x0, 0x5f, 0xfd, 0x0, 0x0, 0xdf,
    0xf4, 0x1f, 0xff, 0x10, 0x6, 0xff, 0xf0, 0x0,
    0x0, 0x0, 0x6f, 0xfd, 0x0, 0x0, 0xef, 0xf3,
    0xf, 0xff, 0x30, 0x4, 0xff, 0xf4, 0x0, 0x0,
    0x0, 0xbf, 0xfe, 0x0, 0x0, 0xff, 0xf1, 0xd,
    0xff, 0x80, 0x0, 0xff, 0xfd, 0x0, 0x0, 0x5,
    0xff, 0xff, 0x10, 0x5, 0xff, 0xe0, 0x9, 0xff,
    0xd0, 0x0, 0x8f, 0xff, 0xc4, 0x12, 0x8f, 0xff,
    0xff, 0xb2, 0x3e, 0xff, 0x90, 0x4, 0xff, 0xf5,
    0x0, 0xc, 0xff, 0xff, 0xff, 0xff, 0xfb, 0xff,
    0xff, 0xff, 0xff, 0x10, 0x0, 0xdf, 0xfd, 0x0,
    0x1, 0xcf, 0xff, 0xff, 0xff, 0xa0, 0x8f, 0xff,
    0xff, 0xf5, 0x0, 0x0, 0x5f, 0xff, 0xb0, 0x0,
    0x5, 0xbe, 0xfe, 0xa4, 0x0, 0x6, 0xcf, 0xeb,
    0x30, 0x0, 0x0, 0xa, 0xff, 0xfb, 0x0, 0x0,
    0x0, 0x0, 0x0, 0x0, 0x0, 0x0, 0x0, 0x0,
    0x0, 0x0, 0x0, 0xcf, 0xff, 0xd4, 0x0, 0x0,
    0x0, 0x0, 0x0, 0x0, 0x0, 0x0, 0x0, 0x0,
    0x0, 0x0, 0x1c, 0xff, 0xff, 0xc7, 0x31, 0x0,
    0x3, 0x69, 0x0, 0x0, 0x0, 0x0, 0x0, 0x0,
    0x0, 0x0, 0x9f, 0xff, 0xff, 0xff, 0xff, 0xff,
    0xff, 0x40, 0x0, 0x0, 0x0, 0x0, 0x0, 0x0,
    0x0, 0x3, 0xbf, 0xff, 0xff, 0xff, 0xff, 0xff,
    0xb0, 0x0, 0x0, 0x0, 0x0, 0x0, 0x0, 0x0,
    0x0, 0x2, 0x6a, 0xde, 0xff, 0xec, 0x94, 0x0,
    0x0, 0x0, 0x0, 0x0,

    /* U+0041 "A" */
    0x0, 0x0, 0x0, 0x0, 0x0, 0xff, 0xff, 0xf0,
    0x0, 0x0, 0x0, 0x0, 0x0, 0x0, 0x0, 0x0,
    0x0, 0x5f, 0xff, 0xff, 0x50, 0x0, 0x0, 0x0,
    0x0, 0x0, 0x0, 0x0, 0x0, 0xc, 0xff, 0xff,
    0xfb, 0x0, 0x0, 0x0, 0x0, 0x0, 0x0, 0x0,
    0x0, 0x2, 0xff, 0xff, 0xff, 0xf1, 0x0, 0x0,
    0x0, 0x0, 0x0, 0x0, 0x0, 0x0, 0x8f, 0xff,
    0xff, 0xff, 0x70, 0x0, 0x0, 0x0, 0x0, 0x0,
    0x0, 0x0, 0xe, 0xff, 0xff, 0xff, 0xfd, 0x0,
    0x0, 0x0, 0x0, 0x0, 0x0, 0x0, 0x4, 0xff,
    0xff, 0x7f, 0xff, 0xf3, 0x0, 0x0, 0x0, 0x0,
    0x0, 0x0, 0x0, 0xaf, 0xff, 0xd0, 0xff, 0xff,
    0x90, 0x0, 0x0, 0x0, 0x0, 0x0, 0x0, 0xf,
    0xff, 0xf8, 0xa, 0xff, 0xff, 0x0, 0x0, 0x0,
    0x0, 0x0, 0x0, 0x6, 0xff, 0xff, 0x30, 0x5f,
    0xff, 0xf5, 0x0, 0x0, 0x0, 0x0, 0x0, 0x0,
    0xcf, 0xff, 0xe0, 0x0, 0xff, 0xff, 0xc0, 0x0,
    0x0, 0x0, 0x0, 0x0, 0x2f, 0xff, 0xf8, 0x0,
    0xa, 0xff, 0xff, 0x20, 0x0, 0x0, 0x0, 0x0,
    0x8, 0xff, 0xff, 0x20, 0x0, 0x5f, 0xff, 0xf8,
    0x0, 0x0, 0x0, 0x0, 0x0, 0xef, 0xff, 0xd0,
    0x0, 0x0, 0xff, 0xff, 0xe0, 0x0, 0x0, 0x0,
    0x0, 0x4f, 0xff, 0xf7, 0x0, 0x0, 0xa, 0xff,
    0xff, 0x40, 0x0, 0x0, 0x0, 0xa, 0xff, 0xff,
    0x20, 0x0, 0x0, 0x4f, 0xff, 0xfa, 0x0, 0x0,
    0x0, 0x1, 0xff, 0xff, 0xfb, 0xbb, 0xbb, 0xbb,
    0xff, 0xff, 0xf0, 0x0, 0x0, 0x0, 0x6f, 0xff,
    0xff, 0xff, 0xff, 0xff, 0xff, 0xff, 0xff, 0x60,
    0x0, 0x0, 0xd, 0xff, 0xff, 0xff, 0xff, 0xff,
    0xff, 0xff, 0xff, 0xfc, 0x0, 0x0, 0x3, 0xff,
    0xff, 0xff, 0xff, 0xff, 0xff, 0xff, 0xff, 0xff,
    0xf2, 0x0, 0x0, 0x9f, 0xff, 0xf6, 0x0, 0x0,
    0x0, 0x0, 0x9, 0xff, 0xff, 0x80, 0x0, 0xe,
    0xff, 0xff, 0x10, 0x0, 0x0, 0x0, 0x0, 0x3f,
    0xff, 0xfe, 0x0, 0x5, 0xff, 0xff, 0xb0, 0x0,
    0x0, 0x0, 0x0, 0x0, 0xef, 0xff, 0xf4, 0x0,
    0xbf, 0xff, 0xf5, 0x0, 0x0, 0x0, 0x0, 0x0,
    0x8, 0xff, 0xff, 0xa0, 0x1f, 0xff, 0xff, 0x0,
    0x0, 0x0, 0x0, 0x0, 0x0, 0x3f, 0xff, 0xff,
    0x17, 0xff, 0xff, 0xa0, 0x0, 0x0, 0x0, 0x0,
    0x0, 0x0, 0xdf, 0xff, 0xf6,

    /* U+0042 "B" */
    0x4f, 0xff, 0xff, 0xff, 0xff, 0xff, 0xea, 0x50,
    0x0, 0x0, 0x4f, 0xff, 0xff, 0xff, 0xff, 0xff,
    0xff, 0xfc, 0x20, 0x0, 0x4f, 0xff, 0xff, 0xff,
    0xff, 0xff, 0xff, 0xff, 0xe2, 0x0, 0x4f, 0xff,
    0xff, 0xff, 0xff, 0xff, 0xff, 0xff, 0xfc, 0x0,
    0x4f, 0xff, 0xf9, 0x11, 0x11, 0x13, 0xaf, 0xff,
    0xff, 0x40, 0x4f, 0xff, 0xf8, 0x0, 0x0, 0x0,
    0xa, 0xff, 0xff, 0x80, 0x4f, 0xff, 0xf8, 0x0,
    0x0, 0x0, 0x2, 0xff, 0xff, 0xa0, 0x4f, 0xff,
    0xf8, 0x0, 0x0, 0x0, 0x0, 0xff, 0xff, 0xa0,
    0x4f, 0xff, 0xf8, 0x0, 0x0, 0x0, 0x2, 0xff,
    0xff, 0x70, 0x4f, 0xff, 0xf8, 0x0, 0x0, 0x0,
    0x9, 0xff, 0xff, 0x20, 0x4f, 0xff, 0xf8, 0x0,
    0x0, 0x2, 0xaf, 0xff, 0xf8, 0x0, 0x4f, 0xff,
    0xff, 0xff, 0xff, 0xff, 0xff, 0xff, 0x90, 0x0,
    0x4f, 0xff, 0xff, 0xff, 0xff, 0xff, 0xff, 0xf7,
    0x0, 0x0, 0x4f, 0xff, 0xff, 0xff, 0xff, 0xff,
    0xff, 0xff, 0xb1, 0x0, 0x4f, 0xff, 0xfc, 0x99,
    0x99, 0x9a, 0xef, 0xff, 0xfe, 0x10, 0x4f, 0xff,
    0xf8, 0x0, 0x0, 0x0, 0x9, 0xff, 0xff, 0xb0,
    0x4f, 0xff, 0xf8, 0x0, 0x0, 0x0, 0x0, 0xbf,
    0xff, 0xf3, 0x4f, 0xff, 0xf8, 0x0, 0x0, 0x0,
    0x0, 0x5f, 0xff, 0xf7, 0x4f, 0xff, 0xf8, 0x0,
    0x0, 0x0, 0x0, 0x4f, 0xff, 0xf9, 0x4f, 0xff,
    0xf8, 0x0, 0x0, 0x0, 0x0, 0x7f, 0xff, 0xf8,
    0x4f, 0xff, 0xf8, 0x0, 0x0, 0x0, 0x1, 0xef,
    0xff, 0xf5, 0x4f, 0xff, 0xf8, 0x0, 0x0, 0x0,
    0x4d, 0xff, 0xff, 0xf0, 0x4f, 0xff, 0xff, 0xff,
    0xff, 0xff, 0xff, 0xff, 0xff, 0x70, 0x4f, 0xff,
    0xff, 0xff, 0xff, 0xff, 0xff, 0xff, 0xfa, 0x0,
    0x4f, 0xff, 0xff, 0xff, 0xff, 0xff, 0xff, 0xff,
    0x80, 0x0, 0x4f, 0xff, 0xff, 0xff, 0xff, 0xff,
    0xfd, 0x92, 0x0, 0x0,

    /* U+0043 "C" */
    0x0, 0x0, 0x0, 0x0, 0x0, 0x14, 0x67, 0x76,
    0x30, 0x0, 0x0, 0x0, 0x0, 0x0, 0x0, 0x0,
    0x18, 0xdf, 0xff, 0xff, 0xff, 0xfa, 0x30, 0x0,
    0x0, 0x0, 0x0, 0x0, 0x7f, 0xff, 0xff, 0xff,
    0xff, 0xff, 0xff, 0xa1, 0x0, 0x0, 0x0, 0x1,
    0xbf, 0xff, 0xff, 0xff, 0xff, 0xff, 0xff, 0xff,
    0xe2, 0x0, 0x0, 0x1, 0xdf, 0xff, 0xff, 0xff,
    0xff, 0xff, 0xff, 0xff, 0xff, 0xe2, 0x0, 0x0,
    0xcf, 0xff, 0xff, 0xfb, 0x73, 0x22, 0x48, 0xef,
    0xff, 0xfc, 0x0, 0x0, 0x8f, 0xff, 0xff, 0xd3,
    0x0, 0x0, 0x0, 0x0, 0x8f, 0xfc, 0x0, 0x0,
    0x1f, 0xff, 0xff, 0xb0, 0x0, 0x0, 0x0, 0x0,
    0x0, 0x6c, 0x0, 0x0, 0x9, 0xff, 0xff, 0xd0,
    0x0, 0x0, 0x0, 0x0, 0x0, 0x0, 0x0, 0x0,
    0x0, 0xef, 0xff, 0xf4, 0x0, 0x0, 0x0, 0x0,
    0x0, 0x0, 0x0, 0x0, 0x0, 0x3f, 0xff, 0xfc,
    0x0, 0x0, 0x0, 0x0, 0x0, 0x0, 0x0, 0x0,
    0x0, 0x6, 0xff, 0xff, 0x70, 0x0, 0x0, 0x0,
    0x0, 0x0, 0x0, 0x0, 0x0, 0x0, 0x8f, 0xff,
    0xf4, 0x0, 0x0, 0x0, 0x0, 0x0, 0x0, 0x0,
    0x0, 0x0, 0x9, 0xff, 0xff, 0x30, 0x0, 0x0,
    0x0, 0x0, 0x0, 0x0, 0x0, 0x0, 0x0, 0x9f,
    0xff, 0xf3, 0x0, 0x0, 0x0, 0x0, 0x0, 0x0,
    0x0, 0x0, 0x0, 0x7, 0xff, 0xff, 0x50, 0x0,
    0x0, 0x0, 0x0, 0x0, 0x0, 0x0, 0x0, 0x0,
    0x6f, 0xff, 0xf8, 0x0, 0x0, 0x0, 0x0, 0x0,
    0x0, 0x0, 0x0, 0x0, 0x2, 0xff, 0xff, 0xd0,
    0x0, 0x0, 0x0, 0x0, 0x0, 0x0, 0x0, 0x0,
    0x0, 0xe, 0xff, 0xff, 0x40, 0x0, 0x0, 0x0,
    0x0, 0x0, 0x0, 0x0, 0x0, 0x0, 0x8f, 0xff,
    0xfd, 0x10, 0x0, 0x0, 0x0, 0x0, 0x0, 0x3,
    0x0, 0x0, 0x1, 0xff, 0xff, 0xfc, 0x10, 0x0,
    0x0, 0x0, 0x0, 0x4, 0xfb, 0x0, 0x0, 0x8,
    0xff, 0xff, 0xfd, 0x30, 0x0, 0x0, 0x0, 0x8,
    0xff, 0xfb, 0x0, 0x0, 0xb, 0xff, 0xff, 0xff,
    0xb6, 0x32, 0x24, 0x8e, 0xff, 0xff, 0xfb, 0x0,
    0x0, 0x1d, 0xff, 0xff, 0xff, 0xff, 0xff, 0xff,
    0xff, 0xff, 0xff, 0x60, 0x0, 0x0, 0xb, 0xff,
    0xff, 0xff, 0xff, 0xff, 0xff, 0xff, 0xff, 0x50,
    0x0, 0x0, 0x0, 0x7, 0xef, 0xff, 0xff, 0xff,
    0xff, 0xff, 0xfc, 0x20, 0x0, 0x0, 0x0, 0x0,
    0x1, 0x8d, 0xff, 0xff, 0xff, 0xff, 0xb5, 0x0,
    0x0, 0x0, 0x0, 0x0, 0x0, 0x0, 0x1, 0x46,
    0x77, 0x63, 0x0, 0x0, 0x0, 0x0,

    /* U+0044 "D" */
    0x4f, 0xff, 0xff, 0xff, 0xff, 0xed, 0xa6, 0x20,
    0x0, 0x0, 0x0, 0x4, 0xff, 0xff, 0xff, 0xff,
    0xff, 0xff, 0xff, 0xb3, 0x0, 0x0, 0x0, 0x4f,
    0xff, 0xff, 0xff, 0xff, 0xff, 0xff, 0xff, 0xf8,
    0x0, 0x0, 0x4, 0xff, 0xff, 0xff, 0xff, 0xff,
    0xff, 0xff, 0xff, 0xfb, 0x0, 0x0, 0x4f, 0xff,
    0xfb, 0x77, 0x77, 0x8b, 0xff, 0xff, 0xff, 0xf9,
    0x0, 0x4, 0xff, 0xff, 0x80, 0x0, 0x0, 0x0,
    0x7e, 0xff, 0xff, 0xf6, 0x0, 0x4f, 0xff, 0xf8,
    0x0, 0x0, 0x0, 0x0, 0x2d, 0xff, 0xff, 0xe0,
    0x4, 0xff, 0xff, 0x80, 0x0, 0x0, 0x0, 0x0,
    0x2e, 0xff, 0xff, 0x60, 0x4f, 0xff, 0xf8, 0x0,
    0x0, 0x0, 0x0, 0x0, 0x6f, 0xff, 0xfc, 0x4,
    0xff, 0xff, 0x80, 0x0, 0x0, 0x0, 0x0, 0x0,
    0xff, 0xff, 0xf0, 0x4f, 0xff, 0xf8, 0x0, 0x0,
    0x0, 0x0, 0x0, 0xb, 0xff, 0xff, 0x34, 0xff,
    0xff, 0x80, 0x0, 0x0, 0x0, 0x0, 0x0, 0x8f,
    0xff, 0xf5, 0x4f, 0xff, 0xf8, 0x0, 0x0, 0x0,
    0x0, 0x0, 0x7, 0xff, 0xff, 0x64, 0xff, 0xff,
    0x80, 0x0, 0x0, 0x0, 0x0, 0x0, 0x7f, 0xff,
    0xf6, 0x4f, 0xff, 0xf8, 0x0, 0x0, 0x0, 0x0,
    0x0, 0x8, 0xff, 0xff, 0x54, 0xff, 0xff, 0x80,
    0x0, 0x0, 0x0, 0x0, 0x0, 0xbf, 0xff, 0xf3,
    0x4f, 0xff, 0xf8, 0x0, 0x0, 0x0, 0x0, 0x0,
    0xf, 0xff, 0xff, 0x4, 0xff, 0xff, 0x80, 0x0,
    0x0, 0x0, 0x0, 0x6, 0xff, 0xff, 0xb0, 0x4f,
    0xff, 0xf8, 0x0, 0x0, 0x0, 0x0, 0x1, 0xef,
    0xff, 0xf6, 0x4, 0xff, 0xff, 0x80, 0x0, 0x0,
    0x0, 0x1, 0xcf, 0xff, 0xfe, 0x0, 0x4f, 0xff,
    0xf8, 0x0, 0x0, 0x0, 0x5, 0xef, 0xff, 0xff,
    0x60, 0x4, 0xff, 0xff, 0xa5, 0x55, 0x56, 0x9d,
    0xff, 0xff, 0xff, 0x90, 0x0, 0x4f, 0xff, 0xff,
    0xff, 0xff, 0xff, 0xff, 0xff, 0xff, 0xb0, 0x0,
    0x4, 0xff, 0xff, 0xff, 0xff, 0xff, 0xff, 0xff,
    0xff, 0x80, 0x0, 0x0, 0x4f, 0xff, 0xff, 0xff,
    0xff, 0xff, 0xff, 0xfb, 0x30, 0x0, 0x0, 0x4,
    0xff, 0xff, 0xff, 0xff, 0xfe, 0xda, 0x62, 0x0,
    0x0, 0x0, 0x0,

    /* U+0045 "E" */
    0x4f, 0xff, 0xff, 0xff, 0xff, 0xff, 0xff, 0xff,
    0x54, 0xff, 0xff, 0xff, 0xff, 0xff, 0xff, 0xff,
    0xf5, 0x4f, 0xff, 0xff, 0xff, 0xff, 0xff, 0xff,
    0xff, 0x54, 0xff, 0xff, 0xff, 0xff, 0xff, 0xff,
    0xff, 0xf5, 0x4f, 0xff, 0xfb, 0x77, 0x77, 0x77,
    0x77, 0x77, 0x24, 0xff, 0xff, 0x70, 0x0, 0x0,
    0x0, 0x0, 0x0, 0x4f, 0xff, 0xf7, 0x0, 0x0,
    0x0, 0x0, 0x0, 0x4, 0xff, 0xff, 0x70, 0x0,
    0x0, 0x0, 0x0, 0x0, 0x4f, 0xff, 0xf7, 0x0,
    0x0, 0x0, 0x0, 0x0, 0x4, 0xff, 0xff, 0x70,
    0x0, 0x0, 0x0, 0x0, 0x0, 0x4f, 0xff, 0xf7,
    0x0, 0x0, 0x0, 0x0, 0x0, 0x4, 0xff, 0xff,
    0xff, 0xff, 0xff, 0xff, 0xff, 0xc0, 0x4f, 0xff,
    0xff, 0xff, 0xff, 0xff, 0xff, 0xfc, 0x4, 0xff,
    0xff, 0xff, 0xff, 0xff, 0xff, 0xff, 0xc0, 0x4f,
    0xff, 0xff, 0xff, 0xff, 0xff, 0xff, 0xfc, 0x4,
    0xff, 0xff, 0x70, 0x0, 0x0, 0x0, 0x0, 0x0,
    0x4f, 0xff, 0xf7, 0x0, 0x0, 0x0, 0x0, 0x0,
    0x4, 0xff, 0xff, 0x70, 0x0, 0x0, 0x0, 0x0,
    0x0, 0x4f, 0xff, 0xf7, 0x0, 0x0, 0x0, 0x0,
    0x0, 0x4, 0xff, 0xff, 0x70, 0x0, 0x0, 0x0,
    0x0, 0x0, 0x4f, 0xff, 0xf7, 0x0, 0x0, 0x0,
    0x0, 0x0, 0x4, 0xff, 0xff, 0xb7, 0x77, 0x77,
    0x77, 0x77, 0x74, 0x4f, 0xff, 0xff, 0xff, 0xff,
    0xff, 0xff, 0xff, 0x94, 0xff, 0xff, 0xff, 0xff,
    0xff, 0xff, 0xff, 0xf9, 0x4f, 0xff, 0xff, 0xff,
    0xff, 0xff, 0xff, 0xff, 0x94, 0xff, 0xff, 0xff,
    0xff, 0xff, 0xff, 0xff, 0xf9,

    /* U+0046 "F" */
    0x4f, 0xff, 0xff, 0xff, 0xff, 0xff, 0xff, 0xff,
    0x4, 0xff, 0xff, 0xff, 0xff, 0xff, 0xff, 0xff,
    0xf0, 0x4f, 0xff, 0xff, 0xff, 0xff, 0xff, 0xff,
    0xff, 0x4, 0xff, 0xff, 0xff, 0xff, 0xff, 0xff,
    0xff, 0xf0, 0x4f, 0xff, 0xfc, 0x77, 0x77, 0x77,
    0x77, 0x77, 0x4, 0xff, 0xff, 0x90, 0x0, 0x0,
    0x0, 0x0, 0x0, 0x4f, 0xff, 0xf9, 0x0, 0x0,
    0x0, 0x0, 0x0, 0x4, 0xff, 0xff, 0x90, 0x0,
    0x0, 0x0, 0x0, 0x0, 0x4f, 0xff, 0xf9, 0x0,
    0x0, 0x0, 0x0, 0x0, 0x4, 0xff, 0xff, 0x90,
    0x0, 0x0, 0x0, 0x0, 0x0, 0x4f, 0xff, 0xf9,
    0x0, 0x0, 0x0, 0x0, 0x0, 0x4, 0xff, 0xff,
    0xa3, 0x33, 0x33, 0x33, 0x33, 0x20, 0x4f, 0xff,
    0xff, 0xff, 0xff, 0xff, 0xff, 0xf8, 0x4, 0xff,
    0xff, 0xff, 0xff, 0xff, 0xff, 0xff, 0x80, 0x4f,
    0xff, 0xff, 0xff, 0xff, 0xff, 0xff, 0xf8, 0x4,
    0xff, 0xff, 0xff, 0xff, 0xff, 0xff, 0xff, 0x80,
    0x4f, 0xff, 0xf9, 0x0, 0x0, 0x0, 0x0, 0x0,
    0x4, 0xff, 0xff, 0x90, 0x0, 0x0, 0x0, 0x0,
    0x0, 0x4f, 0xff, 0xf9, 0x0, 0x0, 0x0, 0x0,
    0x0, 0x4, 0xff, 0xff, 0x90, 0x0, 0x0, 0x0,
    0x0, 0x0, 0x4f, 0xff, 0xf9, 0x0, 0x0, 0x0,
    0x0, 0x0, 0x4, 0xff, 0xff, 0x90, 0x0, 0x0,
    0x0, 0x0, 0x0, 0x4f, 0xff, 0xf9, 0x0, 0x0,
    0x0, 0x0, 0x0, 0x4, 0xff, 0xff, 0x90, 0x0,
    0x0, 0x0, 0x0, 0x0, 0x4f, 0xff, 0xf9, 0x0,
    0x0, 0x0, 0x0, 0x0, 0x4, 0xff, 0xff, 0x90,
    0x0, 0x0, 0x0, 0x0, 0x0,

    /* U+0047 "G" */
    0x0, 0x0, 0x0, 0x0, 0x0, 0x25, 0x77, 0x76,
    0x41, 0x0, 0x0, 0x0, 0x0, 0x0, 0x0, 0x0,
    0x0, 0x18, 0xdf, 0xff, 0xff, 0xff, 0xfc, 0x50,
    0x0, 0x0, 0x0, 0x0, 0x0, 0x0, 0x8f, 0xff,
    0xff, 0xff, 0xff, 0xff, 0xff, 0xd3, 0x0, 0x0,
    0x0, 0x0, 0x1, 0xcf, 0xff, 0xff, 0xff, 0xff,
    0xff, 0xff, 0xff, 0xf6, 0x0, 0x0, 0x0, 0x1,
    0xdf, 0xff, 0xff, 0xff, 0xff, 0xff, 0xff, 0xff,
    0xff, 0xf2, 0x0, 0x0, 0x0, 0xcf, 0xff, 0xff,
    0xfa, 0x52, 0x0, 0x26, 0xbf, 0xff, 0xf5, 0x0,
    0x0, 0x0, 0x8f, 0xff, 0xff, 0xc2, 0x0, 0x0,
    0x0, 0x0, 0x4e, 0xf6, 0x0, 0x0, 0x0, 0x2f,
    0xff, 0xff, 0xa0, 0x0, 0x0, 0x0, 0x0, 0x0,
    0x15, 0x0, 0x0, 0x0, 0x9, 0xff, 0xff, 0xc0,
    0x0, 0x0, 0x0, 0x0, 0x0, 0x0, 0x0, 0x0,
    0x0, 0x0, 0xef, 0xff, 0xf3, 0x0, 0x0, 0x0,
    0x0, 0x0, 0x0, 0x0, 0x0, 0x0, 0x0, 0x3f,
    0xff, 0xfc, 0x0, 0x0, 0x0, 0x0, 0x0, 0x0,
    0x0, 0x0, 0x0, 0x0, 0x6, 0xff, 0xff, 0x70,
    0x0, 0x0, 0x0, 0x0, 0x0, 0x0, 0x0, 0x0,
    0x0, 0x0, 0x8f, 0xff, 0xf4, 0x0, 0x0, 0x0,
    0x6, 0xff, 0xff, 0xff, 0xff, 0xff, 0xff, 0x69,
    0xff, 0xff, 0x30, 0x0, 0x0, 0x0, 0x6f, 0xff,
    0xff, 0xff, 0xff, 0xff, 0xf7, 0x9f, 0xff, 0xf3,
    0x0, 0x0, 0x0, 0x6, 0xff, 0xff, 0xff, 0xff,
    0xff, 0xff, 0x78, 0xff, 0xff, 0x40, 0x0, 0x0,
    0x0, 0x6f, 0xff, 0xff, 0xff, 0xff, 0xff, 0xf7,
    0x6f, 0xff, 0xf7, 0x0, 0x0, 0x0, 0x2, 0x55,
    0x55, 0x55, 0x57, 0xff, 0xff, 0x53, 0xff, 0xff,
    0xc0, 0x0, 0x0, 0x0, 0x0, 0x0, 0x0, 0x0,
    0x5f, 0xff, 0xf3, 0xe, 0xff, 0xff, 0x30, 0x0,
    0x0, 0x0, 0x0, 0x0, 0x0, 0xa, 0xff, 0xff,
    0x0, 0x8f, 0xff, 0xfc, 0x0, 0x0, 0x0, 0x0,
    0x0, 0x0, 0x2, 0xff, 0xff, 0xb0, 0x2, 0xff,
    0xff, 0xfa, 0x0, 0x0, 0x0, 0x0, 0x0, 0x0,
    0xdf, 0xff, 0xf5, 0x0, 0x8, 0xff, 0xff, 0xfb,
    0x10, 0x0, 0x0, 0x0, 0x2, 0xdf, 0xff, 0xfd,
    0x0, 0x0, 0xc, 0xff, 0xff, 0xff, 0x93, 0x0,
    0x0, 0x49, 0xff, 0xff, 0xff, 0x30, 0x0, 0x0,
    0x1d, 0xff, 0xff, 0xff, 0xff, 0xff, 0xff, 0xff,
    0xff, 0xff, 0x60, 0x0, 0x0, 0x0, 0x1c, 0xff,
    0xff, 0xff, 0xff, 0xff, 0xff, 0xff, 0xff, 0x60,
    0x0, 0x0, 0x0, 0x0, 0x7, 0xff, 0xff, 0xff,
    0xff, 0xff, 0xff, 0xfd, 0x30, 0x0, 0x0, 0x0,
    0x0, 0x0, 0x1, 0x8e, 0xff, 0xff, 0xff, 0xff,
    0xc5, 0x0, 0x0, 0x0, 0x0, 0x0, 0x0, 0x0,
    0x0, 0x2, 0x57, 0x77, 0x64, 0x10, 0x0, 0x0,
    0x0, 0x0,

    /* U+0048 "H" */
    0x4f, 0xff, 0xf8, 0x0, 0x0, 0x0, 0x0, 0x0,
    0x3f, 0xff, 0xf9, 0x4f, 0xff, 0xf8, 0x0, 0x0,
    0x0, 0x0, 0x0, 0x3f, 0xff, 0xf9, 0x4f, 0xff,
    0xf8, 0x0, 0x0, 0x0, 0x0, 0x0, 0x3f, 0xff,
    0xf9, 0x4f, 0xff, 0xf8, 0x0, 0x0, 0x0, 0x0,
    0x0, 0x3f, 0xff, 0xf9, 0x4f, 0xff, 0xf8, 0x0,
    0x0, 0x0, 0x0, 0x0, 0x3f, 0xff, 0xf9, 0x4f,
    0xff, 0xf8, 0x0, 0x0, 0x0, 0x0, 0x0, 0x3f,
    0xff, 0xf9, 0x4f, 0xff, 0xf8, 0x0, 0x0, 0x0,
    0x0, 0x0, 0x3f, 0xff, 0xf9, 0x4f, 0xff, 0xf8,
    0x0, 0x0, 0x0, 0x0, 0x0, 0x3f, 0xff, 0xf9,
    0x4f, 0xff, 0xf8, 0x0, 0x0, 0x0, 0x0, 0x0,
    0x3f, 0xff, 0xf9, 0x4f, 0xff, 0xf8, 0x0, 0x0,
    0x0, 0x0, 0x0, 0x3f, 0xff, 0xf9, 0x4f, 0xff,
    0xfc, 0x77, 0x77, 0x77, 0x77, 0x77, 0x9f, 0xff,
    0xf9, 0x4f, 0xff, 0xff, 0xff, 0xff, 0xff, 0xff,
    0xff, 0xff, 0xff, 0xf9, 0x4f, 0xff, 0xff, 0xff,
    0xff, 0xff, 0xff, 0xff, 0xff, 0xff, 0xf9, 0x4f,
    0xff, 0xff, 0xff, 0xff, 0xff, 0xff, 0xff, 0xff,
    0xff, 0xf9, 0x4f, 0xff, 0xff, 0xff, 0xff, 0xff,
    0xff, 0xff, 0xff, 0xff, 0xf9, 0x4f, 0xff, 0xf8,
    0x0, 0x0, 0x0, 0x0, 0x0, 0x3f, 0xff, 0xf9,
    0x4f, 0xff, 0xf8, 0x0, 0x0, 0x0, 0x0, 0x0,
    0x3f, 0xff, 0xf9, 0x4f, 0xff, 0xf8, 0x0, 0x0,
    0x0, 0x0, 0x0, 0x3f, 0xff, 0xf9, 0x4f, 0xff,
    0xf8, 0x0, 0x0, 0x0, 0x0, 0x0, 0x3f, 0xff,
    0xf9, 0x4f, 0xff, 0xf8, 0x0, 0x0, 0x0, 0x0,
    0x0, 0x3f, 0xff, 0xf9, 0x4f, 0xff, 0xf8, 0x0,
    0x0, 0x0, 0x0, 0x0, 0x3f, 0xff, 0xf9, 0x4f,
    0xff, 0xf8, 0x0, 0x0, 0x0, 0x0, 0x0, 0x3f,
    0xff, 0xf9, 0x4f, 0xff, 0xf8, 0x0, 0x0, 0x0,
    0x0, 0x0, 0x3f, 0xff, 0xf9, 0x4f, 0xff, 0xf8,
    0x0, 0x0, 0x0, 0x0, 0x0, 0x3f, 0xff, 0xf9,
    0x4f, 0xff, 0xf8, 0x0, 0x0, 0x0, 0x0, 0x0,
    0x3f, 0xff, 0xf9, 0x4f, 0xff, 0xf8, 0x0, 0x0,
    0x0, 0x0, 0x0, 0x3f, 0xff, 0xf9,

    /* U+0049 "I" */
    0x4f, 0xff, 0xf9, 0x4f, 0xff, 0xf9, 0x4f, 0xff,
    0xf9, 0x4f, 0xff, 0xf9, 0x4f, 0xff, 0xf9, 0x4f,
    0xff, 0xf9, 0x4f, 0xff, 0xf9, 0x4f, 0xff, 0xf9,
    0x4f, 0xff, 0xf9, 0x4f, 0xff, 0xf9, 0x4f, 0xff,
    0xf9, 0x4f, 0xff, 0xf9, 0x4f, 0xff, 0xf9, 0x4f,
    0xff, 0xf9, 0x4f, 0xff, 0xf9, 0x4f, 0xff, 0xf9,
    0x4f, 0xff, 0xf9, 0x4f, 0xff, 0xf9, 0x4f, 0xff,
    0xf9, 0x4f, 0xff, 0xf9, 0x4f, 0xff, 0xf9, 0x4f,
    0xff, 0xf9, 0x4f, 0xff, 0xf9, 0x4f, 0xff, 0xf9,
    0x4f, 0xff, 0xf9, 0x4f, 0xff, 0xf9,

    /* U+004A "J" */
    0x0, 0x0, 0x0, 0x0, 0x0, 0x0, 0x1f, 0xff,
    0xfa, 0x0, 0x0, 0x0, 0x0, 0x0, 0x0, 0x1f,
    0xff, 0xfa, 0x0, 0x0, 0x0, 0x0, 0x0, 0x0,
    0x1f, 0xff, 0xfa, 0x0, 0x0, 0x0, 0x0, 0x0,
    0x0, 0x1f, 0xff, 0xfa, 0x0, 0x0, 0x0, 0x0,
    0x0, 0x0, 0x1f, 0xff, 0xfa, 0x0, 0x0, 0x0,
    0x0, 0x0, 0x0, 0x1f, 0xff, 0xfa, 0x0, 0x0,
    0x0, 0x0, 0x0, 0x0, 0x1f, 0xff, 0xfa, 0x0,
    0x0, 0x0, 0x0, 0x0, 0x0, 0x1f, 0xff, 0xfa,
    0x0, 0x0, 0x0, 0x0, 0x0, 0x0, 0x1f, 0xff,
    0xfa, 0x0, 0x0, 0x0, 0x0, 0x0, 0x0, 0x1f,
    0xff, 0xfa, 0x0, 0x0, 0x0, 0x0, 0x0, 0x0,
    0x1f, 0xff, 0xfa, 0x0, 0x0, 0x0, 0x0, 0x0,
    0x0, 0x1f, 0xff, 0xfa, 0x0, 0x0, 0x0, 0x0,
    0x0, 0x0, 0x1f, 0xff, 0xfa, 0x0, 0x0, 0x0,
    0x0, 0x0, 0x0, 0x1f, 0xff, 0xfa, 0x0, 0x0,
    0x0, 0x0, 0x0, 0x0, 0x1f, 0xff, 0xfa, 0x0,
    0x0, 0x0, 0x0, 0x0, 0x0, 0x1f, 0xff, 0xfa,
    0x0, 0x0, 0x0, 0x0, 0x0, 0x0, 0x1f, 0xff,
    0xfa, 0x0, 0x0, 0x0, 0x0, 0x0, 0x0, 0x1f,
    0xff, 0xfa, 0x0, 0x3, 0x70, 0x0, 0x0, 0x0,
    0x2f, 0xff, 0xf9, 0x6, 0xcf, 0xf3, 0x0, 0x0,
    0x0, 0x6f, 0xff, 0xf8, 0x4f, 0xff, 0xfc, 0x0,
    0x0, 0x0, 0xdf, 0xff, 0xf4, 0xd, 0xff, 0xff,
    0xc3, 0x0, 0x4c, 0xff, 0xff, 0xf0, 0x4, 0xff,
    0xff, 0xff, 0xff, 0xff, 0xff, 0xff, 0x80, 0x0,
    0x8f, 0xff, 0xff, 0xff, 0xff, 0xff, 0xfc, 0x0,
    0x0, 0x8, 0xff, 0xff, 0xff, 0xff, 0xff, 0xc1,
    0x0, 0x0, 0x0, 0x4c, 0xff, 0xff, 0xff, 0xe7,
    0x0, 0x0, 0x0, 0x0, 0x0, 0x25, 0x77, 0x63,
    0x0, 0x0, 0x0,

    /* U+004B "K" */
    0x4f, 0xff, 0xf8, 0x0, 0x0, 0x0, 0x0, 0x1d,
    0xff, 0xff, 0xf2, 0x4, 0xff, 0xff, 0x80, 0x0,
    0x0, 0x0, 0xb, 0xff, 0xff, 0xf4, 0x0, 0x4f,
    0xff, 0xf8, 0x0, 0x0, 0x0, 0x9, 0xff, 0xff,
    0xf5, 0x0, 0x4, 0xff, 0xff, 0x80, 0x0, 0x0,
    0x6, 0xff, 0xff, 0xf8, 0x0, 0x0, 0x4f, 0xff,
    0xf8, 0x0, 0x0, 0x3, 0xff, 0xff, 0xfa, 0x0,
    0x0, 0x4, 0xff, 0xff, 0x80, 0x0, 0x2, 0xef,
    0xff, 0xfb, 0x0, 0x0, 0x0, 0x4f, 0xff, 0xf8,
    0x0, 0x0, 0xdf, 0xff, 0xfd, 0x10, 0x0, 0x0,
    0x4, 0xff, 0xff, 0x80, 0x0, 0xbf, 0xff, 0xfe,
    0x20, 0x0, 0x0, 0x0, 0x4f, 0xff, 0xf8, 0x0,
    0x8f, 0xff, 0xff, 0x30, 0x0, 0x0, 0x0, 0x4,
    0xff, 0xff, 0x80, 0x5f, 0xff, 0xff, 0x40, 0x0,
    0x0, 0x0, 0x0, 0x4f, 0xff, 0xf8, 0x3f, 0xff,
    0xff, 0x60, 0x0, 0x0, 0x0, 0x0, 0x4, 0xff,
    0xff, 0xae, 0xff, 0xff, 0xf3, 0x0, 0x0, 0x0,
    0x0, 0x0, 0x4f, 0xff, 0xff, 0xff, 0xff, 0xff,
    0xd0, 0x0, 0x0, 0x0, 0x0, 0x4, 0xff, 0xff,
    0xff, 0xff, 0xff, 0xff, 0x80, 0x0, 0x0, 0x0,
    0x0, 0x4f, 0xff, 0xff, 0xff, 0xff, 0xff, 0xff,
    0x30, 0x0, 0x0, 0x0, 0x4, 0xff, 0xff, 0xff,
    0xf2, 0xcf, 0xff, 0xfd, 0x0, 0x0, 0x0, 0x0,
    0x4f, 0xff, 0xff, 0xf4, 0x2, 0xff, 0xff, 0xf9,
    0x0, 0x0, 0x0, 0x4, 0xff, 0xff, 0xf6, 0x0,
    0x7, 0xff, 0xff, 0xf4, 0x0, 0x0, 0x0, 0x4f,
    0xff, 0xfa, 0x0, 0x0, 0xc, 0xff, 0xff, 0xe0,
    0x0, 0x0, 0x4, 0xff, 0xff, 0x80, 0x0, 0x0,
    0x2f, 0xff, 0xff, 0xa0, 0x0, 0x0, 0x4f, 0xff,
    0xf8, 0x0, 0x0, 0x0, 0x6f, 0xff, 0xff, 0x50,
    0x0, 0x4, 0xff, 0xff, 0x80, 0x0, 0x0, 0x0,
    0xbf, 0xff, 0xfe, 0x10, 0x0, 0x4f, 0xff, 0xf8,
    0x0, 0x0, 0x0, 0x2, 0xff, 0xff, 0xfa, 0x0,
    0x4, 0xff, 0xff, 0x80, 0x0, 0x0, 0x0, 0x6,
    0xff, 0xff, 0xf5, 0x0, 0x4f, 0xff, 0xf8, 0x0,
    0x0, 0x0, 0x0, 0xb, 0xff, 0xff, 0xe1, 0x4,
    0xff, 0xff, 0x80, 0x0, 0x0, 0x0, 0x0, 0x1f,
    0xff, 0xff, 0xb0,

    /* U+004C "L" */
    0x4f, 0xff, 0xf8, 0x0, 0x0, 0x0, 0x0, 0x0,
    0x4, 0xff, 0xff, 0x80, 0x0, 0x0, 0x0, 0x0,
    0x0, 0x4f, 0xff, 0xf8, 0x0, 0x0, 0x0, 0x0,
    0x0, 0x4, 0xff, 0xff, 0x80, 0x0, 0x0, 0x0,
    0x0, 0x0, 0x4f, 0xff, 0xf8, 0x0, 0x0, 0x0,
    0x0, 0x0, 0x4, 0xff, 0xff, 0x80, 0x0, 0x0,
    0x0, 0x0, 0x0, 0x4f, 0xff, 0xf8, 0x0, 0x0,
    0x0, 0x0, 0x0, 0x4, 0xff, 0xff, 0x80, 0x0,
    0x0, 0x0, 0x0, 0x0, 0x4f, 0xff, 0xf8, 0x0,
    0x0, 0x0, 0x0, 0x0, 0x4, 0xff, 0xff, 0x80,
    0x0, 0x0, 0x0, 0x0, 0x0, 0x4f, 0xff, 0xf8,
    0x0, 0x0, 0x0, 0x0, 0x0, 0x4, 0xff, 0xff,
    0x80, 0x0, 0x0, 0x0, 0x0, 0x0, 0x4f, 0xff,
    0xf8, 0x0, 0x0, 0x0, 0x0, 0x0, 0x4, 0xff,
    0xff, 0x80, 0x0, 0x0, 0x0, 0x0, 0x0, 0x4f,
    0xff, 0xf8, 0x0, 0x0, 0x0, 0x0, 0x0, 0x4,
    0xff, 0xff, 0x80, 0x0, 0x0, 0x0, 0x0, 0x0,
    0x4f, 0xff, 0xf8, 0x0, 0x0, 0x0, 0x0, 0x0,
    0x4, 0xff, 0xff, 0x80, 0x0, 0x0, 0x0, 0x0,
    0x0, 0x4f, 0xff, 0xf8, 0x0, 0x0, 0x0, 0x0,
    0x0, 0x4, 0xff, 0xff, 0x80, 0x0, 0x0, 0x0,
    0x0, 0x0, 0x4f, 0xff, 0xf8, 0x0, 0x0, 0x0,
    0x0, 0x0, 0x4, 0xff, 0xff, 0xc7, 0x77, 0x77,
    0x77, 0x77, 0x74, 0x4f, 0xff, 0xff, 0xff, 0xff,
    0xff, 0xff, 0xff, 0x94, 0xff, 0xff, 0xff, 0xff,
    0xff, 0xff, 0xff, 0xf9, 0x4f, 0xff, 0xff, 0xff,
    0xff, 0xff, 0xff, 0xff, 0x94, 0xff, 0xff, 0xff,
    0xff, 0xff, 0xff, 0xff, 0xf9,

    /* U+004D "M" */
    0x4f, 0xff, 0xff, 0xf1, 0x0, 0x0, 0x0, 0x0,
    0x0, 0x0, 0x0, 0xef, 0xff, 0xff, 0x74, 0xff,
    0xff, 0xff, 0x60, 0x0, 0x0, 0x0, 0x0, 0x0,
    0x0, 0x4f, 0xff, 0xff, 0xf7, 0x4f, 0xff, 0xff,
    0xfd, 0x0, 0x0, 0x0, 0x0, 0x0, 0x0, 0xa,
    0xff, 0xff, 0xff, 0x74, 0xff, 0xff, 0xff, 0xf3,
    0x0, 0x0, 0x0, 0x0, 0x0, 0x1, 0xff, 0xff,
    0xff, 0xf7, 0x4f, 0xff, 0xff, 0xff, 0x90, 0x0,
    0x0, 0x0, 0x0, 0x0, 0x7f, 0xff, 0xff, 0xff,
    0x74, 0xff, 0xff, 0xff, 0xff, 0x0, 0x0, 0x0,
    0x0, 0x0, 0xd, 0xff, 0xff, 0xff, 0xf7, 0x4f,
    0xff, 0xff, 0xff, 0xf6, 0x0, 0x0, 0x0, 0x0,
    0x3, 0xff, 0xff, 0xff, 0xff, 0x74, 0xff, 0xff,
    0xef, 0xff, 0xc0, 0x0, 0x0, 0x0, 0x0, 0x9f,
    0xff, 0xef, 0xff, 0xf7, 0x4f, 0xff, 0xf8, 0xff,
    0xff, 0x30, 0x0, 0x0, 0x0, 0xf, 0xff, 0xf9,
    0xff, 0xff, 0x74, 0xff, 0xff, 0x5d, 0xff, 0xf9,
    0x0, 0x0, 0x0, 0x6, 0xff, 0xff, 0x3f, 0xff,
    0xf7, 0x4f, 0xff, 0xf6, 0x6f, 0xff, 0xf0, 0x0,
    0x0, 0x0, 0xcf, 0xff, 0xa3, 0xff, 0xff, 0x74,
    0xff, 0xff, 0x61, 0xff, 0xff, 0x50, 0x0, 0x0,
    0x2f, 0xff, 0xf3, 0x3f, 0xff, 0xf7, 0x4f, 0xff,
    0xf6, 0xa, 0xff, 0xfc, 0x0, 0x0, 0x9, 0xff,
    0xfd, 0x3, 0xff, 0xff, 0x74, 0xff, 0xff, 0x70,
    0x3f, 0xff, 0xf2, 0x0, 0x0, 0xef, 0xff, 0x70,
    0x3f, 0xff, 0xf7, 0x4f, 0xff, 0xf7, 0x0, 0xdf,
    0xff, 0x80, 0x0, 0x5f, 0xff, 0xf1, 0x3, 0xff,
    0xff, 0x74, 0xff, 0xff, 0x70, 0x7, 0xff, 0xfe,
    0x0, 0xc, 0xff, 0xfa, 0x0, 0x3f, 0xff, 0xf7,
    0x4f, 0xff, 0xf7, 0x0, 0x1f, 0xff, 0xf5, 0x2,
    0xff, 0xff, 0x30, 0x3, 0xff, 0xff, 0x74, 0xff,
    0xff, 0x70, 0x0, 0xaf, 0xff, 0xb0, 0x8f, 0xff,
    0xd0, 0x0, 0x3f, 0xff, 0xf7, 0x4f, 0xff, 0xf7,
    0x0, 0x4, 0xff, 0xff, 0x2e, 0xff, 0xf7, 0x0,
    0x3, 0xff, 0xff, 0x74, 0xff, 0xff, 0x70, 0x0,
    0xd, 0xff, 0xfd, 0xff, 0xff, 0x10, 0x0, 0x3f,
    0xff, 0xf7, 0x4f, 0xff, 0xf7, 0x0, 0x0, 0x7f,
    0xff, 0xff, 0xff, 0xa0, 0x0, 0x3, 0xff, 0xff,
    0x74, 0xff, 0xff, 0x70, 0x0, 0x1, 0xff, 0xff,
    0xff, 0xf4, 0x0, 0x0, 0x3f, 0xff, 0xf7, 0x4f,
    0xff, 0xf7, 0x0, 0x0, 0xa, 0xff, 0xff, 0xfd,
    0x0, 0x0, 0x3, 0xff, 0xff, 0x74, 0xff, 0xff,
    0x70, 0x0, 0x0, 0x4f, 0xff, 0xff, 0x70, 0x0,
    0x0, 0x3f, 0xff, 0xf7, 0x4f, 0xff, 0xf7, 0x0,
    0x0, 0x0, 0xef, 0xff, 0xf1, 0x0, 0x0, 0x3,
    0xff, 0xff, 0x74, 0xff, 0xff, 0x70, 0x0, 0x0,
    0x7, 0xff, 0xfa, 0x0, 0x0, 0x0, 0x3f, 0xff,
    0xf7,

    /* U+004E "N" */
    0x4f, 0xff, 0xff, 0x20, 0x0, 0x0, 0x0, 0x0,
    0x1f, 0xff, 0xf9, 0x4f, 0xff, 0xff, 0xc0, 0x0,
    0x0, 0x0, 0x0, 0x1f, 0xff, 0xf9, 0x4f, 0xff,
    0xff, 0xf6, 0x0, 0x0, 0x0, 0x0, 0x1f, 0xff,
    0xf9, 0x4f, 0xff, 0xff, 0xff, 0x10, 0x0, 0x0,
    0x0, 0x1f, 0xff, 0xf9, 0x4f, 0xff, 0xff, 0xff,
    0xa0, 0x0, 0x0, 0x0, 0x1f, 0xff, 0xf9, 0x4f,
    0xff, 0xff, 0xff, 0xf5, 0x0, 0x0, 0x0, 0x1f,
    0xff, 0xf9, 0x4f, 0xff, 0xff, 0xff, 0xfe, 0x0,
    0x0, 0x0, 0x1f, 0xff, 0xf9, 0x4f, 0xff, 0xfe,
    0xff, 0xff, 0x90, 0x0, 0x0, 0x1f, 0xff, 0xf9,
    0x4f, 0xff, 0xf6, 0xef, 0xff, 0xf3, 0x0, 0x0,
    0x1f, 0xff, 0xf9, 0x4f, 0xff, 0xf5, 0x6f, 0xff,
    0xfd, 0x0, 0x0, 0x1f, 0xff, 0xf9, 0x4f, 0xff,
    0xf5, 0xc, 0xff, 0xff, 0x70, 0x0, 0x1f, 0xff,
    0xf9, 0x4f, 0xff, 0xf6, 0x2, 0xff, 0xff, 0xf2,
    0x0, 0x1f, 0xff, 0xf9, 0x4f, 0xff, 0xf6, 0x0,
    0x7f, 0xff, 0xfb, 0x0, 0x1f, 0xff, 0xf9, 0x4f,
    0xff, 0xf6, 0x0, 0xd, 0xff, 0xff, 0x50, 0xf,
    0xff, 0xf9, 0x4f, 0xff, 0xf6, 0x0, 0x3, 0xff,
    0xff, 0xe1, 0xf, 0xff, 0xf9, 0x4f, 0xff, 0xf6,
    0x0, 0x0, 0x9f, 0xff, 0xf9, 0xf, 0xff, 0xf9,
    0x4f, 0xff, 0xf6, 0x0, 0x0, 0xe, 0xff, 0xff,
    0x3f, 0xff, 0xf9, 0x4f, 0xff, 0xf6, 0x0, 0x0,
    0x4, 0xff, 0xff, 0xdf, 0xff, 0xf9, 0x4f, 0xff,
    0xf6, 0x0, 0x0, 0x0, 0xaf, 0xff, 0xff, 0xff,
    0xf9, 0x4f, 0xff, 0xf6, 0x0, 0x0, 0x0, 0x1e,
    0xff, 0xff, 0xff, 0xf9, 0x4f, 0xff, 0xf6, 0x0,
    0x0, 0x0, 0x5, 0xff, 0xff, 0xff, 0xf9, 0x4f,
    0xff, 0xf6, 0x0, 0x0, 0x0, 0x0, 0xbf, 0xff,
    0xff, 0xf9, 0x4f, 0xff, 0xf6, 0x0, 0x0, 0x0,
    0x0, 0x2f, 0xff, 0xff, 0xf9, 0x4f, 0xff, 0xf6,
    0x0, 0x0, 0x0, 0x0, 0x7, 0xff, 0xff, 0xf9,
    0x4f, 0xff, 0xf6, 0x0, 0x0, 0x0, 0x0, 0x0,
    0xcf, 0xff, 0xf9, 0x4f, 0xff, 0xf6, 0x0, 0x0,
    0x0, 0x0, 0x0, 0x3f, 0xff, 0xf9,

    /* U+004F "O" */
    0x0, 0x0, 0x0, 0x0, 0x0, 0x14, 0x67, 0x65,
    0x30, 0x0, 0x0, 0x0, 0x0, 0x0, 0x0, 0x0,
    0x0, 0x0, 0x7d, 0xff, 0xff, 0xff, 0xfe, 0xa3,
    0x0, 0x0, 0x0, 0x0, 0x0, 0x0, 0x0, 0x7e,
    0xff, 0xff, 0xff, 0xff, 0xff, 0xff, 0xa1, 0x0,
    0x0, 0x0, 0x0, 0x0, 0xb, 0xff, 0xff, 0xff,
    0xff, 0xff, 0xff, 0xff, 0xfe, 0x30, 0x0, 0x0,
    0x0, 0x1, 0xdf, 0xff, 0xff, 0xff, 0xff, 0xff,
    0xff, 0xff, 0xff, 0xf5, 0x0, 0x0, 0x0, 0xb,
    0xff, 0xff, 0xff, 0xb6, 0x32, 0x35, 0x9e, 0xff,
    0xff, 0xff, 0x30, 0x0, 0x0, 0x8f, 0xff, 0xff,
    0xd3, 0x0, 0x0, 0x0, 0x1, 0x9f, 0xff, 0xff,
    0xe0, 0x0, 0x1, 0xff, 0xff, 0xfc, 0x10, 0x0,
    0x0, 0x0, 0x0, 0x6, 0xff, 0xff, 0xf7, 0x0,
    0x9, 0xff, 0xff, 0xd1, 0x0, 0x0, 0x0, 0x0,
    0x0, 0x0, 0x8f, 0xff, 0xff, 0x0, 0xe, 0xff,
    0xff, 0x40, 0x0, 0x0, 0x0, 0x0, 0x0, 0x0,
    0xd, 0xff, 0xff, 0x50, 0x3f, 0xff, 0xfd, 0x0,
    0x0, 0x0, 0x0, 0x0, 0x0, 0x0, 0x6, 0xff,
    0xff, 0x90, 0x6f, 0xff, 0xf8, 0x0, 0x0, 0x0,
    0x0, 0x0, 0x0, 0x0, 0x1, 0xff, 0xff, 0xd0,
    0x8f, 0xff, 0xf5, 0x0, 0x0, 0x0, 0x0, 0x0,
    0x0, 0x0, 0x0, 0xef, 0xff, 0xe0, 0x9f, 0xff,
    0xf3, 0x0, 0x0, 0x0, 0x0, 0x0, 0x0, 0x0,
    0x0, 0xdf, 0xff, 0xf0, 0x9f, 0xff, 0xf3, 0x0,
    0x0, 0x0, 0x0, 0x0, 0x0, 0x0, 0x0, 0xdf,
    0xff, 0xf0, 0x7f, 0xff, 0xf5, 0x0, 0x0, 0x0,
    0x0, 0x0, 0x0, 0x0, 0x0, 0xef, 0xff, 0xe0,
    0x6f, 0xff, 0xf8, 0x0, 0x0, 0x0, 0x0, 0x0,
    0x0, 0x0, 0x1, 0xff, 0xff, 0xd0, 0x2f, 0xff,
    0xfd, 0x0, 0x0, 0x0, 0x0, 0x0, 0x0, 0x0,
    0x6, 0xff, 0xff, 0x90, 0xe, 0xff, 0xff, 0x50,
    0x0, 0x0, 0x0, 0x0, 0x0, 0x0, 0xe, 0xff,
    0xff, 0x40, 0x9, 0xff, 0xff, 0xe1, 0x0, 0x0,
    0x0, 0x0, 0x0, 0x0, 0x8f, 0xff, 0xfe, 0x0,
    0x1, 0xff, 0xff, 0xfc, 0x10, 0x0, 0x0, 0x0,
    0x0, 0x6, 0xff, 0xff, 0xf7, 0x0, 0x0, 0x8f,
    0xff, 0xff, 0xd3, 0x0, 0x0, 0x0, 0x1, 0x9f,
    0xff, 0xff, 0xd0, 0x0, 0x0, 0xb, 0xff, 0xff,
    0xff, 0xb6, 0x32, 0x35, 0x9e, 0xff, 0xff, 0xff,
    0x20, 0x0, 0x0, 0x1, 0xdf, 0xff, 0xff, 0xff,
    0xff, 0xff, 0xff, 0xff, 0xff, 0xf4, 0x0, 0x0,
    0x0, 0x0, 0xb, 0xff, 0xff, 0xff, 0xff, 0xff,
    0xff, 0xff, 0xfe, 0x30, 0x0, 0x0, 0x0, 0x0,
    0x0, 0x7e, 0xff, 0xff, 0xff, 0xff, 0xff, 0xff,
    0xa1, 0x0, 0x0, 0x0, 0x0, 0x0, 0x0, 0x0,
    0x7d, 0xff, 0xff, 0xff, 0xfe, 0xa3, 0x0, 0x0,
    0x0, 0x0, 0x0, 0x0, 0x0, 0x0, 0x0, 0x14,
    0x67, 0x65, 0x30, 0x0, 0x0, 0x0, 0x0, 0x0,

    /* U+0050 "P" */
    0x4f, 0xff, 0xff, 0xff, 0xff, 0xfe, 0xc8, 0x20,
    0x0, 0x0, 0x4f, 0xff, 0xff, 0xff, 0xff, 0xff,
    0xff, 0xf9, 0x0, 0x0, 0x4f, 0xff, 0xff, 0xff,
    0xff, 0xff, 0xff, 0xff, 0xc0, 0x0, 0x4f, 0xff,
    0xff, 0xff, 0xff, 0xff, 0xff, 0xff, 0xfa, 0x0,
    0x4f, 0xff, 0xfa, 0x44, 0x44, 0x58, 0xef, 0xff,
    0xff, 0x30, 0x4f, 0xff, 0xf8, 0x0, 0x0, 0x0,
    0x1d, 0xff, 0xff, 0xa0, 0x4f, 0xff, 0xf8, 0x0,
    0x0, 0x0, 0x3, 0xff, 0xff, 0xe0, 0x4f, 0xff,
    0xf8, 0x0, 0x0, 0x0, 0x0, 0xdf, 0xff, 0xf0,
    0x4f, 0xff, 0xf8, 0x0, 0x0, 0x0, 0x0, 0xbf,
    0xff, 0xf1, 0x4f, 0xff, 0xf8, 0x0, 0x0, 0x0,
    0x0, 0xcf, 0xff, 0xf1, 0x4f, 0xff, 0xf8, 0x0,
    0x0, 0x0, 0x1, 0xff, 0xff, 0xf0, 0x4f, 0xff,
    0xf8, 0x0, 0x0, 0x0, 0xa, 0xff, 0xff, 0xb0,
    0x4f, 0xff, 0xf8, 0x0, 0x0, 0x3, 0xbf, 0xff,
    0xff, 0x50, 0x4f, 0xff, 0xff, 0xff, 0xff, 0xff,
    0xff, 0xff, 0xfc, 0x0, 0x4f, 0xff, 0xff, 0xff,
    0xff, 0xff, 0xff, 0xff, 0xd1, 0x0, 0x4f, 0xff,
    0xff, 0xff, 0xff, 0xff, 0xff, 0xfa, 0x10, 0x0,
    0x4f, 0xff, 0xff, 0xff, 0xff, 0xff, 0xea, 0x30,
    0x0, 0x0, 0x4f, 0xff, 0xf9, 0x22, 0x22, 0x21,
    0x0, 0x0, 0x0, 0x0, 0x4f, 0xff, 0xf8, 0x0,
    0x0, 0x0, 0x0, 0x0, 0x0, 0x0, 0x4f, 0xff,
    0xf8, 0x0, 0x0, 0x0, 0x0, 0x0, 0x0, 0x0,
    0x4f, 0xff, 0xf8, 0x0, 0x0, 0x0, 0x0, 0x0,
    0x0, 0x0, 0x4f, 0xff, 0xf8, 0x0, 0x0, 0x0,
    0x0, 0x0, 0x0, 0x0, 0x4f, 0xff, 0xf8, 0x0,
    0x0, 0x0, 0x0, 0x0, 0x0, 0x0, 0x4f, 0xff,
    0xf8, 0x0, 0x0, 0x0, 0x0, 0x0, 0x0, 0x0,
    0x4f, 0xff, 0xf8, 0x0, 0x0, 0x0, 0x0, 0x0,
    0x0, 0x0, 0x4f, 0xff, 0xf8, 0x0, 0x0, 0x0,
    0x0, 0x0, 0x0, 0x0,

    /* U+0051 "Q" */
    0x0, 0x0, 0x0, 0x0, 0x0, 0x25, 0x77, 0x76,
    0x30, 0x0, 0x0, 0x0, 0x0, 0x0, 0x0, 0x0,
    0x0, 0x1, 0x8d, 0xff, 0xff, 0xff, 0xff, 0xa3,
    0x0, 0x0, 0x0, 0x0, 0x0, 0x0, 0x0, 0x7f,
    0xff, 0xff, 0xff, 0xff, 0xff, 0xff, 0xb2, 0x0,
    0x0, 0x0, 0x0, 0x0, 0x1c, 0xff, 0xff, 0xff,
    0xff, 0xff, 0xff, 0xff, 0xff, 0x40, 0x0, 0x0,
    0x0, 0x1, 0xdf, 0xff, 0xff, 0xff, 0xff, 0xff,
    0xff, 0xff, 0xff, 0xf5, 0x0, 0x0, 0x0, 0xc,
    0xff, 0xff, 0xff, 0xb6, 0x32, 0x24, 0x9e, 0xff,
    0xff, 0xff, 0x30, 0x0, 0x0, 0x8f, 0xff, 0xff,
    0xd3, 0x0, 0x0, 0x0, 0x0, 0x8f, 0xff, 0xff,
    0xe0, 0x0, 0x2, 0xff, 0xff, 0xfc, 0x0, 0x0,
    0x0, 0x0, 0x0, 0x5, 0xff, 0xff, 0xf8, 0x0,
    0x9, 0xff, 0xff, 0xd1, 0x0, 0x0, 0x0, 0x0,
    0x0, 0x0, 0x7f, 0xff, 0xff, 0x10, 0xf, 0xff,
    0xff, 0x40, 0x0, 0x0, 0x0, 0x0, 0x0, 0x0,
    0xd, 0xff, 0xff, 0x60, 0x3f, 0xff, 0xfd, 0x0,
    0x0, 0x0, 0x0, 0x0, 0x0, 0x0, 0x6, 0xff,
    0xff, 0xa0, 0x6f, 0xff, 0xf8, 0x0, 0x0, 0x0,
    0x0, 0x0, 0x0, 0x0, 0x1, 0xff, 0xff, 0xd0,
    0x8f, 0xff, 0xf5, 0x0, 0x0, 0x0, 0x0, 0x0,
    0x0, 0x0, 0x0, 0xef, 0xff, 0xf0, 0x9f, 0xff,
    0xf3, 0x0, 0x0, 0x0, 0x0, 0x0, 0x0, 0x0,
    0x0, 0xcf, 0xff, 0xf0, 0x9f, 0xff, 0xf3, 0x0,
    0x0, 0x0, 0x0, 0x0, 0x0, 0x0, 0x0, 0xcf,
    0xff, 0xf0, 0x8f, 0xff, 0xf5, 0x0, 0x0, 0x0,
    0x0, 0x0, 0x0, 0x0, 0x0, 0xef, 0xff, 0xf0,
    0x6f, 0xff, 0xf8, 0x0, 0x0, 0x0, 0x0, 0x0,
    0x0, 0x0, 0x1, 0xff, 0xff, 0xd0, 0x3f, 0xff,
    0xfd, 0x0, 0x0, 0x0, 0x0, 0x0, 0x0, 0x0,
    0x6, 0xff, 0xff, 0xa0, 0xe, 0xff, 0xff, 0x40,
    0x0, 0x0, 0x0, 0x0, 0x0, 0x0, 0xd, 0xff,
    0xff, 0x50, 0x9, 0xff, 0xff, 0xd1, 0x0, 0x0,
    0x0, 0x0, 0x0, 0x0, 0x8f, 0xff, 0xff, 0x0,
    0x2, 0xff, 0xff, 0xfc, 0x0, 0x0, 0x0, 0x0,
    0x0, 0x6, 0xff, 0xff, 0xf8, 0x0, 0x0, 0x8f,
    0xff, 0xff, 0xd3, 0x0, 0x0, 0x0, 0x0, 0x9f,
    0xff, 0xff, 0xe0, 0x0, 0x0, 0xc, 0xff, 0xff,
    0xff, 0xb6, 0x32, 0x24, 0x9e, 0xff, 0xff, 0xff,
    0x30, 0x0, 0x0, 0x1, 0xdf, 0xff, 0xff, 0xff,
    0xff, 0xff, 0xff, 0xff, 0xff, 0xf5, 0x0, 0x0,
    0x0, 0x0, 0x1b, 0xff, 0xff, 0xff, 0xff, 0xff,
    0xff, 0xff, 0xff, 0xf3, 0x0, 0x0, 0x0, 0x0,
    0x0, 0x7f, 0xff, 0xff, 0xff, 0xff, 0xff, 0xff,
    0xff, 0xfd, 0x0, 0x0, 0x0, 0x0, 0x0, 0x1,
    0x8d, 0xff, 0xff, 0xff, 0xff, 0xaf, 0xff, 0xff,
    0x80, 0x0, 0x0, 0x0, 0x0, 0x0, 0x0, 0x25,
    0x77, 0x76, 0x30, 0x7, 0xff, 0xff, 0x90, 0x0,
    0x0, 0x0, 0x0, 0x0, 0x0, 0x0, 0x0, 0x0,
    0x0, 0x0, 0xcf, 0xd4, 0x0, 0x0, 0x0, 0x0,
    0x0, 0x0, 0x0, 0x0, 0x0, 0x0, 0x0, 0x0,
    0x28, 0x0, 0x0, 0x0,

    /* U+0052 "R" */
    0x4f, 0xff, 0xff, 0xff, 0xff, 0xfe, 0xc7, 0x10,
    0x0, 0x0, 0x4, 0xff, 0xff, 0xff, 0xff, 0xff,
    0xff, 0xff, 0x70, 0x0, 0x0, 0x4f, 0xff, 0xff,
    0xff, 0xff, 0xff, 0xff, 0xff, 0xa0, 0x0, 0x4,
    0xff, 0xff, 0xff, 0xff, 0xff, 0xff, 0xff, 0xff,
    0x90, 0x0, 0x4f, 0xff, 0xfa, 0x44, 0x44, 0x58,
    0xff, 0xff, 0xff, 0x30, 0x4, 0xff, 0xff, 0x80,
    0x0, 0x0, 0x2, 0xef, 0xff, 0xf9, 0x0, 0x4f,
    0xff, 0xf8, 0x0, 0x0, 0x0, 0x4, 0xff, 0xff,
    0xe0, 0x4, 0xff, 0xff, 0x80, 0x0, 0x0, 0x0,
    0xe, 0xff, 0xff, 0x0, 0x4f, 0xff, 0xf8, 0x0,
    0x0, 0x0, 0x0, 0xcf, 0xff, 0xf1, 0x4, 0xff,
    0xff, 0x80, 0x0, 0x0, 0x0, 0xd, 0xff, 0xff,
    0x0, 0x4f, 0xff, 0xf8, 0x0, 0x0, 0x0, 0x2,
    0xff, 0xff, 0xd0, 0x4, 0xff, 0xff, 0x80, 0x0,
    0x0, 0x0, 0xcf, 0xff, 0xf8, 0x0, 0x4f, 0xff,
    0xf8, 0x0, 0x0, 0x4, 0xcf, 0xff, 0xff, 0x10,
    0x4, 0xff, 0xff, 0xff, 0xff, 0xff, 0xff, 0xff,
    0xff, 0x50, 0x0, 0x4f, 0xff, 0xff, 0xff, 0xff,
    0xff, 0xff, 0xff, 0x60, 0x0, 0x4, 0xff, 0xff,
    0xff, 0xff, 0xff, 0xff, 0xfc, 0x30, 0x0, 0x0,
    0x4f, 0xff, 0xfd, 0xaa, 0xbf, 0xff, 0xfd, 0x0,
    0x0, 0x0, 0x4, 0xff, 0xff, 0x80, 0x0, 0xbf,
    0xff, 0xf8, 0x0, 0x0, 0x0, 0x4f, 0xff, 0xf8,
    0x0, 0x1, 0xef, 0xff, 0xf4, 0x0, 0x0, 0x4,
    0xff, 0xff, 0x80, 0x0, 0x5, 0xff, 0xff, 0xe1,
    0x0, 0x0, 0x4f, 0xff, 0xf8, 0x0, 0x0, 0xb,
    0xff, 0xff, 0xb0, 0x0, 0x4, 0xff, 0xff, 0x80,
    0x0, 0x0, 0x1e, 0xff, 0xff, 0x60, 0x0, 0x4f,
    0xff, 0xf8, 0x0, 0x0, 0x0, 0x5f, 0xff, 0xff,
    0x20, 0x4, 0xff, 0xff, 0x80, 0x0, 0x0, 0x0,
    0xbf, 0xff, 0xfd, 0x0, 0x4f, 0xff, 0xf8, 0x0,
    0x0, 0x0, 0x1, 0xef, 0xff, 0xf9, 0x4, 0xff,
    0xff, 0x80, 0x0, 0x0, 0x0, 0x5, 0xff, 0xff,
    0xf4,

    /* U+0053 "S" */
    0x0, 0x0, 0x0, 0x1, 0x46, 0x77, 0x51, 0x0,
    0x0, 0x0, 0x0, 0x0, 0x3, 0xbf, 0xff, 0xff,
    0xff, 0xb3, 0x0, 0x0, 0x0, 0x0, 0x8f, 0xff,
    0xff, 0xff, 0xff, 0xff, 0x80, 0x0, 0x0, 0x9,
    0xff, 0xff, 0xff, 0xff, 0xff, 0xff, 0xf8, 0x0,
    0x0, 0x4f, 0xff, 0xff, 0xfb, 0xac, 0xff, 0xff,
    0xff, 0x40, 0x0, 0xbf, 0xff, 0xf9, 0x10, 0x0,
    0x1a, 0xff, 0xff, 0xd0, 0x0, 0xff, 0xff, 0xc0,
    0x0, 0x0, 0x0, 0xbf, 0xf9, 0x30, 0x1, 0xff,
    0xff, 0x90, 0x0, 0x0, 0x0, 0x17, 0x10, 0x0,
    0x1, 0xff, 0xff, 0xc0, 0x0, 0x0, 0x0, 0x0,
    0x0, 0x0, 0x0, 0xef, 0xff, 0xf7, 0x0, 0x0,
    0x0, 0x0, 0x0, 0x0, 0x0, 0x9f, 0xff, 0xff,
    0xd6, 0x0, 0x0, 0x0, 0x0, 0x0, 0x0, 0x1e,
    0xff, 0xff, 0xff, 0xfb, 0x50, 0x0, 0x0, 0x0,
    0x0, 0x3, 0xef, 0xff, 0xff, 0xff, 0xff, 0x91,
    0x0, 0x0, 0x0, 0x0, 0x1a, 0xff, 0xff, 0xff,
    0xff, 0xff, 0x70, 0x0, 0x0, 0x0, 0x0, 0x3a,
    0xff, 0xff, 0xff, 0xff, 0xfa, 0x0, 0x0, 0x0,
    0x0, 0x0, 0x16, 0xcf, 0xff, 0xff, 0xff, 0x80,
    0x0, 0x0, 0x0, 0x0, 0x0, 0x3, 0xaf, 0xff,
    0xff, 0xf1, 0x0, 0x0, 0x0, 0x0, 0x0, 0x0,
    0x4, 0xef, 0xff, 0xf7, 0x0, 0x0, 0x0, 0x0,
    0x0, 0x0, 0x0, 0x5f, 0xff, 0xfb, 0x0, 0x17,
    0xe6, 0x0, 0x0, 0x0, 0x0, 0xf, 0xff, 0xfc,
    0xb, 0xff, 0xfe, 0x0, 0x0, 0x0, 0x0, 0xf,
    0xff, 0xfb, 0xb, 0xff, 0xff, 0xa0, 0x0, 0x0,
    0x0, 0x7f, 0xff, 0xf8, 0x3, 0xff, 0xff, 0xfb,
    0x10, 0x0, 0x7, 0xff, 0xff, 0xf3, 0x0, 0x9f,
    0xff, 0xff, 0xfc, 0xac, 0xef, 0xff, 0xff, 0xb0,
    0x0, 0xb, 0xff, 0xff, 0xff, 0xff, 0xff, 0xff,
    0xfd, 0x10, 0x0, 0x0, 0xaf, 0xff, 0xff, 0xff,
    0xff, 0xff, 0xb1, 0x0, 0x0, 0x0, 0x4, 0xbf,
    0xff, 0xff, 0xff, 0xc5, 0x0, 0x0, 0x0, 0x0,
    0x0, 0x1, 0x57, 0x76, 0x51, 0x0, 0x0, 0x0,

    /* U+0054 "T" */
    0x3f, 0xff, 0xff, 0xff, 0xff, 0xff, 0xff, 0xff,
    0xff, 0xfb, 0x3f, 0xff, 0xff, 0xff, 0xff, 0xff,
    0xff, 0xff, 0xff, 0xfb, 0x3f, 0xff, 0xff, 0xff,
    0xff, 0xff, 0xff, 0xff, 0xff, 0xfb, 0x3f, 0xff,
    0xff, 0xff, 0xff, 0xff, 0xff, 0xff, 0xff, 0xfb,
    0x17, 0x77, 0x77, 0x78, 0xff, 0xff, 0xd7, 0x77,
    0x77, 0x75, 0x0, 0x0, 0x0, 0x2, 0xff, 0xff,
    0xa0, 0x0, 0x0, 0x0, 0x0, 0x0, 0x0, 0x2,
    0xff, 0xff, 0xa0, 0x0, 0x0, 0x0, 0x0, 0x0,
    0x0, 0x2, 0xff, 0xff, 0xa0, 0x0, 0x0, 0x0,
    0x0, 0x0, 0x0, 0x2, 0xff, 0xff, 0xa0, 0x0,
    0x0, 0x0, 0x0, 0x0, 0x0, 0x2, 0xff, 0xff,
    0xa0, 0x0, 0x0, 0x0, 0x0, 0x0, 0x0, 0x2,
    0xff, 0xff, 0xa0, 0x0, 0x0, 0x0, 0x0, 0x0,
    0x0, 0x2, 0xff, 0xff, 0xa0, 0x0, 0x0, 0x0,
    0x0, 0x0, 0x0, 0x2, 0xff, 0xff, 0xa0, 0x0,
    0x0, 0x0, 0x0, 0x0, 0x0, 0x2, 0xff, 0xff,
    0xa0, 0x0, 0x0, 0x0, 0x0, 0x0, 0x0, 0x2,
    0xff, 0xff, 0xa0, 0x0, 0x0, 0x0, 0x0, 0x0,
    0x0, 0x2, 0xff, 0xff, 0xa0, 0x0, 0x0, 0x0,
    0x0, 0x0, 0x0, 0x2, 0xff, 0xff, 0xa0, 0x0,
    0x0, 0x0, 0x0, 0x0, 0x0, 0x2, 0xff, 0xff,
    0xa0, 0x0, 0x0, 0x0, 0x0, 0x0, 0x0, 0x2,
    0xff, 0xff, 0xa0, 0x0, 0x0, 0x0, 0x0, 0x0,
    0x0, 0x2, 0xff, 0xff, 0xa0, 0x0, 0x0, 0x0,
    0x0, 0x0, 0x0, 0x2, 0xff, 0xff, 0xa0, 0x0,
    0x0, 0x0, 0x0, 0x0, 0x0, 0x2, 0xff, 0xff,
    0xa0, 0x0, 0x0, 0x0, 0x0, 0x0, 0x0, 0x2,
    0xff, 0xff, 0xa0, 0x0, 0x0, 0x0, 0x0, 0x0,
    0x0, 0x2, 0xff, 0xff, 0xa0, 0x0, 0x0, 0x0,
    0x0, 0x0, 0x0, 0x2, 0xff, 0xff, 0xa0, 0x0,
    0x0, 0x0, 0x0, 0x0, 0x0, 0x2, 0xff, 0xff,
    0xa0, 0x0, 0x0, 0x0,

    /* U+0055 "U" */
    0xdf, 0xff, 0xf0, 0x0, 0x0, 0x0, 0x0, 0x7,
    0xff, 0xff, 0x4d, 0xff, 0xff, 0x0, 0x0, 0x0,
    0x0, 0x0, 0x7f, 0xff, 0xf4, 0xdf, 0xff, 0xf0,
    0x0, 0x0, 0x0, 0x0, 0x7, 0xff, 0xff, 0x4d,
    0xff, 0xff, 0x0, 0x0, 0x0, 0x0, 0x0, 0x7f,
    0xff, 0xf4, 0xdf, 0xff, 0xf0, 0x0, 0x0, 0x0,
    0x0, 0x7, 0xff, 0xff, 0x4d, 0xff, 0xff, 0x0,
    0x0, 0x0, 0x0, 0x0, 0x7f, 0xff, 0xf4, 0xdf,
    0xff, 0xf0, 0x0, 0x0, 0x0, 0x0, 0x7, 0xff,
    0xff, 0x4d, 0xff, 0xff, 0x0, 0x0, 0x0, 0x0,
    0x0, 0x7f, 0xff, 0xf4, 0xdf, 0xff, 0xf0, 0x0,
    0x0, 0x0, 0x0, 0x7, 0xff, 0xff, 0x4d, 0xff,
    0xff, 0x0, 0x0, 0x0, 0x0, 0x0, 0x7f, 0xff,
    0xf4, 0xdf, 0xff, 0xf0, 0x0, 0x0, 0x0, 0x0,
    0x7, 0xff, 0xff, 0x4d, 0xff, 0xff, 0x0, 0x0,
    0x0, 0x0, 0x0, 0x7f, 0xff, 0xf4, 0xdf, 0xff,
    0xf0, 0x0, 0x0, 0x0, 0x0, 0x7, 0xff, 0xff,
    0x4d, 0xff, 0xff, 0x0, 0x0, 0x0, 0x0, 0x0,
    0x7f, 0xff, 0xf4, 0xdf, 0xff, 0xf0, 0x0, 0x0,
    0x0, 0x0, 0x7, 0xff, 0xff, 0x4d, 0xff, 0xff,
    0x0, 0x0, 0x0, 0x0, 0x0, 0x7f, 0xff, 0xf4,
    0xdf, 0xff, 0xf0, 0x0, 0x0, 0x0, 0x0, 0x8,
    0xff, 0xff, 0x3c, 0xff, 0xff, 0x0, 0x0, 0x0,
    0x0, 0x0, 0x9f, 0xff, 0xf2, 0x9f, 0xff, 0xf4,
    0x0, 0x0, 0x0, 0x0, 0xd, 0xff, 0xff, 0x5,
    0xff, 0xff, 0xa0, 0x0, 0x0, 0x0, 0x3, 0xff,
    0xff, 0xc0, 0x1f, 0xff, 0xff, 0x50, 0x0, 0x0,
    0x1, 0xdf, 0xff, 0xf7, 0x0, 0x9f, 0xff, 0xff,
    0x82, 0x0, 0x5, 0xef, 0xff, 0xff, 0x0, 0x1,
    0xef, 0xff, 0xff, 0xff, 0xef, 0xff, 0xff, 0xff,
    0x60, 0x0, 0x3, 0xff, 0xff, 0xff, 0xff, 0xff,
    0xff, 0xff, 0xa0, 0x0, 0x0, 0x2, 0xef, 0xff,
    0xff, 0xff, 0xff, 0xff, 0x80, 0x0, 0x0, 0x0,
    0x0, 0x7e, 0xff, 0xff, 0xff, 0xfb, 0x30, 0x0,
    0x0, 0x0, 0x0, 0x0, 0x2, 0x57, 0x76, 0x40,
    0x0, 0x0, 0x0, 0x0,

    /* U+0056 "V" */
    0x8f, 0xff, 0xfa, 0x0, 0x0, 0x0, 0x0, 0x0,
    0x0, 0x7f, 0xff, 0xf9, 0x2f, 0xff, 0xff, 0x0,
    0x0, 0x0, 0x0, 0x0, 0x0, 0xdf, 0xff, 0xf3,
    0xc, 0xff, 0xff, 0x50, 0x0, 0x0, 0x0, 0x0,
    0x2, 0xff, 0xff, 0xd0, 0x6, 0xff, 0xff, 0xa0,
    0x0, 0x0, 0x0, 0x0, 0x8, 0xff, 0xff, 0x70,
    0x1, 0xff, 0xff, 0xf0, 0x0, 0x0, 0x0, 0x0,
    0xd, 0xff, 0xff, 0x10, 0x0, 0xbf, 0xff, 0xf5,
    0x0, 0x0, 0x0, 0x0, 0x3f, 0xff, 0xfb, 0x0,
    0x0, 0x5f, 0xff, 0xfa, 0x0, 0x0, 0x0, 0x0,
    0x8f, 0xff, 0xf5, 0x0, 0x0, 0xf, 0xff, 0xff,
    0x0, 0x0, 0x0, 0x0, 0xdf, 0xff, 0xf0, 0x0,
    0x0, 0xa, 0xff, 0xff, 0x50, 0x0, 0x0, 0x3,
    0xff, 0xff, 0x90, 0x0, 0x0, 0x4, 0xff, 0xff,
    0xb0, 0x0, 0x0, 0x8, 0xff, 0xff, 0x40, 0x0,
    0x0, 0x0, 0xef, 0xff, 0xf0, 0x0, 0x0, 0xe,
    0xff, 0xfe, 0x0, 0x0, 0x0, 0x0, 0x9f, 0xff,
    0xf5, 0x0, 0x0, 0x3f, 0xff, 0xf8, 0x0, 0x0,
    0x0, 0x0, 0x3f, 0xff, 0xfb, 0x0, 0x0, 0x9f,
    0xff, 0xf2, 0x0, 0x0, 0x0, 0x0, 0xd, 0xff,
    0xff, 0x10, 0x0, 0xef, 0xff, 0xc0, 0x0, 0x0,
    0x0, 0x0, 0x7, 0xff, 0xff, 0x60, 0x4, 0xff,
    0xff, 0x60, 0x0, 0x0, 0x0, 0x0, 0x2, 0xff,
    0xff, 0xb0, 0x9, 0xff, 0xff, 0x0, 0x0, 0x0,
    0x0, 0x0, 0x0, 0xcf, 0xff, 0xf1, 0xe, 0xff,
    0xfa, 0x0, 0x0, 0x0, 0x0, 0x0, 0x0, 0x6f,
    0xff, 0xf6, 0x4f, 0xff, 0xf4, 0x0, 0x0, 0x0,
    0x0, 0x0, 0x0, 0x1f, 0xff, 0xfb, 0x9f, 0xff,
    0xe0, 0x0, 0x0, 0x0, 0x0, 0x0, 0x0, 0xb,
    0xff, 0xff, 0xef, 0xff, 0x80, 0x0, 0x0, 0x0,
    0x0, 0x0, 0x0, 0x5, 0xff, 0xff, 0xff, 0xff,
    0x20, 0x0, 0x0, 0x0, 0x0, 0x0, 0x0, 0x0,
    0xff, 0xff, 0xff, 0xfc, 0x0, 0x0, 0x0, 0x0,
    0x0, 0x0, 0x0, 0x0, 0xaf, 0xff, 0xff, 0xf6,
    0x0, 0x0, 0x0, 0x0, 0x0, 0x0, 0x0, 0x0,
    0x4f, 0xff, 0xff, 0xf1, 0x0, 0x0, 0x0, 0x0,
    0x0, 0x0, 0x0, 0x0, 0xe, 0xff, 0xff, 0xa0,
    0x0, 0x0, 0x0, 0x0, 0x0, 0x0, 0x0, 0x0,
    0x8, 0xff, 0xff, 0x40, 0x0, 0x0, 0x0, 0x0,

    /* U+0057 "W" */
    0x5f, 0xff, 0xfa, 0x0, 0x0, 0x0, 0x0, 0x5,
    0xff, 0xff, 0x30, 0x0, 0x0, 0x0, 0x0, 0xff,
    0xff, 0xe0, 0x1f, 0xff, 0xfe, 0x0, 0x0, 0x0,
    0x0, 0xa, 0xff, 0xff, 0x70, 0x0, 0x0, 0x0,
    0x4, 0xff, 0xff, 0xa0, 0xd, 0xff, 0xff, 0x20,
    0x0, 0x0, 0x0, 0xf, 0xff, 0xff, 0xc0, 0x0,
    0x0, 0x0, 0x8, 0xff, 0xff, 0x50, 0x9, 0xff,
    0xff, 0x60, 0x0, 0x0, 0x0, 0x4f, 0xff, 0xff,
    0xf1, 0x0, 0x0, 0x0, 0xc, 0xff, 0xff, 0x10,
    0x4, 0xff, 0xff, 0xa0, 0x0, 0x0, 0x0, 0x9f,
    0xff, 0xff, 0xf5, 0x0, 0x0, 0x0, 0xf, 0xff,
    0xfd, 0x0, 0x0, 0xff, 0xff, 0xe0, 0x0, 0x0,
    0x0, 0xef, 0xff, 0xff, 0xfa, 0x0, 0x0, 0x0,
    0x3f, 0xff, 0xf9, 0x0, 0x0, 0xcf, 0xff, 0xf2,
    0x0, 0x0, 0x3, 0xff, 0xff, 0xff, 0xfe, 0x0,
    0x0, 0x0, 0x7f, 0xff, 0xf4, 0x0, 0x0, 0x8f,
    0xff, 0xf5, 0x0, 0x0, 0x7, 0xff, 0xfa, 0xff,
    0xff, 0x30, 0x0, 0x0, 0xbf, 0xff, 0xf0, 0x0,
    0x0, 0x4f, 0xff, 0xf9, 0x0, 0x0, 0xc, 0xff,
    0xf5, 0xcf, 0xff, 0x80, 0x0, 0x0, 0xff, 0xff,
    0xc0, 0x0, 0x0, 0xf, 0xff, 0xfd, 0x0, 0x0,
    0x1f, 0xff, 0xf1, 0x7f, 0xff, 0xd0, 0x0, 0x3,
    0xff, 0xff, 0x80, 0x0, 0x0, 0xb, 0xff, 0xff,
    0x10, 0x0, 0x6f, 0xff, 0xb0, 0x2f, 0xff, 0xf1,
    0x0, 0x7, 0xff, 0xff, 0x30, 0x0, 0x0, 0x7,
    0xff, 0xff, 0x50, 0x0, 0xbf, 0xff, 0x60, 0xd,
    0xff, 0xf6, 0x0, 0xb, 0xff, 0xff, 0x0, 0x0,
    0x0, 0x3, 0xff, 0xff, 0x90, 0x0, 0xff, 0xff,
    0x20, 0x9, 0xff, 0xfb, 0x0, 0xe, 0xff, 0xfb,
    0x0, 0x0, 0x0, 0x0, 0xef, 0xff, 0xd0, 0x5,
    0xff, 0xfd, 0x0, 0x4, 0xff, 0xff, 0x0, 0x2f,
    0xff, 0xf7, 0x0, 0x0, 0x0, 0x0, 0xaf, 0xff,
    0xf1, 0xa, 0xff, 0xf8, 0x0, 0x0, 0xff, 0xff,
    0x40, 0x6f, 0xff, 0xf3, 0x0, 0x0, 0x0, 0x0,
    0x6f, 0xff, 0xf5, 0xe, 0xff, 0xf3, 0x0, 0x0,
    0xbf, 0xff, 0x90, 0xaf, 0xff, 0xe0, 0x0, 0x0,
    0x0, 0x0, 0x2f, 0xff, 0xf8, 0x3f, 0xff, 0xe0,
    0x0, 0x0, 0x6f, 0xff, 0xd0, 0xef, 0xff, 0xa0,
    0x0, 0x0, 0x0, 0x0, 0xd, 0xff, 0xfc, 0x8f,
    0xff, 0x90, 0x0, 0x0, 0x1f, 0xff, 0xf4, 0xff,
    0xff, 0x60, 0x0, 0x0, 0x0, 0x0, 0x9, 0xff,
    0xff, 0xdf, 0xff, 0x40, 0x0, 0x0, 0xc, 0xff,
    0xfd, 0xff, 0xff, 0x20, 0x0, 0x0, 0x0, 0x0,
    0x5, 0xff, 0xff, 0xff, 0xff, 0x0, 0x0, 0x0,
    0x7, 0xff, 0xff, 0xff, 0xfd, 0x0, 0x0, 0x0,
    0x0, 0x0, 0x1, 0xff, 0xff, 0xff, 0xfa, 0x0,
    0x0, 0x0, 0x3, 0xff, 0xff, 0xff, 0xf9, 0x0,
    0x0, 0x0, 0x0, 0x0, 0x0, 0xcf, 0xff, 0xff,
    0xf6, 0x0, 0x0, 0x0, 0x0, 0xef, 0xff, 0xff,
    0xf5, 0x0, 0x0, 0x0, 0x0, 0x0, 0x0, 0x8f,
    0xff, 0xff, 0xf1, 0x0, 0x0, 0x0, 0x0, 0x9f,
    0xff, 0xff, 0xf1, 0x0, 0x0, 0x0, 0x0, 0x0,
    0x0, 0x4f, 0xff, 0xff, 0xc0, 0x0, 0x0, 0x0,
    0x0, 0x4f, 0xff, 0xff, 0xc0, 0x0, 0x0, 0x0,
    0x0, 0x0, 0x0, 0xf, 0xff, 0xff, 0x70, 0x0,
    0x0, 0x0, 0x0, 0xf, 0xff, 0xff, 0x80, 0x0,
    0x0, 0x0, 0x0, 0x0, 0x0, 0xb, 0xff, 0xff,
    0x20, 0x0, 0x0, 0x0, 0x0, 0xb, 0xff, 0xff,
    0x40, 0x0, 0x0, 0x0,

    /* U+0058 "X" */
    0x1e, 0xff, 0xff, 0x90, 0x0, 0x0, 0x0, 0x0,
    0x6, 0xff, 0xff, 0xd0, 0x0, 0x4f, 0xff, 0xff,
    0x30, 0x0, 0x0, 0x0, 0x1, 0xff, 0xff, 0xf3,
    0x0, 0x0, 0xaf, 0xff, 0xfd, 0x0, 0x0, 0x0,
    0x0, 0xaf, 0xff, 0xf9, 0x0, 0x0, 0x1, 0xef,
    0xff, 0xf7, 0x0, 0x0, 0x0, 0x5f, 0xff, 0xfe,
    0x0, 0x0, 0x0, 0x5, 0xff, 0xff, 0xf1, 0x0,
    0x0, 0xe, 0xff, 0xff, 0x40, 0x0, 0x0, 0x0,
    0xa, 0xff, 0xff, 0xb0, 0x0, 0x9, 0xff, 0xff,
    0xa0, 0x0, 0x0, 0x0, 0x0, 0x1e, 0xff, 0xff,
    0x50, 0x3, 0xff, 0xff, 0xe1, 0x0, 0x0, 0x0,
    0x0, 0x0, 0x5f, 0xff, 0xfe, 0x0, 0xdf, 0xff,
    0xf5, 0x0, 0x0, 0x0, 0x0, 0x0, 0x0, 0xbf,
    0xff, 0xf8, 0x7f, 0xff, 0xfa, 0x0, 0x0, 0x0,
    0x0, 0x0, 0x0, 0x1, 0xff, 0xff, 0xff, 0xff,
    0xfe, 0x10, 0x0, 0x0, 0x0, 0x0, 0x0, 0x0,
    0x6, 0xff, 0xff, 0xff, 0xff, 0x60, 0x0, 0x0,
    0x0, 0x0, 0x0, 0x0, 0x0, 0xb, 0xff, 0xff,
    0xff, 0xb0, 0x0, 0x0, 0x0, 0x0, 0x0, 0x0,
    0x0, 0x0, 0x2f, 0xff, 0xff, 0xf2, 0x0, 0x0,
    0x0, 0x0, 0x0, 0x0, 0x0, 0x0, 0x5, 0xff,
    0xff, 0xff, 0x70, 0x0, 0x0, 0x0, 0x0, 0x0,
    0x0, 0x0, 0x1, 0xef, 0xff, 0xff, 0xff, 0x30,
    0x0, 0x0, 0x0, 0x0, 0x0, 0x0, 0x0, 0xaf,
    0xff, 0xff, 0xff, 0xfd, 0x0, 0x0, 0x0, 0x0,
    0x0, 0x0, 0x0, 0x5f, 0xff, 0xfe, 0xdf, 0xff,
    0xf8, 0x0, 0x0, 0x0, 0x0, 0x0, 0x0, 0x1e,
    0xff, 0xff, 0x44, 0xff, 0xff, 0xf3, 0x0, 0x0,
    0x0, 0x0, 0x0, 0xa, 0xff, 0xff, 0x90, 0x9,
    0xff, 0xff, 0xd0, 0x0, 0x0, 0x0, 0x0, 0x5,
    0xff, 0xff, 0xe0, 0x0, 0xe, 0xff, 0xff, 0x90,
    0x0, 0x0, 0x0, 0x1, 0xef, 0xff, 0xf4, 0x0,
    0x0, 0x4f, 0xff, 0xff, 0x40, 0x0, 0x0, 0x0,
    0xaf, 0xff, 0xf9, 0x0, 0x0, 0x0, 0x9f, 0xff,
    0xfe, 0x10, 0x0, 0x0, 0x5f, 0xff, 0xfe, 0x0,
    0x0, 0x0, 0x0, 0xef, 0xff, 0xfa, 0x0, 0x0,
    0x1e, 0xff, 0xff, 0x40, 0x0, 0x0, 0x0, 0x4,
    0xff, 0xff, 0xf5, 0x0, 0xa, 0xff, 0xff, 0x90,
    0x0, 0x0, 0x0, 0x0, 0x9, 0xff, 0xff, 0xe1,
    0x5, 0xff, 0xff, 0xe0, 0x0, 0x0, 0x0, 0x0,
    0x0, 0xe, 0xff, 0xff, 0xa0,

    /* U+0059 "Y" */
    0x7f, 0xff, 0xff, 0x20, 0x0, 0x0, 0x0, 0x0,
    0xa, 0xff, 0xff, 0xa0, 0xdf, 0xff, 0xfb, 0x0,
    0x0, 0x0, 0x0, 0x4, 0xff, 0xff, 0xf1, 0x3,
    0xff, 0xff, 0xf4, 0x0, 0x0, 0x0, 0x0, 0xdf,
    0xff, 0xf7, 0x0, 0x9, 0xff, 0xff, 0xd0, 0x0,
    0x0, 0x0, 0x6f, 0xff, 0xfd, 0x0, 0x0, 0x1e,
    0xff, 0xff, 0x60, 0x0, 0x0, 0xe, 0xff, 0xff,
    0x30, 0x0, 0x0, 0x6f, 0xff, 0xfe, 0x0, 0x0,
    0x8, 0xff, 0xff, 0x90, 0x0, 0x0, 0x0, 0xcf,
    0xff, 0xf8, 0x0, 0x2, 0xff, 0xff, 0xe1, 0x0,
    0x0, 0x0, 0x2, 0xff, 0xff, 0xf2, 0x0, 0xaf,
    0xff, 0xf6, 0x0, 0x0, 0x0, 0x0, 0x8, 0xff,
    0xff, 0xa0, 0x4f, 0xff, 0xfc, 0x0, 0x0, 0x0,
    0x0, 0x0, 0xe, 0xff, 0xff, 0x4d, 0xff, 0xff,
    0x20, 0x0, 0x0, 0x0, 0x0, 0x0, 0x5f, 0xff,
    0xff, 0xff, 0xff, 0x80, 0x0, 0x0, 0x0, 0x0,
    0x0, 0x0, 0xbf, 0xff, 0xff, 0xff, 0xe0, 0x0,
    0x0, 0x0, 0x0, 0x0, 0x0, 0x1, 0xff, 0xff,
    0xff, 0xf5, 0x0, 0x0, 0x0, 0x0, 0x0, 0x0,
    0x0, 0x7, 0xff, 0xff, 0xfb, 0x0, 0x0, 0x0,
    0x0, 0x0, 0x0, 0x0, 0x0, 0xd, 0xff, 0xff,
    0x30, 0x0, 0x0, 0x0, 0x0, 0x0, 0x0, 0x0,
    0x0, 0xbf, 0xff, 0xf1, 0x0, 0x0, 0x0, 0x0,
    0x0, 0x0, 0x0, 0x0, 0xb, 0xff, 0xff, 0x10,
    0x0, 0x0, 0x0, 0x0, 0x0, 0x0, 0x0, 0x0,
    0xbf, 0xff, 0xf1, 0x0, 0x0, 0x0, 0x0, 0x0,
    0x0, 0x0, 0x0, 0xb, 0xff, 0xff, 0x10, 0x0,
    0x0, 0x0, 0x0, 0x0, 0x0, 0x0, 0x0, 0xbf,
    0xff, 0xf1, 0x0, 0x0, 0x0, 0x0, 0x0, 0x0,
    0x0, 0x0, 0xb, 0xff, 0xff, 0x10, 0x0, 0x0,
    0x0, 0x0, 0x0, 0x0, 0x0, 0x0, 0xbf, 0xff,
    0xf1, 0x0, 0x0, 0x0, 0x0, 0x0, 0x0, 0x0,
    0x0, 0xb, 0xff, 0xff, 0x10, 0x0, 0x0, 0x0,
    0x0, 0x0, 0x0, 0x0, 0x0, 0xbf, 0xff, 0xf1,
    0x0, 0x0, 0x0, 0x0, 0x0, 0x0, 0x0, 0x0,
    0xb, 0xff, 0xff, 0x10, 0x0, 0x0, 0x0, 0x0,
    0x0, 0x0, 0x0, 0x0, 0xbf, 0xff, 0xf1, 0x0,
    0x0, 0x0, 0x0,

    /* U+005A "Z" */
    0x1f, 0xff, 0xff, 0xff, 0xff, 0xff, 0xff, 0xff,
    0xff, 0x81, 0xff, 0xff, 0xff, 0xff, 0xff, 0xff,
    0xff, 0xff, 0xf8, 0x1f, 0xff, 0xff, 0xff, 0xff,
    0xff, 0xff, 0xff, 0xff, 0x81, 0xff, 0xff, 0xff,
    0xff, 0xff, 0xff, 0xff, 0xff, 0xf8, 0x7, 0x77,
    0x77, 0x77, 0x77, 0x77, 0xbf, 0xff, 0xff, 0x60,
    0x0, 0x0, 0x0, 0x0, 0x0, 0x1e, 0xff, 0xff,
    0xc0, 0x0, 0x0, 0x0, 0x0, 0x0, 0xb, 0xff,
    0xff, 0xf2, 0x0, 0x0, 0x0, 0x0, 0x0, 0x7,
    0xff, 0xff, 0xf5, 0x0, 0x0, 0x0, 0x0, 0x0,
    0x3, 0xff, 0xff, 0xfa, 0x0, 0x0, 0x0, 0x0,
    0x0, 0x0, 0xdf, 0xff, 0xfd, 0x0, 0x0, 0x0,
    0x0, 0x0, 0x0, 0xaf, 0xff, 0xff, 0x30, 0x0,
    0x0, 0x0, 0x0, 0x0, 0x5f, 0xff, 0xff, 0x70,
    0x0, 0x0, 0x0, 0x0, 0x0, 0x2f, 0xff, 0xff,
    0xb0, 0x0, 0x0, 0x0, 0x0, 0x0, 0xc, 0xff,
    0xff, 0xe1, 0x0, 0x0, 0x0, 0x0, 0x0, 0x8,
    0xff, 0xff, 0xf4, 0x0, 0x0, 0x0, 0x0, 0x0,
    0x4, 0xff, 0xff, 0xf9, 0x0, 0x0, 0x0, 0x0,
    0x0, 0x1, 0xef, 0xff, 0xfd, 0x0, 0x0, 0x0,
    0x0, 0x0, 0x0, 0xaf, 0xff, 0xff, 0x20, 0x0,
    0x0, 0x0, 0x0, 0x0, 0x6f, 0xff, 0xff, 0x60,
    0x0, 0x0, 0x0, 0x0, 0x0, 0x2f, 0xff, 0xff,
    0xa0, 0x0, 0x0, 0x0, 0x0, 0x0, 0xd, 0xff,
    0xff, 0xe1, 0x0, 0x0, 0x0, 0x0, 0x0, 0x8,
    0xff, 0xff, 0xfb, 0x77, 0x77, 0x77, 0x77, 0x77,
    0x75, 0xaf, 0xff, 0xff, 0xff, 0xff, 0xff, 0xff,
    0xff, 0xff, 0xaa, 0xff, 0xff, 0xff, 0xff, 0xff,
    0xff, 0xff, 0xff, 0xfa, 0xaf, 0xff, 0xff, 0xff,
    0xff, 0xff, 0xff, 0xff, 0xff, 0xaa, 0xff, 0xff,
    0xff, 0xff, 0xff, 0xff, 0xff, 0xff, 0xfa,

    /* U+005B "[" */
    0x5f, 0xff, 0xff, 0xff, 0xf5, 0x6f, 0xff, 0xff,
    0xff, 0xf5, 0x6f, 0xff, 0xff, 0xff, 0xf5, 0x6f,
    0xff, 0xff, 0xff, 0xf5, 0x6f, 0xff, 0xf0, 0x0,
    0x0, 0x6f, 0xff, 0xf0, 0x0, 0x0, 0x6f, 0xff,
    0xf0, 0x0, 0x0, 0x6f, 0xff, 0xf0, 0x0, 0x0,
    0x6f, 0xff, 0xf0, 0x0, 0x0, 0x6f, 0xff, 0xf0,
    0x0, 0x0, 0x6f, 0xff, 0xf0, 0x0, 0x0, 0x6f,
    0xff, 0xf0, 0x0, 0x0, 0x6f, 0xff, 0xf0, 0x0,
    0x0, 0x6f, 0xff, 0xf0, 0x0, 0x0, 0x6f, 0xff,
    0xf0, 0x0, 0x0, 0x6f, 0xff, 0xf0, 0x0, 0x0,
    0x6f, 0xff, 0xf0, 0x0, 0x0, 0x6f, 0xff, 0xf0,
    0x0, 0x0, 0x6f, 0xff, 0xf0, 0x0, 0x0, 0x6f,
    0xff, 0xf0, 0x0, 0x0, 0x6f, 0xff, 0xf0, 0x0,
    0x0, 0x6f, 0xff, 0xf0, 0x0, 0x0, 0x6f, 0xff,
    0xf0, 0x0, 0x0, 0x6f, 0xff, 0xf0, 0x0, 0x0,
    0x6f, 0xff, 0xf0, 0x0, 0x0, 0x6f, 0xff, 0xf0,
    0x0, 0x0, 0x6f, 0xff, 0xf0, 0x0, 0x0, 0x6f,
    0xff, 0xf0, 0x0, 0x0, 0x6f, 0xff, 0xf0, 0x0,
    0x0, 0x6f, 0xff, 0xff, 0xff, 0xf5, 0x6f, 0xff,
    0xff, 0xff, 0xf5, 0x6f, 0xff, 0xff, 0xff, 0xf5,
    0x6f, 0xff, 0xff, 0xff, 0xf5,

    /* U+005C "\\" */
    0xaf, 0xff, 0xb0, 0x0, 0x0, 0x0, 0x0, 0x4f,
    0xff, 0xf1, 0x0, 0x0, 0x0, 0x0, 0xf, 0xff,
    0xf6, 0x0, 0x0, 0x0, 0x0, 0xa, 0xff, 0xfb,
    0x0, 0x0, 0x0, 0x0, 0x4, 0xff, 0xff, 0x10,
    0x0, 0x0, 0x0, 0x0, 0xef, 0xff, 0x60, 0x0,
    0x0, 0x0, 0x0, 0xaf, 0xff, 0xb0, 0x0, 0x0,
    0x0, 0x0, 0x4f, 0xff, 0xf1, 0x0, 0x0, 0x0,
    0x0, 0xe, 0xff, 0xf6, 0x0, 0x0, 0x0, 0x0,
    0xa, 0xff, 0xfb, 0x0, 0x0, 0x0, 0x0, 0x4,
    0xff, 0xff, 0x10, 0x0, 0x0, 0x0, 0x0, 0xef,
    0xff, 0x60, 0x0, 0x0, 0x0, 0x0, 0x9f, 0xff,
    0xc0, 0x0, 0x0, 0x0, 0x0, 0x4f, 0xff, 0xf1,
    0x0, 0x0, 0x0, 0x0, 0xe, 0xff, 0xf6, 0x0,
    0x0, 0x0, 0x0, 0x9, 0xff, 0xfc, 0x0, 0x0,
    0x0, 0x0, 0x4, 0xff, 0xff, 0x10, 0x0, 0x0,
    0x0, 0x0, 0xef, 0xff, 0x60, 0x0, 0x0, 0x0,
    0x0, 0x9f, 0xff, 0xc0, 0x0, 0x0, 0x0, 0x0,
    0x4f, 0xff, 0xf1, 0x0, 0x0, 0x0, 0x0, 0xe,
    0xff, 0xf7, 0x0, 0x0, 0x0, 0x0, 0x9, 0xff,
    0xfc, 0x0, 0x0, 0x0, 0x0, 0x4, 0xff, 0xff,
    0x10, 0x0, 0x0, 0x0, 0x0, 0xef, 0xff, 0x70,
    0x0, 0x0, 0x0, 0x0, 0x9f, 0xff, 0xc0, 0x0,
    0x0, 0x0, 0x0, 0x4f, 0xff, 0xf2,

    /* U+005D "]" */
    0xcf, 0xff, 0xff, 0xff, 0xdd, 0xff, 0xff, 0xff,
    0xfe, 0xdf, 0xff, 0xff, 0xff, 0xed, 0xff, 0xff,
    0xff, 0xfe, 0x0, 0x0, 0x7f, 0xff, 0xe0, 0x0,
    0x7, 0xff, 0xfe, 0x0, 0x0, 0x7f, 0xff, 0xe0,
    0x0, 0x7, 0xff, 0xfe, 0x0, 0x0, 0x7f, 0xff,
    0xe0, 0x0, 0x7, 0xff, 0xfe, 0x0, 0x0, 0x7f,
    0xff, 0xe0, 0x0, 0x7, 0xff, 0xfe, 0x0, 0x0,
    0x7f, 0xff, 0xe0, 0x0, 0x7, 0xff, 0xfe, 0x0,
    0x0, 0x7f, 0xff, 0xe0, 0x0, 0x7, 0xff, 0xfe,
    0x0, 0x0, 0x7f, 0xff, 0xe0, 0x0, 0x7, 0xff,
    0xfe, 0x0, 0x0, 0x7f, 0xff, 0xe0, 0x0, 0x7,
    0xff, 0xfe, 0x0, 0x0, 0x7f, 0xff, 0xe0, 0x0,
    0x7, 0xff, 0xfe, 0x0, 0x0, 0x7f, 0xff, 0xe0,
    0x0, 0x7, 0xff, 0xfe, 0x0, 0x0, 0x7f, 0xff,
    0xe0, 0x0, 0x7, 0xff, 0xfe, 0x0, 0x0, 0x7f,
    0xff, 0xe0, 0x0, 0x7, 0xff, 0xfe, 0x0, 0x0,
    0x7f, 0xff, 0xec, 0xff, 0xff, 0xff, 0xfe, 0xdf,
    0xff, 0xff, 0xff, 0xed, 0xff, 0xff, 0xff, 0xfe,
    0xdf, 0xff, 0xff, 0xff, 0xe0,

    /* U+005E "^" */
    0x0, 0x0, 0x0, 0x1f, 0xff, 0xe0, 0x0, 0x0,
    0x0, 0x0, 0x0, 0x0, 0xaf, 0xff, 0xf8, 0x0,
    0x0, 0x0, 0x0, 0x0, 0x4, 0xff, 0xff, 0xff,
    0x20, 0x0, 0x0, 0x0, 0x0, 0xd, 0xff, 0xff,
    0xff, 0xc0, 0x0, 0x0, 0x0, 0x0, 0x7f, 0xff,
    0xcd, 0xff, 0xf6, 0x0, 0x0, 0x0, 0x2, 0xff,
    0xff, 0x25, 0xff, 0xfe, 0x10, 0x0, 0x0, 0xb,
    0xff, 0xf9, 0x0, 0xcf, 0xff, 0x90, 0x0, 0x0,
    0x5f, 0xff, 0xf1, 0x0, 0x3f, 0xff, 0xf3, 0x0,
    0x0, 0xef, 0xff, 0x70, 0x0, 0xa, 0xff, 0xfd,
    0x0, 0x8, 0xff, 0xfe, 0x0, 0x0, 0x1, 0xff,
    0xff, 0x70, 0x2f, 0xff, 0xf5, 0x0, 0x0, 0x0,
    0x8f, 0xff, 0xf1,

    /* U+005F "_" */
    0x67, 0x77, 0x77, 0x77, 0x77, 0x77, 0x77, 0x77,
    0x76, 0xff, 0xff, 0xff, 0xff, 0xff, 0xff, 0xff,
    0xff, 0xfe, 0xff, 0xff, 0xff, 0xff, 0xff, 0xff,
    0xff, 0xff, 0xfe, 0xff, 0xff, 0xff, 0xff, 0xff,
    0xff, 0xff, 0xff, 0xfe,

    /* U+0060 "`" */
    0x3b, 0xbb, 0xb2, 0x0, 0xd, 0xff, 0xf9, 0x0,
    0x4, 0xff, 0xff, 0x0, 0x0, 0xbf, 0xff, 0x60,
    0x0, 0x2f, 0xff, 0xd0, 0x0, 0x8, 0xff, 0xf4,

    /* U+0061 "a" */
    0x0, 0x0, 0x0, 0x36, 0x77, 0x75, 0x10, 0x0,
    0x0, 0x0, 0x2, 0xaf, 0xff, 0xff, 0xff, 0xfc,
    0x40, 0x0, 0x0, 0x8f, 0xff, 0xff, 0xff, 0xff,
    0xff, 0xf9, 0x0, 0x1c, 0xff, 0xff, 0xff, 0xff,
    0xff, 0xff, 0xff, 0x80, 0x9, 0xff, 0xf8, 0x41,
    0x1, 0x4b, 0xff, 0xff, 0xf1, 0x0, 0x7a, 0x10,
    0x0, 0x0, 0x0, 0x9f, 0xff, 0xf6, 0x0, 0x0,
    0x0, 0x0, 0x0, 0x0, 0x2f, 0xff, 0xf9, 0x0,
    0x0, 0x59, 0xcd, 0xdc, 0x96, 0x3f, 0xff, 0xfa,
    0x0, 0x5e, 0xff, 0xff, 0xff, 0xff, 0xff, 0xff,
    0xfb, 0x7, 0xff, 0xff, 0xff, 0xff, 0xff, 0xff,
    0xff, 0xfb, 0x3f, 0xff, 0xff, 0x72, 0x0, 0x25,
    0xcf, 0xff, 0xfb, 0x9f, 0xff, 0xf3, 0x0, 0x0,
    0x0, 0x1f, 0xff, 0xfb, 0xdf, 0xff, 0xc0, 0x0,
    0x0, 0x0, 0x4f, 0xff, 0xfb, 0xef, 0xff, 0xc0,
    0x0, 0x0, 0x0, 0xaf, 0xff, 0xfb, 0xdf, 0xff,
    0xf3, 0x0, 0x0, 0x6, 0xff, 0xff, 0xfb, 0xaf,
    0xff, 0xfe, 0x73, 0x24, 0xaf, 0xff, 0xff, 0xfb,
    0x3f, 0xff, 0xff, 0xff, 0xff, 0xff, 0xbf, 0xff,
    0xfb, 0x7, 0xff, 0xff, 0xff, 0xff, 0xfc, 0x1f,
    0xff, 0xfb, 0x0, 0x5e, 0xff, 0xff, 0xff, 0x70,
    0x1f, 0xff, 0xfb, 0x0, 0x0, 0x36, 0x77, 0x40,
    0x0, 0x0, 0x0, 0x0,

    /* U+0062 "b" */
    0xcf, 0xff, 0xf0, 0x0, 0x0, 0x0, 0x0, 0x0,
    0x0, 0x0, 0xcf, 0xff, 0xf0, 0x0, 0x0, 0x0,
    0x0, 0x0, 0x0, 0x0, 0xcf, 0xff, 0xf0, 0x0,
    0x0, 0x0, 0x0, 0x0, 0x0, 0x0, 0xcf, 0xff,
    0xf0, 0x0, 0x0, 0x0, 0x0, 0x0, 0x0, 0x0,
    0xcf, 0xff, 0xf0, 0x0, 0x0, 0x0, 0x0, 0x0,
    0x0, 0x0, 0xcf, 0xff, 0xf0, 0x0, 0x0, 0x0,
    0x0, 0x0, 0x0, 0x0, 0xcf, 0xff, 0xf0, 0x0,
    0x0, 0x0, 0x0, 0x0, 0x0, 0x0, 0xcf, 0xff,
    0xf0, 0x0, 0x15, 0x77, 0x52, 0x0, 0x0, 0x0,
    0xcf, 0xff, 0xf0, 0x1a, 0xff, 0xff, 0xff, 0xc4,
    0x0, 0x0, 0xcf, 0xff, 0xf2, 0xef, 0xff, 0xff,
    0xff, 0xff, 0x80, 0x0, 0xcf, 0xff, 0xfe, 0xff,
    0xff, 0xff, 0xff, 0xff, 0xf8, 0x0, 0xcf, 0xff,
    0xff, 0xff, 0xc9, 0x9c, 0xff, 0xff, 0xff, 0x30,
    0xcf, 0xff, 0xff, 0xd2, 0x0, 0x0, 0x4e, 0xff,
    0xff, 0xc0, 0xcf, 0xff, 0xfe, 0x10, 0x0, 0x0,
    0x2, 0xff, 0xff, 0xf2, 0xcf, 0xff, 0xf5, 0x0,
    0x0, 0x0, 0x0, 0x8f, 0xff, 0xf6, 0xcf, 0xff,
    0xf0, 0x0, 0x0, 0x0, 0x0, 0x3f, 0xff, 0xf8,
    0xcf, 0xff, 0xe0, 0x0, 0x0, 0x0, 0x0, 0xf,
    0xff, 0xf9, 0xcf, 0xff, 0xe0, 0x0, 0x0, 0x0,
    0x0, 0xf, 0xff, 0xf9, 0xcf, 0xff, 0xf0, 0x0,
    0x0, 0x0, 0x0, 0x3f, 0xff, 0xf8, 0xcf, 0xff,
    0xf6, 0x0, 0x0, 0x0, 0x0, 0x8f, 0xff, 0xf5,
    0xcf, 0xff, 0xfe, 0x10, 0x0, 0x0, 0x2, 0xff,
    0xff, 0xf1, 0xcf, 0xff, 0xff, 0xd2, 0x0, 0x0,
    0x4e, 0xff, 0xff, 0xa0, 0xcf, 0xff, 0xff, 0xff,
    0xb9, 0x9c, 0xff, 0xff, 0xff, 0x20, 0xcf, 0xff,
    0xfd, 0xff, 0xff, 0xff, 0xff, 0xff, 0xf6, 0x0,
    0xcf, 0xff, 0xc2, 0xef, 0xff, 0xff, 0xff, 0xff,
    0x60, 0x0, 0xcf, 0xff, 0xc0, 0x19, 0xff, 0xff,
    0xff, 0xc3, 0x0, 0x0, 0x0, 0x0, 0x0, 0x0,
    0x15, 0x77, 0x51, 0x0, 0x0, 0x0,

    /* U+0063 "c" */
    0x0, 0x0, 0x0, 0x4, 0x67, 0x75, 0x20, 0x0,
    0x0, 0x0, 0x0, 0x2, 0x9f, 0xff, 0xff, 0xff,
    0xd6, 0x0, 0x0, 0x0, 0x6, 0xff, 0xff, 0xff,
    0xff, 0xff, 0xfc, 0x10, 0x0, 0x7, 0xff, 0xff,
    0xff, 0xff, 0xff, 0xff, 0xfd, 0x0, 0x4, 0xff,
    0xff, 0xff, 0xb9, 0x9c, 0xff, 0xff, 0xf9, 0x0,
    0xdf, 0xff, 0xfc, 0x20, 0x0, 0x4, 0xef, 0xff,
    0xf1, 0x4f, 0xff, 0xfd, 0x0, 0x0, 0x0, 0x3,
    0xfe, 0x82, 0x9, 0xff, 0xff, 0x40, 0x0, 0x0,
    0x0, 0x3, 0x0, 0x0, 0xcf, 0xff, 0xe0, 0x0,
    0x0, 0x0, 0x0, 0x0, 0x0, 0xd, 0xff, 0xfc,
    0x0, 0x0, 0x0, 0x0, 0x0, 0x0, 0x0, 0xdf,
    0xff, 0xc0, 0x0, 0x0, 0x0, 0x0, 0x0, 0x0,
    0xc, 0xff, 0xff, 0x0, 0x0, 0x0, 0x0, 0x0,
    0x0, 0x0, 0x9f, 0xff, 0xf4, 0x0, 0x0, 0x0,
    0x0, 0x31, 0x0, 0x4, 0xff, 0xff, 0xd0, 0x0,
    0x0, 0x0, 0x2f, 0xfb, 0x61, 0xd, 0xff, 0xff,
    0xc2, 0x0, 0x0, 0x4e, 0xff, 0xff, 0x20, 0x4f,
    0xff, 0xff, 0xfb, 0x99, 0xcf, 0xff, 0xff, 0x90,
    0x0, 0x6f, 0xff, 0xff, 0xff, 0xff, 0xff, 0xff,
    0xd0, 0x0, 0x0, 0x5f, 0xff, 0xff, 0xff, 0xff,
    0xff, 0xc1, 0x0, 0x0, 0x0, 0x19, 0xff, 0xff,
    0xff, 0xfd, 0x60, 0x0, 0x0, 0x0, 0x0, 0x0,
    0x46, 0x77, 0x52, 0x0, 0x0, 0x0,

    /* U+0064 "d" */
    0x0, 0x0, 0x0, 0x0, 0x0, 0x0, 0x0, 0x3f,
    0xff, 0xf8, 0x0, 0x0, 0x0, 0x0, 0x0, 0x0,
    0x0, 0x3f, 0xff, 0xf8, 0x0, 0x0, 0x0, 0x0,
    0x0, 0x0, 0x0, 0x3f, 0xff, 0xf8, 0x0, 0x0,
    0x0, 0x0, 0x0, 0x0, 0x0, 0x3f, 0xff, 0xf8,
    0x0, 0x0, 0x0, 0x0, 0x0, 0x0, 0x0, 0x3f,
    0xff, 0xf8, 0x0, 0x0, 0x0, 0x0, 0x0, 0x0,
    0x0, 0x3f, 0xff, 0xf8, 0x0, 0x0, 0x0, 0x0,
    0x0, 0x0, 0x0, 0x3f, 0xff, 0xf8, 0x0, 0x0,
    0x0, 0x25, 0x76, 0x50, 0x0, 0x3f, 0xff, 0xf8,
    0x0, 0x0, 0x4d, 0xff, 0xff, 0xff, 0x90, 0x3f,
    0xff, 0xf8, 0x0, 0x9, 0xff, 0xff, 0xff, 0xff,
    0xfd, 0x4f, 0xff, 0xf8, 0x0, 0xaf, 0xff, 0xff,
    0xff, 0xff, 0xff, 0xef, 0xff, 0xf8, 0x6, 0xff,
    0xff, 0xff, 0xb9, 0x9d, 0xff, 0xff, 0xff, 0xf8,
    0xe, 0xff, 0xff, 0xc2, 0x0, 0x0, 0x5f, 0xff,
    0xff, 0xf8, 0x5f, 0xff, 0xfd, 0x0, 0x0, 0x0,
    0x3, 0xff, 0xff, 0xf8, 0x9f, 0xff, 0xf4, 0x0,
    0x0, 0x0, 0x0, 0x9f, 0xff, 0xf8, 0xcf, 0xff,
    0xe0, 0x0, 0x0, 0x0, 0x0, 0x4f, 0xff, 0xf8,
    0xdf, 0xff, 0xc0, 0x0, 0x0, 0x0, 0x0, 0x2f,
    0xff, 0xf8, 0xdf, 0xff, 0xc0, 0x0, 0x0, 0x0,
    0x0, 0x2f, 0xff, 0xf8, 0xcf, 0xff, 0xf0, 0x0,
    0x0, 0x0, 0x0, 0x4f, 0xff, 0xf8, 0x9f, 0xff,
    0xf4, 0x0, 0x0, 0x0, 0x0, 0x9f, 0xff, 0xf8,
    0x5f, 0xff, 0xfd, 0x0, 0x0, 0x0, 0x3, 0xff,
    0xff, 0xf8, 0xe, 0xff, 0xff, 0xc2, 0x0, 0x0,
    0x4e, 0xff, 0xff, 0xf8, 0x7, 0xff, 0xff, 0xff,
    0xb8, 0x9c, 0xff, 0xff, 0xff, 0xf8, 0x0, 0xbf,
    0xff, 0xff, 0xff, 0xff, 0xff, 0xbf, 0xff, 0xf8,
    0x0, 0xb, 0xff, 0xff, 0xff, 0xff, 0xfc, 0x1f,
    0xff, 0xf8, 0x0, 0x0, 0x6e, 0xff, 0xff, 0xfe,
    0x80, 0xf, 0xff, 0xf8, 0x0, 0x0, 0x0, 0x36,
    0x76, 0x40, 0x0, 0x0, 0x0, 0x0,

    /* U+0065 "e" */
    0x0, 0x0, 0x0, 0x14, 0x67, 0x75, 0x20, 0x0,
    0x0, 0x0, 0x0, 0x2, 0xaf, 0xff, 0xff, 0xff,
    0xc4, 0x0, 0x0, 0x0, 0x7, 0xff, 0xff, 0xff,
    0xff, 0xff, 0xf9, 0x0, 0x0, 0x7, 0xff, 0xff,
    0xff, 0xff, 0xff, 0xff, 0xfa, 0x0, 0x4, 0xff,
    0xff, 0xfc, 0x64, 0x58, 0xef, 0xff, 0xf6, 0x0,
    0xdf, 0xff, 0xf7, 0x0, 0x0, 0x1, 0xdf, 0xff,
    0xe0, 0x4f, 0xff, 0xfa, 0x0, 0x0, 0x0, 0x3,
    0xff, 0xff, 0x59, 0xff, 0xff, 0xa9, 0x99, 0x99,
    0x99, 0x9f, 0xff, 0xf8, 0xcf, 0xff, 0xff, 0xff,
    0xff, 0xff, 0xff, 0xff, 0xff, 0xad, 0xff, 0xff,
    0xff, 0xff, 0xff, 0xff, 0xff, 0xff, 0xfb, 0xdf,
    0xff, 0xff, 0xff, 0xff, 0xff, 0xff, 0xff, 0xff,
    0xac, 0xff, 0xff, 0x0, 0x0, 0x0, 0x0, 0x0,
    0x0, 0x0, 0x9f, 0xff, 0xf4, 0x0, 0x0, 0x0,
    0x0, 0x0, 0x0, 0x4, 0xff, 0xff, 0xb0, 0x0,
    0x0, 0x0, 0x1, 0xc2, 0x0, 0xe, 0xff, 0xff,
    0x90, 0x0, 0x0, 0x2, 0xdf, 0xf5, 0x0, 0x5f,
    0xff, 0xff, 0xd6, 0x32, 0x48, 0xff, 0xff, 0xe1,
    0x0, 0x8f, 0xff, 0xff, 0xff, 0xff, 0xff, 0xff,
    0xf4, 0x0, 0x0, 0x8f, 0xff, 0xff, 0xff, 0xff,
    0xff, 0xe3, 0x0, 0x0, 0x0, 0x3b, 0xff, 0xff,
    0xff, 0xfe, 0x80, 0x0, 0x0, 0x0, 0x0, 0x1,
    0x46, 0x77, 0x63, 0x0, 0x0, 0x0,

    /* U+0066 "f" */
    0x0, 0x0, 0x0, 0x0, 0x47, 0x76, 0x41, 0x0,
    0x0, 0x0, 0x7f, 0xff, 0xff, 0xf7, 0x0, 0x0,
    0xa, 0xff, 0xff, 0xff, 0xf7, 0x0, 0x0, 0x5f,
    0xff, 0xff, 0xff, 0xf7, 0x0, 0x0, 0xcf, 0xff,
    0xfe, 0x76, 0x85, 0x0, 0x0, 0xff, 0xff, 0xf1,
    0x0, 0x0, 0x0, 0x1, 0xff, 0xff, 0xb0, 0x0,
    0x0, 0x0, 0x1, 0xff, 0xff, 0xa0, 0x0, 0x0,
    0x0, 0x1, 0xff, 0xff, 0xa0, 0x0, 0x0, 0x1f,
    0xff, 0xff, 0xff, 0xff, 0xff, 0xd0, 0x1f, 0xff,
    0xff, 0xff, 0xff, 0xff, 0xd0, 0x1f, 0xff, 0xff,
    0xff, 0xff, 0xff, 0xd0, 0xb, 0xbc, 0xff, 0xff,
    0xeb, 0xbb, 0x90, 0x0, 0x1, 0xff, 0xff, 0xa0,
    0x0, 0x0, 0x0, 0x1, 0xff, 0xff, 0xa0, 0x0,
    0x0, 0x0, 0x1, 0xff, 0xff, 0xa0, 0x0, 0x0,
    0x0, 0x1, 0xff, 0xff, 0xa0, 0x0, 0x0, 0x0,
    0x1, 0xff, 0xff, 0xa0, 0x0, 0x0, 0x0, 0x1,
    0xff, 0xff, 0xa0, 0x0, 0x0, 0x0, 0x1, 0xff,
    0xff, 0xa0, 0x0, 0x0, 0x0, 0x1, 0xff, 0xff,
    0xa0, 0x0, 0x0, 0x0, 0x1, 0xff, 0xff, 0xa0,
    0x0, 0x0, 0x0, 0x1, 0xff, 0xff, 0xa0, 0x0,
    0x0, 0x0, 0x1, 0xff, 0xff, 0xa0, 0x0, 0x0,
    0x0, 0x1, 0xff, 0xff, 0xa0, 0x0, 0x0, 0x0,
    0x1, 0xff, 0xff, 0xa0, 0x0, 0x0, 0x0, 0x1,
    0xff, 0xff, 0xa0, 0x0, 0x0,

    /* U+0067 "g" */
    0x0, 0x0, 0x0, 0x36, 0x77, 0x51, 0x0, 0x0,
    0x0, 0x0, 0x0, 0x0, 0x6e, 0xff, 0xff, 0xff,
    0xa1, 0x4f, 0xff, 0xf4, 0x0, 0xb, 0xff, 0xff,
    0xff, 0xff, 0xfe, 0x6f, 0xff, 0xf4, 0x0, 0xbf,
    0xff, 0xff, 0xff, 0xff, 0xff, 0xff, 0xff, 0xf4,
    0x7, 0xff, 0xff, 0xff, 0xb9, 0x9d, 0xff, 0xff,
    0xff, 0xf4, 0xf, 0xff, 0xff, 0xb1, 0x0, 0x0,
    0x5f, 0xff, 0xff, 0xf4, 0x6f, 0xff, 0xfc, 0x0,
    0x0, 0x0, 0x4, 0xff, 0xff, 0xf4, 0xaf, 0xff,
    0xf3, 0x0, 0x0, 0x0, 0x0, 0xbf, 0xff, 0xf4,
    0xcf, 0xff, 0xe0, 0x0, 0x0, 0x0, 0x0, 0x6f,
    0xff, 0xf4, 0xdf, 0xff, 0xd0, 0x0, 0x0, 0x0,
    0x0, 0x4f, 0xff, 0xf4, 0xdf, 0xff, 0xd0, 0x0,
    0x0, 0x0, 0x0, 0x5f, 0xff, 0xf4, 0xcf, 0xff,
    0xf1, 0x0, 0x0, 0x0, 0x0, 0x8f, 0xff, 0xf4,
    0x9f, 0xff, 0xf7, 0x0, 0x0, 0x0, 0x1, 0xef,
    0xff, 0xf4, 0x4f, 0xff, 0xff, 0x40, 0x0, 0x0,
    0xb, 0xff, 0xff, 0xf4, 0xd, 0xff, 0xff, 0xf9,
    0x41, 0x26, 0xdf, 0xff, 0xff, 0xf4, 0x4, 0xff,
    0xff, 0xff, 0xff, 0xff, 0xff, 0xff, 0xff, 0xf4,
    0x0, 0x7f, 0xff, 0xff, 0xff, 0xff, 0xff, 0xaf,
    0xff, 0xf4, 0x0, 0x5, 0xef, 0xff, 0xff, 0xff,
    0xf5, 0x4f, 0xff, 0xf4, 0x0, 0x0, 0x6, 0xbe,
    0xff, 0xd8, 0x10, 0x5f, 0xff, 0xf3, 0x0, 0x0,
    0x0, 0x0, 0x0, 0x0, 0x0, 0x6f, 0xff, 0xf1,
    0x0, 0x2, 0x90, 0x0, 0x0, 0x0, 0x0, 0xbf,
    0xff, 0xe0, 0x3, 0xaf, 0xf9, 0x0, 0x0, 0x0,
    0x3, 0xff, 0xff, 0xa0, 0xc, 0xff, 0xff, 0x80,
    0x0, 0x0, 0x2e, 0xff, 0xff, 0x50, 0x3, 0xff,
    0xff, 0xfd, 0x86, 0x7b, 0xff, 0xff, 0xfd, 0x0,
    0x0, 0x7f, 0xff, 0xff, 0xff, 0xff, 0xff, 0xff,
    0xf3, 0x0, 0x0, 0x7, 0xff, 0xff, 0xff, 0xff,
    0xff, 0xff, 0x40, 0x0, 0x0, 0x0, 0x3b, 0xff,
    0xff, 0xff, 0xff, 0x91, 0x0, 0x0, 0x0, 0x0,
    0x0, 0x14, 0x77, 0x76, 0x30, 0x0, 0x0, 0x0,

    /* U+0068 "h" */
    0xcf, 0xff, 0xf0, 0x0, 0x0, 0x0, 0x0, 0x0,
    0x0, 0xcf, 0xff, 0xf0, 0x0, 0x0, 0x0, 0x0,
    0x0, 0x0, 0xcf, 0xff, 0xf0, 0x0, 0x0, 0x0,
    0x0, 0x0, 0x0, 0xcf, 0xff, 0xf0, 0x0, 0x0,
    0x0, 0x0, 0x0, 0x0, 0xcf, 0xff, 0xf0, 0x0,
    0x0, 0x0, 0x0, 0x0, 0x0, 0xcf, 0xff, 0xf0,
    0x0, 0x0, 0x0, 0x0, 0x0, 0x0, 0xcf, 0xff,
    0xf0, 0x0, 0x0, 0x0, 0x0, 0x0, 0x0, 0xcf,
    0xff, 0xf0, 0x0, 0x5, 0x77, 0x51, 0x0, 0x0,
    0xcf, 0xff, 0xf0, 0x9, 0xff, 0xff, 0xff, 0xa1,
    0x0, 0xcf, 0xff, 0xf1, 0xdf, 0xff, 0xff, 0xff,
    0xfd, 0x10, 0xcf, 0xff, 0xfb, 0xff, 0xff, 0xff,
    0xff, 0xff, 0xb0, 0xcf, 0xff, 0xff, 0xfd, 0x87,
    0xaf, 0xff, 0xff, 0xf2, 0xcf, 0xff, 0xff, 0x80,
    0x0, 0x2, 0xff, 0xff, 0xf7, 0xcf, 0xff, 0xfb,
    0x0, 0x0, 0x0, 0x8f, 0xff, 0xf9, 0xcf, 0xff,
    0xf4, 0x0, 0x0, 0x0, 0x4f, 0xff, 0xfa, 0xcf,
    0xff, 0xf0, 0x0, 0x0, 0x0, 0x2f, 0xff, 0xfa,
    0xcf, 0xff, 0xf0, 0x0, 0x0, 0x0, 0x2f, 0xff,
    0xfa, 0xcf, 0xff, 0xf0, 0x0, 0x0, 0x0, 0x2f,
    0xff, 0xfa, 0xcf, 0xff, 0xf0, 0x0, 0x0, 0x0,
    0x2f, 0xff, 0xfa, 0xcf, 0xff, 0xf0, 0x0, 0x0,
    0x0, 0x2f, 0xff, 0xfa, 0xcf, 0xff, 0xf0, 0x0,
    0x0, 0x0, 0x2f, 0xff, 0xfa, 0xcf, 0xff, 0xf0,
    0x0, 0x0, 0x0, 0x2f, 0xff, 0xfa, 0xcf, 0xff,
    0xf0, 0x0, 0x0, 0x0, 0x2f, 0xff, 0xfa, 0xcf,
    0xff, 0xf0, 0x0, 0x0, 0x0, 0x2f, 0xff, 0xfa,
    0xcf, 0xff, 0xf0, 0x0, 0x0, 0x0, 0x2f, 0xff,
    0xfa, 0xcf, 0xff, 0xf0, 0x0, 0x0, 0x0, 0x2f,
    0xff, 0xfa,

    /* U+0069 "i" */
    0x1, 0xaf, 0xd5, 0x0, 0xaf, 0xff, 0xf3, 0xf,
    0xff, 0xff, 0x80, 0xdf, 0xff, 0xf6, 0x5, 0xff,
    0xfd, 0x0, 0x2, 0x76, 0x0, 0x0, 0x0, 0x0,
    0x0, 0x0, 0x0, 0x0, 0x0, 0x0, 0x0, 0x0,
    0x9f, 0xff, 0xf2, 0x9, 0xff, 0xff, 0x20, 0x9f,
    0xff, 0xf2, 0x9, 0xff, 0xff, 0x20, 0x9f, 0xff,
    0xf2, 0x9, 0xff, 0xff, 0x20, 0x9f, 0xff, 0xf2,
    0x9, 0xff, 0xff, 0x20, 0x9f, 0xff, 0xf2, 0x9,
    0xff, 0xff, 0x20, 0x9f, 0xff, 0xf2, 0x9, 0xff,
    0xff, 0x20, 0x9f, 0xff, 0xf2, 0x9, 0xff, 0xff,
    0x20, 0x9f, 0xff, 0xf2, 0x9, 0xff, 0xff, 0x20,
    0x9f, 0xff, 0xf2, 0x9, 0xff, 0xff, 0x20,

    /* U+006A "j" */
    0x0, 0x0, 0x1, 0xaf, 0xd5, 0x0, 0x0, 0x0,
    0xbf, 0xff, 0xf3, 0x0, 0x0, 0xf, 0xff, 0xff,
    0x70, 0x0, 0x0, 0xef, 0xff, 0xf6, 0x0, 0x0,
    0x5, 0xff, 0xfd, 0x0, 0x0, 0x0, 0x3, 0x76,
    0x0, 0x0, 0x0, 0x0, 0x0, 0x0, 0x0, 0x0,
    0x0, 0x0, 0x0, 0x0, 0x0, 0x0, 0x0, 0x0,
    0x0, 0x0, 0x0, 0x0, 0x9f, 0xff, 0xf2, 0x0,
    0x0, 0x9, 0xff, 0xff, 0x20, 0x0, 0x0, 0x9f,
    0xff, 0xf2, 0x0, 0x0, 0x9, 0xff, 0xff, 0x20,
    0x0, 0x0, 0x9f, 0xff, 0xf2, 0x0, 0x0, 0x9,
    0xff, 0xff, 0x20, 0x0, 0x0, 0x9f, 0xff, 0xf2,
    0x0, 0x0, 0x9, 0xff, 0xff, 0x20, 0x0, 0x0,
    0x9f, 0xff, 0xf2, 0x0, 0x0, 0x9, 0xff, 0xff,
    0x20, 0x0, 0x0, 0x9f, 0xff, 0xf2, 0x0, 0x0,
    0x9, 0xff, 0xff, 0x20, 0x0, 0x0, 0x9f, 0xff,
    0xf2, 0x0, 0x0, 0x9, 0xff, 0xff, 0x20, 0x0,
    0x0, 0x9f, 0xff, 0xf2, 0x0, 0x0, 0x9, 0xff,
    0xff, 0x20, 0x0, 0x0, 0x9f, 0xff, 0xf2, 0x0,
    0x0, 0x9, 0xff, 0xff, 0x20, 0x0, 0x0, 0x9f,
    0xff, 0xf2, 0x0, 0x0, 0x9, 0xff, 0xff, 0x20,
    0x0, 0x0, 0xbf, 0xff, 0xf2, 0x0, 0x0, 0x2f,
    0xff, 0xff, 0x5, 0xa8, 0xaf, 0xff, 0xff, 0xd0,
    0x6f, 0xff, 0xff, 0xff, 0xf6, 0x6, 0xff, 0xff,
    0xff, 0xfa, 0x0, 0x6f, 0xff, 0xff, 0xf7, 0x0,
    0x0, 0x47, 0x77, 0x40, 0x0, 0x0,

    /* U+006B "k" */
    0xcf, 0xff, 0xf0, 0x0, 0x0, 0x0, 0x0, 0x0,
    0x0, 0xc, 0xff, 0xff, 0x0, 0x0, 0x0, 0x0,
    0x0, 0x0, 0x0, 0xcf, 0xff, 0xf0, 0x0, 0x0,
    0x0, 0x0, 0x0, 0x0, 0xc, 0xff, 0xff, 0x0,
    0x0, 0x0, 0x0, 0x0, 0x0, 0x0, 0xcf, 0xff,
    0xf0, 0x0, 0x0, 0x0, 0x0, 0x0, 0x0, 0xc,
    0xff, 0xff, 0x0, 0x0, 0x0, 0x0, 0x0, 0x0,
    0x0, 0xcf, 0xff, 0xf0, 0x0, 0x0, 0x0, 0x0,
    0x0, 0x0, 0xc, 0xff, 0xff, 0x0, 0x0, 0x0,
    0x0, 0x0, 0x0, 0x0, 0xcf, 0xff, 0xf0, 0x0,
    0x0, 0x5, 0xff, 0xff, 0xfb, 0xc, 0xff, 0xff,
    0x0, 0x0, 0x4, 0xff, 0xff, 0xfa, 0x0, 0xcf,
    0xff, 0xf0, 0x0, 0x4, 0xff, 0xff, 0xfa, 0x0,
    0xc, 0xff, 0xff, 0x0, 0x4, 0xff, 0xff, 0xf9,
    0x0, 0x0, 0xcf, 0xff, 0xf0, 0x4, 0xff, 0xff,
    0xf9, 0x0, 0x0, 0xc, 0xff, 0xff, 0x4, 0xff,
    0xff, 0xf8, 0x0, 0x0, 0x0, 0xcf, 0xff, 0xf4,
    0xff, 0xff, 0xf8, 0x0, 0x0, 0x0, 0xc, 0xff,
    0xff, 0xff, 0xff, 0xff, 0x60, 0x0, 0x0, 0x0,
    0xcf, 0xff, 0xff, 0xff, 0xff, 0xff, 0x10, 0x0,
    0x0, 0xc, 0xff, 0xff, 0xff, 0xff, 0xff, 0xfb,
    0x0, 0x0, 0x0, 0xcf, 0xff, 0xff, 0xf8, 0xff,
    0xff, 0xf6, 0x0, 0x0, 0xc, 0xff, 0xff, 0xf6,
    0x8, 0xff, 0xff, 0xf1, 0x0, 0x0, 0xcf, 0xff,
    0xf5, 0x0, 0xd, 0xff, 0xff, 0xb0, 0x0, 0xc,
    0xff, 0xff, 0x0, 0x0, 0x4f, 0xff, 0xff, 0x60,
    0x0, 0xcf, 0xff, 0xf0, 0x0, 0x0, 0x9f, 0xff,
    0xff, 0x10, 0xc, 0xff, 0xff, 0x0, 0x0, 0x1,
    0xef, 0xff, 0xfb, 0x0, 0xcf, 0xff, 0xf0, 0x0,
    0x0, 0x5, 0xff, 0xff, 0xf6, 0xc, 0xff, 0xff,
    0x0, 0x0, 0x0, 0xb, 0xff, 0xff, 0xf1,

    /* U+006C "l" */
    0xcf, 0xff, 0xfc, 0xff, 0xff, 0xcf, 0xff, 0xfc,
    0xff, 0xff, 0xcf, 0xff, 0xfc, 0xff, 0xff, 0xcf,
    0xff, 0xfc, 0xff, 0xff, 0xcf, 0xff, 0xfc, 0xff,
    0xff, 0xcf, 0xff, 0xfc, 0xff, 0xff, 0xcf, 0xff,
    0xfc, 0xff, 0xff, 0xcf, 0xff, 0xfc, 0xff, 0xff,
    0xcf, 0xff, 0xfc, 0xff, 0xff, 0xcf, 0xff, 0xfc,
    0xff, 0xff, 0xcf, 0xff, 0xfc, 0xff, 0xff, 0xcf,
    0xff, 0xfc, 0xff, 0xff, 0xcf, 0xff, 0xfc, 0xff,
    0xff,

    /* U+006D "m" */
    0x0, 0x0, 0x0, 0x0, 0x25, 0x76, 0x40, 0x0,
    0x0, 0x0, 0x36, 0x77, 0x41, 0x0, 0x0, 0xcf,
    0xff, 0xc0, 0x3c, 0xff, 0xff, 0xfe, 0x70, 0x0,
    0x5d, 0xff, 0xff, 0xff, 0x80, 0x0, 0xcf, 0xff,
    0xc6, 0xff, 0xff, 0xff, 0xff, 0xfa, 0xa, 0xff,
    0xff, 0xff, 0xff, 0xfb, 0x0, 0xcf, 0xff, 0xff,
    0xff, 0xff, 0xff, 0xff, 0xff, 0xcf, 0xff, 0xff,
    0xff, 0xff, 0xff, 0x60, 0xcf, 0xff, 0xff, 0xfc,
    0x89, 0xdf, 0xff, 0xff, 0xff, 0xfd, 0x88, 0xbf,
    0xff, 0xff, 0xd0, 0xcf, 0xff, 0xff, 0x70, 0x0,
    0x9, 0xff, 0xff, 0xff, 0x90, 0x0, 0x5, 0xff,
    0xff, 0xf2, 0xcf, 0xff, 0xfa, 0x0, 0x0, 0x0,
    0xef, 0xff, 0xfc, 0x0, 0x0, 0x0, 0xbf, 0xff,
    0xf4, 0xcf, 0xff, 0xf3, 0x0, 0x0, 0x0, 0xbf,
    0xff, 0xf6, 0x0, 0x0, 0x0, 0x7f, 0xff, 0xf5,
    0xcf, 0xff, 0xf0, 0x0, 0x0, 0x0, 0xaf, 0xff,
    0xf3, 0x0, 0x0, 0x0, 0x6f, 0xff, 0xf5, 0xcf,
    0xff, 0xf0, 0x0, 0x0, 0x0, 0xaf, 0xff, 0xf2,
    0x0, 0x0, 0x0, 0x6f, 0xff, 0xf5, 0xcf, 0xff,
    0xf0, 0x0, 0x0, 0x0, 0xaf, 0xff, 0xf2, 0x0,
    0x0, 0x0, 0x6f, 0xff, 0xf5, 0xcf, 0xff, 0xf0,
    0x0, 0x0, 0x0, 0xaf, 0xff, 0xf2, 0x0, 0x0,
    0x0, 0x6f, 0xff, 0xf5, 0xcf, 0xff, 0xf0, 0x0,
    0x0, 0x0, 0xaf, 0xff, 0xf2, 0x0, 0x0, 0x0,
    0x6f, 0xff, 0xf5, 0xcf, 0xff, 0xf0, 0x0, 0x0,
    0x0, 0xaf, 0xff, 0xf2, 0x0, 0x0, 0x0, 0x6f,
    0xff, 0xf5, 0xcf, 0xff, 0xf0, 0x0, 0x0, 0x0,
    0xaf, 0xff, 0xf2, 0x0, 0x0, 0x0, 0x6f, 0xff,
    0xf5, 0xcf, 0xff, 0xf0, 0x0, 0x0, 0x0, 0xaf,
    0xff, 0xf2, 0x0, 0x0, 0x0, 0x6f, 0xff, 0xf5,
    0xcf, 0xff, 0xf0, 0x0, 0x0, 0x0, 0xaf, 0xff,
    0xf2, 0x0, 0x0, 0x0, 0x6f, 0xff, 0xf5, 0xcf,
    0xff, 0xf0, 0x0, 0x0, 0x0, 0xaf, 0xff, 0xf2,
    0x0, 0x0, 0x0, 0x6f, 0xff, 0xf5, 0xcf, 0xff,
    0xf0, 0x0, 0x0, 0x0, 0xaf, 0xff, 0xf2, 0x0,
    0x0, 0x0, 0x6f, 0xff, 0xf5,

    /* U+006E "n" */
    0x0, 0x0, 0x0, 0x0, 0x15, 0x77, 0x51, 0x0,
    0x0, 0xcf, 0xff, 0xc0, 0x3b, 0xff, 0xff, 0xff,
    0xa1, 0x0, 0xcf, 0xff, 0xc6, 0xff, 0xff, 0xff,
    0xff, 0xfe, 0x10, 0xcf, 0xff, 0xff, 0xff, 0xff,
    0xff, 0xff, 0xff, 0xb0, 0xcf, 0xff, 0xff, 0xfd,
    0x88, 0xbf, 0xff, 0xff, 0xf2, 0xcf, 0xff, 0xff,
    0x70, 0x0, 0x3, 0xff, 0xff, 0xf7, 0xcf, 0xff,
    0xfa, 0x0, 0x0, 0x0, 0x7f, 0xff, 0xf9, 0xcf,
    0xff, 0xf3, 0x0, 0x0, 0x0, 0x4f, 0xff, 0xfa,
    0xcf, 0xff, 0xf0, 0x0, 0x0, 0x0, 0x2f, 0xff,
    0xfa, 0xcf, 0xff, 0xf0, 0x0, 0x0, 0x0, 0x2f,
    0xff, 0xfa, 0xcf, 0xff, 0xf0, 0x0, 0x0, 0x0,
    0x2f, 0xff, 0xfa, 0xcf, 0xff, 0xf0, 0x0, 0x0,
    0x0, 0x2f, 0xff, 0xfa, 0xcf, 0xff, 0xf0, 0x0,
    0x0, 0x0, 0x2f, 0xff, 0xfa, 0xcf, 0xff, 0xf0,
    0x0, 0x0, 0x0, 0x2f, 0xff, 0xfa, 0xcf, 0xff,
    0xf0, 0x0, 0x0, 0x0, 0x2f, 0xff, 0xfa, 0xcf,
    0xff, 0xf0, 0x0, 0x0, 0x0, 0x2f, 0xff, 0xfa,
    0xcf, 0xff, 0xf0, 0x0, 0x0, 0x0, 0x2f, 0xff,
    0xfa, 0xcf, 0xff, 0xf0, 0x0, 0x0, 0x0, 0x2f,
    0xff, 0xfa, 0xcf, 0xff, 0xf0, 0x0, 0x0, 0x0,
    0x2f, 0xff, 0xfa,

    /* U+006F "o" */
    0x0, 0x0, 0x0, 0x3, 0x57, 0x76, 0x30, 0x0,
    0x0, 0x0, 0x0, 0x0, 0x18, 0xef, 0xff, 0xff,
    0xfe, 0x81, 0x0, 0x0, 0x0, 0x4, 0xff, 0xff,
    0xff, 0xff, 0xff, 0xff, 0x40, 0x0, 0x0, 0x6f,
    0xff, 0xff, 0xff, 0xff, 0xff, 0xff, 0xf6, 0x0,
    0x3, 0xff, 0xff, 0xff, 0xc9, 0x9b, 0xff, 0xff,
    0xff, 0x40, 0xc, 0xff, 0xff, 0xd2, 0x0, 0x0,
    0x2c, 0xff, 0xff, 0xd0, 0x4f, 0xff, 0xfd, 0x10,
    0x0, 0x0, 0x0, 0xdf, 0xff, 0xf5, 0x9f, 0xff,
    0xf4, 0x0, 0x0, 0x0, 0x0, 0x4f, 0xff, 0xf9,
    0xcf, 0xff, 0xf0, 0x0, 0x0, 0x0, 0x0, 0xe,
    0xff, 0xfd, 0xdf, 0xff, 0xc0, 0x0, 0x0, 0x0,
    0x0, 0xc, 0xff, 0xfe, 0xdf, 0xff, 0xc0, 0x0,
    0x0, 0x0, 0x0, 0xc, 0xff, 0xfe, 0xcf, 0xff,
    0xf0, 0x0, 0x0, 0x0, 0x0, 0xe, 0xff, 0xfd,
    0x9f, 0xff, 0xf4, 0x0, 0x0, 0x0, 0x0, 0x4f,
    0xff, 0xf9, 0x4f, 0xff, 0xfd, 0x10, 0x0, 0x0,
    0x0, 0xdf, 0xff, 0xf5, 0xc, 0xff, 0xff, 0xd2,
    0x0, 0x0, 0x2c, 0xff, 0xff, 0xd0, 0x3, 0xff,
    0xff, 0xff, 0xc9, 0x9c, 0xff, 0xff, 0xff, 0x40,
    0x0, 0x5f, 0xff, 0xff, 0xff, 0xff, 0xff, 0xff,
    0xf6, 0x0, 0x0, 0x4, 0xef, 0xff, 0xff, 0xff,
    0xff, 0xff, 0x50, 0x0, 0x0, 0x0, 0x18, 0xef,
    0xff, 0xff, 0xff, 0x91, 0x0, 0x0, 0x0, 0x0,
    0x0, 0x3, 0x67, 0x76, 0x30, 0x0, 0x0, 0x0,

    /* U+0070 "p" */
    0x0, 0x0, 0x0, 0x0, 0x15, 0x77, 0x52, 0x0,
    0x0, 0x0, 0xcf, 0xff, 0xc0, 0x3c, 0xff, 0xff,
    0xff, 0xc4, 0x0, 0x0, 0xcf, 0xff, 0xc6, 0xff,
    0xff, 0xff, 0xff, 0xff, 0x80, 0x0, 0xcf, 0xff,
    0xff, 0xff, 0xff, 0xff, 0xff, 0xff, 0xf8, 0x0,
    0xcf, 0xff, 0xff, 0xff, 0xc9, 0x9c, 0xff, 0xff,
    0xff, 0x30, 0xcf, 0xff, 0xff, 0xd2, 0x0, 0x0,
    0x4e, 0xff, 0xff, 0xc0, 0xcf, 0xff, 0xfe, 0x10,
    0x0, 0x0, 0x2, 0xff, 0xff, 0xf2, 0xcf, 0xff,
    0xf5, 0x0, 0x0, 0x0, 0x0, 0x8f, 0xff, 0xf6,
    0xcf, 0xff, 0xf0, 0x0, 0x0, 0x0, 0x0, 0x3f,
    0xff, 0xf8, 0xcf, 0xff, 0xe0, 0x0, 0x0, 0x0,
    0x0, 0xf, 0xff, 0xf9, 0xcf, 0xff, 0xe0, 0x0,
    0x0, 0x0, 0x0, 0xf, 0xff, 0xf9, 0xcf, 0xff,
    0xf0, 0x0, 0x0, 0x0, 0x0, 0x3f, 0xff, 0xf8,
    0xcf, 0xff, 0xf6, 0x0, 0x0, 0x0, 0x0, 0x8f,
    0xff, 0xf5, 0xcf, 0xff, 0xfe, 0x10, 0x0, 0x0,
    0x2, 0xff, 0xff, 0xf1, 0xcf, 0xff, 0xff, 0xd2,
    0x0, 0x0, 0x4e, 0xff, 0xff, 0xa0, 0xcf, 0xff,
    0xff, 0xff, 0xb9, 0x9c, 0xff, 0xff, 0xff, 0x20,
    0xcf, 0xff, 0xff, 0xff, 0xff, 0xff, 0xff, 0xff,
    0xf6, 0x0, 0xcf, 0xff, 0xf4, 0xff, 0xff, 0xff,
    0xff, 0xff, 0x60, 0x0, 0xcf, 0xff, 0xf0, 0x2b,
    0xff, 0xff, 0xff, 0xc3, 0x0, 0x0, 0xcf, 0xff,
    0xf0, 0x0, 0x15, 0x77, 0x51, 0x0, 0x0, 0x0,
    0xcf, 0xff, 0xf0, 0x0, 0x0, 0x0, 0x0, 0x0,
    0x0, 0x0, 0xcf, 0xff, 0xf0, 0x0, 0x0, 0x0,
    0x0, 0x0, 0x0, 0x0, 0xcf, 0xff, 0xf0, 0x0,
    0x0, 0x0, 0x0, 0x0, 0x0, 0x0, 0xcf, 0xff,
    0xf0, 0x0, 0x0, 0x0, 0x0, 0x0, 0x0, 0x0,
    0xcf, 0xff, 0xf0, 0x0, 0x0, 0x0, 0x0, 0x0,
    0x0, 0x0, 0xcf, 0xff, 0xf0, 0x0, 0x0, 0x0,
    0x0, 0x0, 0x0, 0x0, 0xcf, 0xff, 0xf0, 0x0,
    0x0, 0x0, 0x0, 0x0, 0x0, 0x0,

    /* U+0071 "q" */
    0x0, 0x0, 0x0, 0x25, 0x77, 0x51, 0x0, 0x0,
    0x0, 0x0, 0x0, 0x0, 0x4d, 0xff, 0xff, 0xff,
    0xa2, 0xf, 0xff, 0xf8, 0x0, 0x9, 0xff, 0xff,
    0xff, 0xff, 0xff, 0x3f, 0xff, 0xf8, 0x0, 0xaf,
    0xff, 0xff, 0xff, 0xff, 0xff, 0xff, 0xff, 0xf8,
    0x6, 0xff, 0xff, 0xff, 0xb9, 0x9d, 0xff, 0xff,
    0xff, 0xf8, 0xe, 0xff, 0xff, 0xc2, 0x0, 0x0,
    0x4e, 0xff, 0xff, 0xf8, 0x5f, 0xff, 0xfd, 0x0,
    0x0, 0x0, 0x3, 0xff, 0xff, 0xf8, 0x9f, 0xff,
    0xf4, 0x0, 0x0, 0x0, 0x0, 0x9f, 0xff, 0xf8,
    0xcf, 0xff, 0xf0, 0x0, 0x0, 0x0, 0x0, 0x3f,
    0xff, 0xf8, 0xdf, 0xff, 0xd0, 0x0, 0x0, 0x0,
    0x0, 0x1f, 0xff, 0xf8, 0xdf, 0xff, 0xd0, 0x0,
    0x0, 0x0, 0x0, 0x1f, 0xff, 0xf8, 0xcf, 0xff,
    0xf0, 0x0, 0x0, 0x0, 0x0, 0x3f, 0xff, 0xf8,
    0x9f, 0xff, 0xf5, 0x0, 0x0, 0x0, 0x0, 0x8f,
    0xff, 0xf8, 0x5f, 0xff, 0xfd, 0x0, 0x0, 0x0,
    0x2, 0xff, 0xff, 0xf8, 0xe, 0xff, 0xff, 0xc2,
    0x0, 0x0, 0x3e, 0xff, 0xff, 0xf8, 0x7, 0xff,
    0xff, 0xff, 0xb9, 0x9c, 0xff, 0xff, 0xff, 0xf8,
    0x0, 0xbf, 0xff, 0xff, 0xff, 0xff, 0xff, 0xef,
    0xff, 0xf8, 0x0, 0xb, 0xff, 0xff, 0xff, 0xff,
    0xfd, 0x5f, 0xff, 0xf8, 0x0, 0x0, 0x6e, 0xff,
    0xff, 0xff, 0x91, 0x4f, 0xff, 0xf8, 0x0, 0x0,
    0x0, 0x36, 0x76, 0x40, 0x0, 0x4f, 0xff, 0xf8,
    0x0, 0x0, 0x0, 0x0, 0x0, 0x0, 0x0, 0x4f,
    0xff, 0xf8, 0x0, 0x0, 0x0, 0x0, 0x0, 0x0,
    0x0, 0x4f, 0xff, 0xf8, 0x0, 0x0, 0x0, 0x0,
    0x0, 0x0, 0x0, 0x4f, 0xff, 0xf8, 0x0, 0x0,
    0x0, 0x0, 0x0, 0x0, 0x0, 0x4f, 0xff, 0xf8,
    0x0, 0x0, 0x0, 0x0, 0x0, 0x0, 0x0, 0x4f,
    0xff, 0xf8, 0x0, 0x0, 0x0, 0x0, 0x0, 0x0,
    0x0, 0x4f, 0xff, 0xf8, 0x0, 0x0, 0x0, 0x0,
    0x0, 0x0, 0x0, 0x4f, 0xff, 0xf8,

    /* U+0072 "r" */
    0x0, 0x0, 0x0, 0x0, 0x46, 0x75, 0xc, 0xff,
    0xfc, 0x6, 0xef, 0xff, 0xf5, 0xcf, 0xff, 0xc7,
    0xff, 0xff, 0xff, 0x5c, 0xff, 0xff, 0xff, 0xff,
    0xff, 0xf5, 0xcf, 0xff, 0xff, 0xff, 0xfd, 0xff,
    0x5c, 0xff, 0xff, 0xfd, 0x40, 0x0, 0x32, 0xcf,
    0xff, 0xfe, 0x10, 0x0, 0x0, 0xc, 0xff, 0xff,
    0x60, 0x0, 0x0, 0x0, 0xcf, 0xff, 0xf1, 0x0,
    0x0, 0x0, 0xc, 0xff, 0xff, 0x0, 0x0, 0x0,
    0x0, 0xcf, 0xff, 0xf0, 0x0, 0x0, 0x0, 0xc,
    0xff, 0xff, 0x0, 0x0, 0x0, 0x0, 0xcf, 0xff,
    0xf0, 0x0, 0x0, 0x0, 0xc, 0xff, 0xff, 0x0,
    0x0, 0x0, 0x0, 0xcf, 0xff, 0xf0, 0x0, 0x0,
    0x0, 0xc, 0xff, 0xff, 0x0, 0x0, 0x0, 0x0,
    0xcf, 0xff, 0xf0, 0x0, 0x0, 0x0, 0xc, 0xff,
    0xff, 0x0, 0x0, 0x0, 0x0, 0xcf, 0xff, 0xf0,
    0x0, 0x0, 0x0, 0x0,

    /* U+0073 "s" */
    0x0, 0x0, 0x0, 0x36, 0x77, 0x63, 0x0, 0x0,
    0x0, 0x0, 0x1, 0x8f, 0xff, 0xff, 0xff, 0xf9,
    0x10, 0x0, 0x0, 0x2e, 0xff, 0xff, 0xff, 0xff,
    0xff, 0xe3, 0x0, 0x0, 0xdf, 0xff, 0xff, 0xff,
    0xff, 0xff, 0xff, 0x30, 0x5, 0xff, 0xff, 0xc5,
    0x22, 0x49, 0xff, 0xfc, 0x20, 0x8, 0xff, 0xff,
    0x0, 0x0, 0x0, 0x2e, 0x80, 0x0, 0x8, 0xff,
    0xff, 0x20, 0x0, 0x0, 0x0, 0x0, 0x0, 0x4,
    0xff, 0xff, 0xe7, 0x20, 0x0, 0x0, 0x0, 0x0,
    0x0, 0xaf, 0xff, 0xff, 0xfe, 0xb7, 0x20, 0x0,
    0x0, 0x0, 0x9, 0xff, 0xff, 0xff, 0xff, 0xfc,
    0x40, 0x0, 0x0, 0x0, 0x29, 0xef, 0xff, 0xff,
    0xff, 0xf8, 0x0, 0x0, 0x0, 0x0, 0x3, 0x7b,
    0xff, 0xff, 0xff, 0x60, 0x0, 0x0, 0x0, 0x0,
    0x0, 0x6, 0xff, 0xff, 0xd0, 0x0, 0x2b, 0x30,
    0x0, 0x0, 0x0, 0x9f, 0xff, 0xf0, 0x6, 0xff,
    0xe4, 0x0, 0x0, 0x0, 0xaf, 0xff, 0xf0, 0x2f,
    0xff, 0xff, 0xb6, 0x32, 0x49, 0xff, 0xff, 0xc0,
    0x5, 0xff, 0xff, 0xff, 0xff, 0xff, 0xff, 0xff,
    0x40, 0x0, 0x5f, 0xff, 0xff, 0xff, 0xff, 0xff,
    0xf6, 0x0, 0x0, 0x1, 0x9f, 0xff, 0xff, 0xff,
    0xfb, 0x30, 0x0, 0x0, 0x0, 0x0, 0x36, 0x77,
    0x64, 0x10, 0x0, 0x0,

    /* U+0074 "t" */
    0x0, 0x2, 0x88, 0x88, 0x40, 0x0, 0x0, 0x0,
    0x4f, 0xff, 0xf8, 0x0, 0x0, 0x0, 0x4, 0xff,
    0xff, 0x80, 0x0, 0x0, 0x0, 0x4f, 0xff, 0xf8,
    0x0, 0x0, 0x0, 0x4, 0xff, 0xff, 0x80, 0x0,
    0x0, 0x0, 0x4f, 0xff, 0xf8, 0x0, 0x0, 0x2f,
    0xff, 0xff, 0xff, 0xff, 0xff, 0xf2, 0xff, 0xff,
    0xff, 0xff, 0xff, 0xff, 0x2f, 0xff, 0xff, 0xff,
    0xff, 0xff, 0xf2, 0xbb, 0xcf, 0xff, 0xfd, 0xbb,
    0xbb, 0x0, 0x4, 0xff, 0xff, 0x80, 0x0, 0x0,
    0x0, 0x4f, 0xff, 0xf8, 0x0, 0x0, 0x0, 0x4,
    0xff, 0xff, 0x80, 0x0, 0x0, 0x0, 0x4f, 0xff,
    0xf8, 0x0, 0x0, 0x0, 0x4, 0xff, 0xff, 0x80,
    0x0, 0x0, 0x0, 0x4f, 0xff, 0xf8, 0x0, 0x0,
    0x0, 0x4, 0xff, 0xff, 0x80, 0x0, 0x0, 0x0,
    0x4f, 0xff, 0xf8, 0x0, 0x0, 0x0, 0x3, 0xff,
    0xff, 0x80, 0x0, 0x0, 0x0, 0x3f, 0xff, 0xfd,
    0x0, 0x0, 0x0, 0x0, 0xff, 0xff, 0xfb, 0x67,
    0xb0, 0x0, 0xb, 0xff, 0xff, 0xff, 0xff, 0x0,
    0x0, 0x2f, 0xff, 0xff, 0xff, 0xf0, 0x0, 0x0,
    0x2c, 0xff, 0xff, 0xff, 0x0, 0x0, 0x0, 0x3,
    0x67, 0x75, 0x10,

    /* U+0075 "u" */
    0xff, 0xff, 0xc0, 0x0, 0x0, 0x0, 0x5f, 0xff,
    0xf7, 0xff, 0xff, 0xc0, 0x0, 0x0, 0x0, 0x5f,
    0xff, 0xf7, 0xff, 0xff, 0xc0, 0x0, 0x0, 0x0,
    0x5f, 0xff, 0xf7, 0xff, 0xff, 0xc0, 0x0, 0x0,
    0x0, 0x5f, 0xff, 0xf7, 0xff, 0xff, 0xc0, 0x0,
    0x0, 0x0, 0x5f, 0xff, 0xf7, 0xff, 0xff, 0xc0,
    0x0, 0x0, 0x0, 0x5f, 0xff, 0xf7, 0xff, 0xff,
    0xc0, 0x0, 0x0, 0x0, 0x5f, 0xff, 0xf7, 0xff,
    0xff, 0xc0, 0x0, 0x0, 0x0, 0x5f, 0xff, 0xf7,
    0xff, 0xff, 0xc0, 0x0, 0x0, 0x0, 0x5f, 0xff,
    0xf7, 0xff, 0xff, 0xc0, 0x0, 0x0, 0x0, 0x5f,
    0xff, 0xf7, 0xff, 0xff, 0xc0, 0x0, 0x0, 0x0,
    0x5f, 0xff, 0xf7, 0xff, 0xff, 0xe0, 0x0, 0x0,
    0x0, 0x7f, 0xff, 0xf7, 0xef, 0xff, 0xf1, 0x0,
    0x0, 0x0, 0xdf, 0xff, 0xf7, 0xcf, 0xff, 0xf9,
    0x0, 0x0, 0x9, 0xff, 0xff, 0xf7, 0x7f, 0xff,
    0xff, 0xa4, 0x35, 0xcf, 0xff, 0xff, 0xf7, 0x1f,
    0xff, 0xff, 0xff, 0xff, 0xff, 0xff, 0xff, 0xf7,
    0x5, 0xff, 0xff, 0xff, 0xff, 0xff, 0x5f, 0xff,
    0xf7, 0x0, 0x3c, 0xff, 0xff, 0xff, 0xb2, 0xf,
    0xff, 0xf7, 0x0, 0x0, 0x26, 0x77, 0x51, 0x0,
    0x0, 0x0, 0x0,

    /* U+0076 "v" */
    0xcf, 0xff, 0xf2, 0x0, 0x0, 0x0, 0x0, 0x4f,
    0xff, 0xf9, 0x5f, 0xff, 0xf8, 0x0, 0x0, 0x0,
    0x0, 0xaf, 0xff, 0xf2, 0xe, 0xff, 0xfe, 0x0,
    0x0, 0x0, 0x0, 0xff, 0xff, 0xb0, 0x8, 0xff,
    0xff, 0x40, 0x0, 0x0, 0x6, 0xff, 0xff, 0x40,
    0x1, 0xff, 0xff, 0xa0, 0x0, 0x0, 0xc, 0xff,
    0xfe, 0x0, 0x0, 0xbf, 0xff, 0xf1, 0x0, 0x0,
    0x2f, 0xff, 0xf7, 0x0, 0x0, 0x4f, 0xff, 0xf7,
    0x0, 0x0, 0x8f, 0xff, 0xf1, 0x0, 0x0, 0xd,
    0xff, 0xfd, 0x0, 0x0, 0xef, 0xff, 0xa0, 0x0,
    0x0, 0x7, 0xff, 0xff, 0x30, 0x4, 0xff, 0xff,
    0x30, 0x0, 0x0, 0x1, 0xff, 0xff, 0x90, 0xa,
    0xff, 0xfc, 0x0, 0x0, 0x0, 0x0, 0xaf, 0xff,
    0xe0, 0xf, 0xff, 0xf5, 0x0, 0x0, 0x0, 0x0,
    0x3f, 0xff, 0xf5, 0x6f, 0xff, 0xe0, 0x0, 0x0,
    0x0, 0x0, 0xc, 0xff, 0xfa, 0xcf, 0xff, 0x80,
    0x0, 0x0, 0x0, 0x0, 0x6, 0xff, 0xff, 0xff,
    0xff, 0x10, 0x0, 0x0, 0x0, 0x0, 0x0, 0xff,
    0xff, 0xff, 0xfb, 0x0, 0x0, 0x0, 0x0, 0x0,
    0x0, 0x9f, 0xff, 0xff, 0xf4, 0x0, 0x0, 0x0,
    0x0, 0x0, 0x0, 0x2f, 0xff, 0xff, 0xd0, 0x0,
    0x0, 0x0, 0x0, 0x0, 0x0, 0xc, 0xff, 0xff,
    0x60, 0x0, 0x0, 0x0,

    /* U+0077 "w" */
    0xbf, 0xff, 0xf1, 0x0, 0x0, 0x0, 0xaf, 0xff,
    0xc0, 0x0, 0x0, 0x0, 0xef, 0xff, 0xa5, 0xff,
    0xff, 0x50, 0x0, 0x0, 0xe, 0xff, 0xff, 0x20,
    0x0, 0x0, 0x2f, 0xff, 0xf4, 0x1f, 0xff, 0xfa,
    0x0, 0x0, 0x4, 0xff, 0xff, 0xf7, 0x0, 0x0,
    0x7, 0xff, 0xff, 0x0, 0xbf, 0xff, 0xe0, 0x0,
    0x0, 0x9f, 0xff, 0xff, 0xc0, 0x0, 0x0, 0xcf,
    0xff, 0xa0, 0x6, 0xff, 0xff, 0x30, 0x0, 0xe,
    0xff, 0xff, 0xff, 0x10, 0x0, 0x1f, 0xff, 0xf5,
    0x0, 0x1f, 0xff, 0xf8, 0x0, 0x3, 0xff, 0xfc,
    0xff, 0xf6, 0x0, 0x5, 0xff, 0xff, 0x0, 0x0,
    0xbf, 0xff, 0xc0, 0x0, 0x8f, 0xff, 0x4f, 0xff,
    0xb0, 0x0, 0xaf, 0xff, 0xa0, 0x0, 0x6, 0xff,
    0xff, 0x10, 0xe, 0xff, 0xb0, 0xef, 0xff, 0x0,
    0xe, 0xff, 0xf5, 0x0, 0x0, 0x1f, 0xff, 0xf5,
    0x3, 0xff, 0xf6, 0x9, 0xff, 0xf5, 0x3, 0xff,
    0xff, 0x0, 0x0, 0x0, 0xcf, 0xff, 0xa0, 0x8f,
    0xff, 0x10, 0x4f, 0xff, 0xa0, 0x8f, 0xff, 0xa0,
    0x0, 0x0, 0x7, 0xff, 0xfe, 0xd, 0xff, 0xc0,
    0x0, 0xef, 0xfe, 0xd, 0xff, 0xf5, 0x0, 0x0,
    0x0, 0x1f, 0xff, 0xf6, 0xff, 0xf7, 0x0, 0x9,
    0xff, 0xf5, 0xff, 0xff, 0x0, 0x0, 0x0, 0x0,
    0xcf, 0xff, 0xef, 0xff, 0x20, 0x0, 0x4f, 0xff,
    0xef, 0xff, 0xa0, 0x0, 0x0, 0x0, 0x7, 0xff,
    0xff, 0xff, 0xd0, 0x0, 0x0, 0xef, 0xff, 0xff,
    0xf5, 0x0, 0x0, 0x0, 0x0, 0x2f, 0xff, 0xff,
    0xf8, 0x0, 0x0, 0xa, 0xff, 0xff, 0xff, 0x0,
    0x0, 0x0, 0x0, 0x0, 0xdf, 0xff, 0xff, 0x30,
    0x0, 0x0, 0x4f, 0xff, 0xff, 0xb0, 0x0, 0x0,
    0x0, 0x0, 0x7, 0xff, 0xff, 0xe0, 0x0, 0x0,
    0x0, 0xff, 0xff, 0xf5, 0x0, 0x0, 0x0, 0x0,
    0x0, 0x2f, 0xff, 0xf9, 0x0, 0x0, 0x0, 0xa,
    0xff, 0xff, 0x10, 0x0, 0x0,

    /* U+0078 "x" */
    0x5f, 0xff, 0xfe, 0x0, 0x0, 0x0, 0xa, 0xff,
    0xff, 0x60, 0x9f, 0xff, 0xf9, 0x0, 0x0, 0x5,
    0xff, 0xff, 0xa0, 0x0, 0xdf, 0xff, 0xf4, 0x0,
    0x1, 0xef, 0xff, 0xd0, 0x0, 0x2, 0xff, 0xff,
    0xe1, 0x0, 0xbf, 0xff, 0xf3, 0x0, 0x0, 0x6,
    0xff, 0xff, 0xa0, 0x6f, 0xff, 0xf6, 0x0, 0x0,
    0x0, 0xb, 0xff, 0xff, 0x7f, 0xff, 0xfa, 0x0,
    0x0, 0x0, 0x0, 0x1e, 0xff, 0xff, 0xff, 0xfe,
    0x10, 0x0, 0x0, 0x0, 0x0, 0x4f, 0xff, 0xff,
    0xff, 0x30, 0x0, 0x0, 0x0, 0x0, 0x0, 0x8f,
    0xff, 0xff, 0x70, 0x0, 0x0, 0x0, 0x0, 0x0,
    0xc, 0xff, 0xff, 0xf9, 0x0, 0x0, 0x0, 0x0,
    0x0, 0x7, 0xff, 0xff, 0xff, 0xf5, 0x0, 0x0,
    0x0, 0x0, 0x3, 0xff, 0xff, 0xff, 0xff, 0xf2,
    0x0, 0x0, 0x0, 0x0, 0xdf, 0xff, 0xd4, 0xff,
    0xff, 0xc0, 0x0, 0x0, 0x0, 0xaf, 0xff, 0xf3,
    0x9, 0xff, 0xff, 0x80, 0x0, 0x0, 0x6f, 0xff,
    0xf7, 0x0, 0xe, 0xff, 0xff, 0x40, 0x0, 0x2f,
    0xff, 0xfc, 0x0, 0x0, 0x4f, 0xff, 0xfe, 0x10,
    0xc, 0xff, 0xff, 0x20, 0x0, 0x0, 0x9f, 0xff,
    0xfb, 0x8, 0xff, 0xff, 0x60, 0x0, 0x0, 0x0,
    0xef, 0xff, 0xf6,

    /* U+0079 "y" */
    0xbf, 0xff, 0xf3, 0x0, 0x0, 0x0, 0x0, 0x6f,
    0xff, 0xf6, 0x4f, 0xff, 0xfa, 0x0, 0x0, 0x0,
    0x0, 0xdf, 0xff, 0xe0, 0xd, 0xff, 0xff, 0x10,
    0x0, 0x0, 0x3, 0xff, 0xff, 0x80, 0x6, 0xff,
    0xff, 0x70, 0x0, 0x0, 0x9, 0xff, 0xff, 0x10,
    0x0, 0xef, 0xff, 0xd0, 0x0, 0x0, 0xf, 0xff,
    0xfa, 0x0, 0x0, 0x8f, 0xff, 0xf4, 0x0, 0x0,
    0x6f, 0xff, 0xf3, 0x0, 0x0, 0x1f, 0xff, 0xfb,
    0x0, 0x0, 0xcf, 0xff, 0xc0, 0x0, 0x0, 0x9,
    0xff, 0xff, 0x20, 0x3, 0xff, 0xff, 0x50, 0x0,
    0x0, 0x2, 0xff, 0xff, 0x80, 0x9, 0xff, 0xfe,
    0x0, 0x0, 0x0, 0x0, 0xbf, 0xff, 0xe0, 0xf,
    0xff, 0xf8, 0x0, 0x0, 0x0, 0x0, 0x4f, 0xff,
    0xf5, 0x5f, 0xff, 0xf1, 0x0, 0x0, 0x0, 0x0,
    0xd, 0xff, 0xfb, 0xbf, 0xff, 0xa0, 0x0, 0x0,
    0x0, 0x0, 0x6, 0xff, 0xff, 0xff, 0xff, 0x30,
    0x0, 0x0, 0x0, 0x0, 0x0, 0xef, 0xff, 0xff,
    0xfc, 0x0, 0x0, 0x0, 0x0, 0x0, 0x0, 0x7f,
    0xff, 0xff, 0xf5, 0x0, 0x0, 0x0, 0x0, 0x0,
    0x0, 0x1f, 0xff, 0xff, 0xe0, 0x0, 0x0, 0x0,
    0x0, 0x0, 0x0, 0x9, 0xff, 0xff, 0x70, 0x0,
    0x0, 0x0, 0x0, 0x0, 0x0, 0xa, 0xff, 0xff,
    0x10, 0x0, 0x0, 0x0, 0x0, 0x0, 0x0, 0x1f,
    0xff, 0xfa, 0x0, 0x0, 0x0, 0x0, 0x0, 0x0,
    0x0, 0x8f, 0xff, 0xf3, 0x0, 0x0, 0x0, 0x0,
    0x0, 0x0, 0x1, 0xff, 0xff, 0xc0, 0x0, 0x0,
    0x0, 0x0, 0x0, 0x0, 0x7, 0xff, 0xff, 0x50,
    0x0, 0x0, 0x0, 0x0, 0x0, 0x0, 0xe, 0xff,
    0xfe, 0x0, 0x0, 0x0, 0x0, 0x0, 0x0, 0x0,
    0x6f, 0xff, 0xf7, 0x0, 0x0, 0x0, 0x0, 0x0,
    0x0, 0x0, 0xdf, 0xff, 0xf1, 0x0, 0x0, 0x0,
    0x0, 0x0, 0x0, 0x5, 0xff, 0xff, 0x90, 0x0,
    0x0, 0x0, 0x0, 0x0,

    /* U+007A "z" */
    0x8f, 0xff, 0xff, 0xff, 0xff, 0xff, 0xff, 0xf7,
    0x8f, 0xff, 0xff, 0xff, 0xff, 0xff, 0xff, 0xf7,
    0x8f, 0xff, 0xff, 0xff, 0xff, 0xff, 0xff, 0xf7,
    0x6b, 0xbb, 0xbb, 0xbb, 0xbb, 0xff, 0xff, 0xf6,
    0x0, 0x0, 0x0, 0x0, 0x9, 0xff, 0xff, 0xa0,
    0x0, 0x0, 0x0, 0x0, 0x8f, 0xff, 0xfb, 0x0,
    0x0, 0x0, 0x0, 0x7, 0xff, 0xff, 0xc0, 0x0,
    0x0, 0x0, 0x0, 0x6f, 0xff, 0xfd, 0x10, 0x0,
    0x0, 0x0, 0x5, 0xff, 0xff, 0xd1, 0x0, 0x0,
    0x0, 0x0, 0x4f, 0xff, 0xfe, 0x20, 0x0, 0x0,
    0x0, 0x3, 0xff, 0xff, 0xe2, 0x0, 0x0, 0x0,
    0x0, 0x3f, 0xff, 0xff, 0x30, 0x0, 0x0, 0x0,
    0x2, 0xef, 0xff, 0xf4, 0x0, 0x0, 0x0, 0x0,
    0x1e, 0xff, 0xff, 0x50, 0x0, 0x0, 0x0, 0x0,
    0xbf, 0xff, 0xfe, 0xbb, 0xbb, 0xbb, 0xbb, 0xb8,
    0xdf, 0xff, 0xff, 0xff, 0xff, 0xff, 0xff, 0xfb,
    0xdf, 0xff, 0xff, 0xff, 0xff, 0xff, 0xff, 0xfb,
    0xdf, 0xff, 0xff, 0xff, 0xff, 0xff, 0xff, 0xfb,

    /* U+007B "{" */
    0x0, 0x0, 0x0, 0x4a, 0xde, 0xf4, 0x0, 0x0,
    0x8, 0xff, 0xff, 0xf4, 0x0, 0x0, 0x6f, 0xff,
    0xff, 0xf4, 0x0, 0x0, 0xef, 0xff, 0xfe, 0xa2,
    0x0, 0x3, 0xff, 0xff, 0xa0, 0x0, 0x0, 0x5,
    0xff, 0xff, 0x10, 0x0, 0x0, 0x6, 0xff, 0xfe,
    0x0, 0x0, 0x0, 0x6, 0xff, 0xfd, 0x0, 0x0,
    0x0, 0x6, 0xff, 0xfd, 0x0, 0x0, 0x0, 0x6,
    0xff, 0xfd, 0x0, 0x0, 0x0, 0x6, 0xff, 0xfd,
    0x0, 0x0, 0x0, 0x6, 0xff, 0xfd, 0x0, 0x0,
    0x0, 0x7, 0xff, 0xfd, 0x0, 0x0, 0x0, 0xa,
    0xff, 0xfc, 0x0, 0x0, 0x0, 0x5f, 0xff, 0xf8,
    0x0, 0x0, 0x2f, 0xff, 0xff, 0xe1, 0x0, 0x0,
    0x2f, 0xff, 0xf9, 0x10, 0x0, 0x0, 0x2f, 0xff,
    0xfd, 0x40, 0x0, 0x0, 0x1d, 0xff, 0xff, 0xf3,
    0x0, 0x0, 0x0, 0x1e, 0xff, 0xfa, 0x0, 0x0,
    0x0, 0x8, 0xff, 0xfc, 0x0, 0x0, 0x0, 0x7,
    0xff, 0xfd, 0x0, 0x0, 0x0, 0x6, 0xff, 0xfd,
    0x0, 0x0, 0x0, 0x6, 0xff, 0xfd, 0x0, 0x0,
    0x0, 0x6, 0xff, 0xfd, 0x0, 0x0, 0x0, 0x6,
    0xff, 0xfd, 0x0, 0x0, 0x0, 0x6, 0xff, 0xfe,
    0x0, 0x0, 0x0, 0x6, 0xff, 0xff, 0x0, 0x0,
    0x0, 0x4, 0xff, 0xff, 0x80, 0x0, 0x0, 0x0,
    0xff, 0xff, 0xfd, 0xa2, 0x0, 0x0, 0x9f, 0xff,
    0xff, 0xf4, 0x0, 0x0, 0xb, 0xff, 0xff, 0xf4,
    0x0, 0x0, 0x0, 0x5a, 0xdf, 0xf4,

    /* U+007C "|" */
    0xe, 0xee, 0xe5, 0xf, 0xff, 0xf6, 0xf, 0xff,
    0xf6, 0xf, 0xff, 0xf6, 0xf, 0xff, 0xf6, 0xf,
    0xff, 0xf6, 0xf, 0xff, 0xf6, 0xf, 0xff, 0xf6,
    0xf, 0xff, 0xf6, 0xf, 0xff, 0xf6, 0xf, 0xff,
    0xf6, 0xf, 0xff, 0xf6, 0xf, 0xff, 0xf6, 0xf,
    0xff, 0xf6, 0xf, 0xff, 0xf6, 0xf, 0xff, 0xf6,
    0xf, 0xff, 0xf6, 0xf, 0xff, 0xf6, 0xf, 0xff,
    0xf6, 0xf, 0xff, 0xf6, 0xf, 0xff, 0xf6, 0xf,
    0xff, 0xf6, 0xf, 0xff, 0xf6, 0xf, 0xff, 0xf6,
    0xf, 0xff, 0xf6, 0xf, 0xff, 0xf6, 0xf, 0xff,
    0xf6, 0xf, 0xff, 0xf6, 0xf, 0xff, 0xf6, 0xf,
    0xff, 0xf6, 0xf, 0xff, 0xf6, 0xf, 0xff, 0xf6,
    0xf, 0xff, 0xf6, 0xf, 0xff, 0xf6, 0xf, 0xff,
    0xf6, 0xf, 0xff, 0xf6,

    /* U+007D "}" */
    0xdf, 0xeb, 0x71, 0x0, 0x0, 0xd, 0xff, 0xff,
    0xe3, 0x0, 0x0, 0xdf, 0xff, 0xff, 0xd0, 0x0,
    0x8, 0xcf, 0xff, 0xff, 0x60, 0x0, 0x0, 0x3f,
    0xff, 0xfa, 0x0, 0x0, 0x0, 0xaf, 0xff, 0xc0,
    0x0, 0x0, 0x7, 0xff, 0xfd, 0x0, 0x0, 0x0,
    0x7f, 0xff, 0xd0, 0x0, 0x0, 0x7, 0xff, 0xfd,
    0x0, 0x0, 0x0, 0x7f, 0xff, 0xd0, 0x0, 0x0,
    0x7, 0xff, 0xfd, 0x0, 0x0, 0x0, 0x7f, 0xff,
    0xd0, 0x0, 0x0, 0x6, 0xff, 0xfe, 0x0, 0x0,
    0x0, 0x5f, 0xff, 0xf1, 0x0, 0x0, 0x1, 0xff,
    0xff, 0xa1, 0x0, 0x0, 0x9, 0xff, 0xff, 0xf9,
    0x0, 0x0, 0x6, 0xef, 0xff, 0x90, 0x0, 0x1,
    0xaf, 0xff, 0xf9, 0x0, 0x0, 0xcf, 0xff, 0xfe,
    0x70, 0x0, 0x3f, 0xff, 0xf6, 0x0, 0x0, 0x6,
    0xff, 0xff, 0x0, 0x0, 0x0, 0x7f, 0xff, 0xe0,
    0x0, 0x0, 0x7, 0xff, 0xfd, 0x0, 0x0, 0x0,
    0x7f, 0xff, 0xd0, 0x0, 0x0, 0x7, 0xff, 0xfd,
    0x0, 0x0, 0x0, 0x7f, 0xff, 0xd0, 0x0, 0x0,
    0x7, 0xff, 0xfd, 0x0, 0x0, 0x0, 0xaf, 0xff,
    0xc0, 0x0, 0x0, 0x3f, 0xff, 0xfb, 0x0, 0x8,
    0xbf, 0xff, 0xff, 0x60, 0x0, 0xdf, 0xff, 0xff,
    0xd0, 0x0, 0xd, 0xff, 0xff, 0xe2, 0x0, 0x0,
    0xdf, 0xec, 0x71, 0x0, 0x0, 0x0,

    /* U+007E "~" */
    0x0, 0x8, 0xdf, 0xec, 0x71, 0x0, 0x0, 0x58,
    0x88, 0x20, 0x1d, 0xff, 0xff, 0xff, 0xfa, 0x40,
    0xd, 0xff, 0xf4, 0xa, 0xff, 0xff, 0xff, 0xff,
    0xff, 0xff, 0xff, 0xff, 0x1, 0xff, 0xff, 0xff,
    0xff, 0xff, 0xff, 0xff, 0xff, 0x90, 0x5f, 0xff,
    0xd0, 0x4, 0xbf, 0xff, 0xff, 0xff, 0xc0, 0x3,
    0x88, 0x84, 0x0, 0x0, 0x27, 0xce, 0xfd, 0x70,
    0x0,

    /* U+00B0 "°" */
    0x0, 0x4, 0xbf, 0xfd, 0x70, 0x0, 0x0, 0x8f,
    0xff, 0xff, 0xfc, 0x10, 0x5, 0xff, 0xfd, 0xcf,
    0xff, 0xb0, 0xd, 0xff, 0x70, 0x3, 0xff, 0xf2,
    0xf, 0xfe, 0x0, 0x0, 0x9f, 0xf5, 0xf, 0xfe,
    0x0, 0x0, 0x9f, 0xf5, 0xd, 0xff, 0x70, 0x3,
    0xff, 0xf2, 0x5, 0xff, 0xfd, 0xcf, 0xff, 0xb0,
    0x0, 0x8f, 0xff, 0xff, 0xfc, 0x10, 0x0, 0x4,
    0xbf, 0xfd, 0x70, 0x0,

    /* U+00B1 "±" */
    0x0, 0x0, 0x0, 0x18, 0x88, 0x60, 0x0, 0x0,
    0x0, 0x0, 0x0, 0x0, 0x3f, 0xff, 0xd0, 0x0,
    0x0, 0x0, 0x0, 0x0, 0x0, 0x3f, 0xff, 0xd0,
    0x0, 0x0, 0x0, 0x0, 0x0, 0x0, 0x3f, 0xff,
    0xd0, 0x0, 0x0, 0x0, 0x0, 0x0, 0x0, 0x3f,
    0xff, 0xd0, 0x0, 0x0, 0x0, 0x0, 0x0, 0x0,
    0x3f, 0xff, 0xd0, 0x0, 0x0, 0x0, 0x6e, 0xee,
    0xee, 0xff, 0xff, 0xfe, 0xee, 0xee, 0xe1, 0x7f,
    0xff, 0xff, 0xff, 0xff, 0xff, 0xff, 0xff, 0xf1,
    0x7f, 0xff, 0xff, 0xff, 0xff, 0xff, 0xff, 0xff,
    0xf1, 0x7f, 0xff, 0xff, 0xff, 0xff, 0xff, 0xff,
    0xff, 0xf1, 0x0, 0x0, 0x0, 0x3f, 0xff, 0xd0,
    0x0, 0x0, 0x0, 0x0, 0x0, 0x0, 0x3f, 0xff,
    0xd0, 0x0, 0x0, 0x0, 0x0, 0x0, 0x0, 0x3f,
    0xff, 0xd0, 0x0, 0x0, 0x0, 0x0, 0x0, 0x0,
    0x3f, 0xff, 0xd0, 0x0, 0x0, 0x0, 0x0, 0x0,
    0x0, 0x3f, 0xff, 0xd0, 0x0, 0x0, 0x0, 0x0,
    0x0, 0x0, 0x3f, 0xff, 0xd0, 0x0, 0x0, 0x0,
    0x0, 0x0, 0x0, 0x1, 0x11, 0x10, 0x0, 0x0,
    0x0, 0x6d, 0xdd, 0xdd, 0xdd, 0xdd, 0xdd, 0xdd,
    0xdd, 0xd1, 0x7f, 0xff, 0xff, 0xff, 0xff, 0xff,
    0xff, 0xff, 0xf1, 0x7f, 0xff, 0xff, 0xff, 0xff,
    0xff, 0xff, 0xff, 0xf1, 0x7f, 0xff, 0xff, 0xff,
    0xff, 0xff, 0xff, 0xff, 0xf1,

    /* U+00B5 "µ" */
    0xcf, 0xff, 0xf0, 0x0, 0x0, 0x0, 0xf, 0xff,
    0xfc, 0x0, 0x0, 0xcf, 0xff, 0xf0, 0x0, 0x0,
    0x0, 0xf, 0xff, 0xfc, 0x0, 0x0, 0xcf, 0xff,
    0xf0, 0x0, 0x0, 0x0, 0xf, 0xff, 0xfc, 0x0,
    0x0, 0xcf, 0xff, 0xf0, 0x0, 0x0, 0x0, 0xf,
    0xff, 0xfc, 0x0, 0x0, 0xcf, 0xff, 0xf0, 0x0,
    0x0, 0x0, 0xf, 0xff, 0xfc, 0x0, 0x0, 0xcf,
    0xff, 0xf0, 0x0, 0x0, 0x0, 0xf, 0xff, 0xfc,
    0x0, 0x0, 0xcf, 0xff, 0xf0, 0x0, 0x0, 0x0,
    0xf, 0xff, 0xfc, 0x0, 0x0, 0xcf, 0xff, 0xf0,
    0x0, 0x0, 0x0, 0xf, 0xff, 0xfc, 0x0, 0x0,
    0xcf, 0xff, 0xf0, 0x0, 0x0, 0x0, 0xf, 0xff,
    0xfc, 0x0, 0x0, 0xcf, 0xff, 0xf0, 0x0, 0x0,
    0x0, 0xf, 0xff, 0xfc, 0x0, 0x0, 0xcf, 0xff,
    0xf0, 0x0, 0x0, 0x0, 0xf, 0xff, 0xfc, 0x0,
    0x0, 0xcf, 0xff, 0xf1, 0x0, 0x0, 0x0, 0x2f,
    0xff, 0xfc, 0x0, 0x0, 0xcf, 0xff, 0xf5, 0x0,
    0x0, 0x0, 0x8f, 0xff, 0xfc, 0x0, 0x0, 0xcf,
    0xff, 0xfe, 0x20, 0x0, 0x5, 0xff, 0xff, 0xfe,
    0x0, 0x0, 0xcf, 0xff, 0xff, 0xf9, 0x78, 0xcf,
    0xff, 0xff, 0xff, 0xc7, 0x86, 0xcf, 0xff, 0xff,
    0xff, 0xff, 0xff, 0xfd, 0xff, 0xff, 0xff, 0xf8,
    0xcf, 0xff, 0xfb, 0xff, 0xff, 0xff, 0xc1, 0xef,
    0xff, 0xff, 0xf8, 0xcf, 0xff, 0xf1, 0xcf, 0xff,
    0xfb, 0x10, 0x3e, 0xff, 0xff, 0xf8, 0xcf, 0xff,
    0xf0, 0x4, 0x77, 0x30, 0x0, 0x0, 0x47, 0x76,
    0x40, 0xcf, 0xff, 0xf0, 0x0, 0x0, 0x0, 0x0,
    0x0, 0x0, 0x0, 0x0, 0xcf, 0xff, 0xf0, 0x0,
    0x0, 0x0, 0x0, 0x0, 0x0, 0x0, 0x0, 0xcf,
    0xff, 0xf0, 0x0, 0x0, 0x0, 0x0, 0x0, 0x0,
    0x0, 0x0, 0xcf, 0xff, 0xf0, 0x0, 0x0, 0x0,
    0x0, 0x0, 0x0, 0x0, 0x0, 0xcf, 0xff, 0xf0,
    0x0, 0x0, 0x0, 0x0, 0x0, 0x0, 0x0, 0x0,
    0xcf, 0xff, 0xf0, 0x0, 0x0, 0x0, 0x0, 0x0,
    0x0, 0x0, 0x0, 0xcf, 0xff, 0xf0, 0x0, 0x0,
    0x0, 0x0, 0x0, 0x0, 0x0, 0x0,

    /* U+00B7 "·" */
    0x0, 0x0, 0x0, 0x0, 0x2c, 0xff, 0x80, 0xd,
    0xff, 0xff, 0x73, 0xff, 0xff, 0xfc, 0x3f, 0xff,
    0xff, 0xc0, 0xcf, 0xff, 0xf6, 0x1, 0xaf, 0xe7,
    0x0,

    /* U+00D7 "×" */
    0x0, 0x2a, 0x0, 0x0, 0x0, 0x0, 0x4, 0x80,
    0x0, 0x2, 0xef, 0xc0, 0x0, 0x0, 0x0, 0x4f,
    0xf9, 0x0, 0x2e, 0xff, 0xfc, 0x10, 0x0, 0x4,
    0xff, 0xff, 0xa0, 0x1d, 0xff, 0xff, 0xc1, 0x0,
    0x4f, 0xff, 0xff, 0x90, 0x1, 0xdf, 0xff, 0xfd,
    0x15, 0xff, 0xff, 0xf9, 0x0, 0x0, 0x1d, 0xff,
    0xff, 0xef, 0xff, 0xff, 0x80, 0x0, 0x0, 0x1,
    0xcf, 0xff, 0xff, 0xff, 0xf8, 0x0, 0x0, 0x0,
    0x0, 0x1c, 0xff, 0xff, 0xff, 0x80, 0x0, 0x0,
    0x0, 0x0, 0x7, 0xff, 0xff, 0xfe, 0x20, 0x0,
    0x0, 0x0, 0x0, 0x6f, 0xff, 0xff, 0xff, 0xe2,
    0x0, 0x0, 0x0, 0x6, 0xff, 0xff, 0xff, 0xff,
    0xfe, 0x20, 0x0, 0x0, 0x7f, 0xff, 0xff, 0x7b,
    0xff, 0xff, 0xe2, 0x0, 0x7, 0xff, 0xff, 0xf6,
    0x0, 0xbf, 0xff, 0xfe, 0x20, 0x4f, 0xff, 0xff,
    0x60, 0x0, 0xb, 0xff, 0xff, 0xd0, 0x8, 0xff,
    0xf5, 0x0, 0x0, 0x0, 0xbf, 0xfe, 0x30, 0x0,
    0x8f, 0x50, 0x0, 0x0, 0x0, 0xa, 0xe3, 0x0,
    0x0, 0x2, 0x0, 0x0, 0x0, 0x0, 0x0, 0x20,
    0x0,

    /* U+2013 "–" */
    0x0, 0x0, 0x0, 0x0, 0x0, 0x0, 0x0, 0x0,
    0x0, 0x8f, 0xff, 0xff, 0xff, 0xff, 0xff, 0xff,
    0xff, 0xf7, 0x8f, 0xff, 0xff, 0xff, 0xff, 0xff,
    0xff, 0xff, 0xf7, 0x8f, 0xff, 0xff, 0xff, 0xff,
    0xff, 0xff, 0xff, 0xf7, 0x8f, 0xff, 0xff, 0xff,
    0xff, 0xff, 0xff, 0xff, 0xf7,

    /* U+2014 "—" */
    0x0, 0x0, 0x0, 0x0, 0x0, 0x0, 0x0, 0x0,
    0x0, 0x0, 0x0, 0x0, 0x0, 0x0, 0x0, 0x8f,
    0xff, 0xff, 0xff, 0xff, 0xff, 0xff, 0xff, 0xff,
    0xff, 0xff, 0xff, 0xff, 0xff, 0xf6, 0x8f, 0xff,
    0xff, 0xff, 0xff, 0xff, 0xff, 0xff, 0xff, 0xff,
    0xff, 0xff, 0xff, 0xff, 0xf6, 0x8f, 0xff, 0xff,
    0xff, 0xff, 0xff, 0xff, 0xff, 0xff, 0xff, 0xff,
    0xff, 0xff, 0xff, 0xf6, 0x8f, 0xff, 0xff, 0xff,
    0xff, 0xff, 0xff, 0xff, 0xff, 0xff, 0xff, 0xff,
    0xff, 0xff, 0xf6,

    /* U+2026 "…" */
    0x0, 0x8b, 0xa2, 0x0, 0x0, 0x7, 0xba, 0x30,
    0x0, 0x0, 0x6b, 0xa4, 0x0, 0xbf, 0xff, 0xe1,
    0x0, 0x9, 0xff, 0xff, 0x30, 0x0, 0x8f, 0xff,
    0xf4, 0x2f, 0xff, 0xff, 0x70, 0x0, 0xff, 0xff,
    0xf9, 0x0, 0xf, 0xff, 0xff, 0xa3, 0xff, 0xff,
    0xf7, 0x0, 0x1f, 0xff, 0xff, 0xa0, 0x0, 0xff,
    0xff, 0xfb, 0xd, 0xff, 0xff, 0x20, 0x0, 0xbf,
    0xff, 0xf4, 0x0, 0xa, 0xff, 0xff, 0x60, 0x2b,
    0xfd, 0x40, 0x0, 0x1, 0xaf, 0xd6, 0x0, 0x0,
    0x9, 0xee, 0x70
};


/*---------------------
 *  GLYPH DESCRIPTION
 *--------------------*/

static const lv_font_fmt_txt_glyph_dsc_t glyph_dsc[] = {
    {.bitmap_index = 0, .adv_w = 0, .box_w = 0, .box_h = 0, .ofs_x = 0, .ofs_y = 0} /* id = 0 reserved */,
    {.bitmap_index = 0, .adv_w = 189, .box_w = 0, .box_h = 0, .ofs_x = 0, .ofs_y = 0},
    {.bitmap_index = 0, .adv_w = 202, .box_w = 7, .box_h = 27, .ofs_x = 3, .ofs_y = -1},
    {.bitmap_index = 95, .adv_w = 227, .box_w = 11, .box_h = 10, .ofs_x = 2, .ofs_y = 16},
    {.bitmap_index = 150, .adv_w = 378, .box_w = 23, .box_h = 26, .ofs_x = 0, .ofs_y = 0},
    {.bitmap_index = 449, .adv_w = 378, .box_w = 20, .box_h = 32, .ofs_x = 2, .ofs_y = -3},
    {.bitmap_index = 769, .adv_w = 378, .box_w = 23, .box_h = 28, .ofs_x = 0, .ofs_y = -1},
    {.bitmap_index = 1091, .adv_w = 390, .box_w = 24, .box_h = 28, .ofs_x = 1, .ofs_y = -1},
    {.bitmap_index = 1427, .adv_w = 133, .box_w = 5, .box_h = 10, .ofs_x = 2, .ofs_y = 16},
    {.bitmap_index = 1452, .adv_w = 204, .box_w = 11, .box_h = 34, .ofs_x = 1, .ofs_y = -5},
    {.bitmap_index = 1639, .adv_w = 204, .box_w = 11, .box_h = 34, .ofs_x = 0, .ofs_y = -5},
    {.bitmap_index = 1826, .adv_w = 261, .box_w = 16, .box_h = 14, .ofs_x = 0, .ofs_y = 13},
    {.bitmap_index = 1938, .adv_w = 378, .box_w = 18, .box_h = 18, .ofs_x = 3, .ofs_y = 4},
    {.bitmap_index = 2100, .adv_w = 189, .box_w = 8, .box_h = 11, .ofs_x = 2, .ofs_y = -5},
    {.bitmap_index = 2144, .adv_w = 192, .box_w = 12, .box_h = 5, .ofs_x = 0, .ofs_y = 10},
    {.bitmap_index = 2174, .adv_w = 189, .box_w = 7, .box_h = 7, .ofs_x = 2, .ofs_y = 0},
    {.bitmap_index = 2199, .adv_w = 206, .box_w = 13, .box_h = 26, .ofs_x = 0, .ofs_y = 0},
    {.bitmap_index = 2368, .adv_w = 378, .box_w = 22, .box_h = 28, .ofs_x = 1, .ofs_y = -1},
    {.bitmap_index = 2676, .adv_w = 378, .box_w = 16, .box_h = 26, .ofs_x = 2, .ofs_y = 0},
    {.bitmap_index = 2884, .adv_w = 378, .box_w = 19, .box_h = 27, .ofs_x = 2, .ofs_y = 0},
    {.bitmap_index = 3141, .adv_w = 378, .box_w = 20, .box_h = 28, .ofs_x = 1, .ofs_y = -1},
    {.bitmap_index = 3421, .adv_w = 378, .box_w = 21, .box_h = 26, .ofs_x = 1, .ofs_y = 0},
    {.bitmap_index = 3694, .adv_w = 378, .box_w = 20, .box_h = 27, .ofs_x = 2, .ofs_y = -1},
    {.bitmap_index = 3964, .adv_w = 378, .box_w = 20, .box_h = 28, .ofs_x = 2, .ofs_y = -1},
    {.bitmap_index = 4244, .adv_w = 378, .box_w = 18, .box_h = 27, .ofs_x = 3, .ofs_y = -1},
    {.bitmap_index = 4487, .adv_w = 378, .box_w = 19, .box_h = 28, .ofs_x = 2, .ofs_y = -1},
    {.bitmap_index = 4753, .adv_w = 378, .box_w = 19, .box_h = 28, .ofs_x = 2, .ofs_y = -1},
    {.bitmap_index = 5019, .adv_w = 189, .box_w = 7, .box_h = 19, .ofs_x = 2, .ofs_y = 3},
    {.bitmap_index = 5086, .adv_w = 189, .box_w = 8, .box_h = 24, .ofs_x = 2, .ofs_y = -6},
    {.bitmap_index = 5182, .adv_w = 378, .box_w = 17, .box_h = 18, .ofs_x = 3, .ofs_y = 4},
    {.bitmap_index = 5335, .adv_w = 378, .box_w = 18, .box_h = 12, .ofs_x = 3, .ofs_y = 6},
    {.bitmap_index = 5443, .adv_w = 378, .box_w = 17, .box_h = 18, .ofs_x = 3, .ofs_y = 4},
    {.bitmap_index = 5596, .adv_w = 306, .box_w = 17, .box_h = 28, .ofs_x = 1, .ofs_y = -1},
    {.bitmap_index = 5834, .adv_w = 512, .box_w = 30, .box_h = 28, .ofs_x = 1, .ofs_y = -3},
    {.bitmap_index = 6254, .adv_w = 399, .box_w = 25, .box_h = 26, .ofs_x = 0, .ofs_y = 0},
    {.bitmap_index = 6579, .adv_w = 365, .box_w = 20, .box_h = 26, .ofs_x = 2, .ofs_y = 0},
    {.bitmap_index = 6839, .adv_w = 415, .box_w = 25, .box_h = 28, .ofs_x = 1, .ofs_y = -1},
    {.bitmap_index = 7189, .adv_w = 413, .box_w = 23, .box_h = 26, .ofs_x = 2, .ofs_y = 0},
    {.bitmap_index = 7488, .adv_w = 334, .box_w = 17, .box_h = 26, .ofs_x = 2, .ofs_y = 0},
    {.bitmap_index = 7709, .adv_w = 317, .box_w = 17, .box_h = 26, .ofs_x = 2, .ofs_y = 0},
    {.bitmap_index = 7930, .adv_w = 456, .box_w = 27, .box_h = 28, .ofs_x = 1, .ofs_y = -1},
    {.bitmap_index = 8308, .adv_w = 421, .box_w = 22, .box_h = 26, .ofs_x = 2, .ofs_y = 0},
    {.bitmap_index = 8594, .adv_w = 165, .box_w = 6, .box_h = 26, .ofs_x = 2, .ofs_y = 0},
    {.bitmap_index = 8672, .adv_w = 320, .box_w = 18, .box_h = 27, .ofs_x = 0, .ofs_y = -1},
    {.bitmap_index = 8915, .adv_w = 386, .box_w = 23, .box_h = 26, .ofs_x = 2, .ofs_y = 0},
    {.bitmap_index = 9214, .adv_w = 312, .box_w = 17, .box_h = 26, .ofs_x = 2, .ofs_y = 0},
    {.bitmap_index = 9435, .adv_w = 531, .box_w = 29, .box_h = 26, .ofs_x = 2, .ofs_y = 0},
    {.bitmap_index = 9812, .adv_w = 422, .box_w = 22, .box_h = 26, .ofs_x = 2, .ofs_y = 0},
    {.bitmap_index = 10098, .adv_w = 471, .box_w = 28, .box_h = 28, .ofs_x = 1, .ofs_y = -1},
    {.bitmap_index = 10490, .adv_w = 354, .box_w = 20, .box_h = 26, .ofs_x = 2, .ofs_y = 0},
    {.bitmap_index = 10750, .adv_w = 471, .box_w = 28, .box_h = 30, .ofs_x = 1, .ofs_y = -3},
    {.bitmap_index = 11170, .adv_w = 365, .box_w = 21, .box_h = 26, .ofs_x = 2, .ofs_y = 0},
    {.bitmap_index = 11443, .adv_w = 334, .box_w = 20, .box_h = 28, .ofs_x = 0, .ofs_y = -1},
    {.bitmap_index = 11723, .adv_w = 328, .box_w = 20, .box_h = 26, .ofs_x = 0, .ofs_y = 0},
    {.bitmap_index = 11983, .adv_w = 390, .box_w = 21, .box_h = 27, .ofs_x = 2, .ofs_y = -1},
    {.bitmap_index = 12267, .adv_w = 385, .box_w = 24, .box_h = 26, .ofs_x = 0, .ofs_y = 0},
    {.bitmap_index = 12579, .adv_w = 567, .box_w = 36, .box_h = 26, .ofs_x = 0, .ofs_y = 0},
    {.bitmap_index = 13047, .adv_w = 391, .box_w = 25, .box_h = 26, .ofs_x = 0, .ofs_y = 0},
    {.bitmap_index = 13372, .adv_w = 372, .box_w = 23, .box_h = 26, .ofs_x = 0, .ofs_y = 0},
    {.bitmap_index = 13671, .adv_w = 340, .box_w = 19, .box_h = 26, .ofs_x = 1, .ofs_y = 0},
    {.bitmap_index = 13918, .adv_w = 232, .box_w = 10, .box_h = 33, .ofs_x = 3, .ofs_y = -4},
    {.bitmap_index = 14083, .adv_w = 216, .box_w = 14, .box_h = 26, .ofs_x = 0, .ofs_y = 0},
    {.bitmap_index = 14265, .adv_w = 232, .box_w = 9, .box_h = 33, .ofs_x = 2, .ofs_y = -4},
    {.bitmap_index = 14414, .adv_w = 287, .box_w = 18, .box_h = 11, .ofs_x = 0, .ofs_y = 15},
    {.bitmap_index = 14513, .adv_w = 319, .box_w = 18, .box_h = 4, .ofs_x = 1, .ofs_y = -6},
    {.bitmap_index = 14549, .adv_w = 255, .box_w = 8, .box_h = 6, .ofs_x = 4, .ofs_y = 21},
    {.bitmap_index = 14573, .adv_w = 332, .box_w = 18, .box_h = 20, .ofs_x = 1, .ofs_y = -1},
    {.bitmap_index = 14753, .adv_w = 364, .box_w = 20, .box_h = 27, .ofs_x = 2, .ofs_y = -1},
    {.bitmap_index = 15023, .adv_w = 324, .box_w = 19, .box_h = 20, .ofs_x = 1, .ofs_y = -1},
    {.bitmap_index = 15213, .adv_w = 363, .box_w = 20, .box_h = 27, .ofs_x = 1, .ofs_y = -1},
    {.bitmap_index = 15483, .adv_w = 334, .box_w = 19, .box_h = 20, .ofs_x = 1, .ofs_y = -1},
    {.bitmap_index = 15673, .adv_w = 222, .box_w = 14, .box_h = 27, .ofs_x = 0, .ofs_y = 0},
    {.bitmap_index = 15862, .adv_w = 362, .box_w = 20, .box_h = 28, .ofs_x = 1, .ofs_y = -9},
    {.bitmap_index = 16142, .adv_w = 347, .box_w = 18, .box_h = 26, .ofs_x = 2, .ofs_y = 0},
    {.bitmap_index = 16376, .adv_w = 153, .box_w = 7, .box_h = 27, .ofs_x = 1, .ofs_y = 0},
    {.bitmap_index = 16471, .adv_w = 153, .box_w = 11, .box_h = 36, .ofs_x = -3, .ofs_y = -9},
    {.bitmap_index = 16669, .adv_w = 324, .box_w = 19, .box_h = 26, .ofs_x = 2, .ofs_y = 0},
    {.bitmap_index = 16916, .adv_w = 147, .box_w = 5, .box_h = 26, .ofs_x = 2, .ofs_y = 0},
    {.bitmap_index = 16981, .adv_w = 534, .box_w = 30, .box_h = 19, .ofs_x = 2, .ofs_y = 0},
    {.bitmap_index = 17266, .adv_w = 347, .box_w = 18, .box_h = 19, .ofs_x = 2, .ofs_y = 0},
    {.bitmap_index = 17437, .adv_w = 353, .box_w = 20, .box_h = 20, .ofs_x = 1, .ofs_y = -1},
    {.bitmap_index = 17637, .adv_w = 364, .box_w = 20, .box_h = 27, .ofs_x = 2, .ofs_y = -8},
    {.bitmap_index = 17907, .adv_w = 363, .box_w = 20, .box_h = 27, .ofs_x = 1, .ofs_y = -8},
    {.bitmap_index = 18177, .adv_w = 240, .box_w = 13, .box_h = 19, .ofs_x = 2, .ofs_y = 0},
    {.bitmap_index = 18301, .adv_w = 288, .box_w = 18, .box_h = 20, .ofs_x = 0, .ofs_y = -1},
    {.bitmap_index = 18481, .adv_w = 229, .box_w = 13, .box_h = 25, .ofs_x = 0, .ofs_y = -1},
    {.bitmap_index = 18644, .adv_w = 347, .box_w = 18, .box_h = 19, .ofs_x = 2, .ofs_y = -1},
    {.bitmap_index = 18815, .adv_w = 317, .box_w = 20, .box_h = 18, .ofs_x = 0, .ofs_y = 0},
    {.bitmap_index = 18995, .adv_w = 463, .box_w = 29, .box_h = 18, .ofs_x = 0, .ofs_y = 0},
    {.bitmap_index = 19256, .adv_w = 304, .box_w = 19, .box_h = 18, .ofs_x = 0, .ofs_y = 0},
    {.bitmap_index = 19427, .adv_w = 315, .box_w = 20, .box_h = 26, .ofs_x = 0, .ofs_y = -8},
    {.bitmap_index = 19687, .adv_w = 288, .box_w = 16, .box_h = 18, .ofs_x = 1, .ofs_y = 0},
    {.bitmap_index = 19831, .adv_w = 231, .box_w = 12, .box_h = 33, .ofs_x = 1, .ofs_y = -4},
    {.bitmap_index = 20029, .adv_w = 166, .box_w = 6, .box_h = 36, .ofs_x = 2, .ofs_y = -8},
    {.bitmap_index = 20137, .adv_w = 231, .box_w = 11, .box_h = 33, .ofs_x = 2, .ofs_y = -4},
    {.bitmap_index = 20319, .adv_w = 335, .box_w = 19, .box_h = 6, .ofs_x = 1, .ofs_y = 8},
    {.bitmap_index = 20376, .adv_w = 197, .box_w = 12, .box_h = 10, .ofs_x = 0, .ofs_y = 16},
    {.bitmap_index = 20436, .adv_w = 378, .box_w = 18, .box_h = 21, .ofs_x = 3, .ofs_y = 3},
    {.bitmap_index = 20625, .adv_w = 389, .box_w = 22, .box_h = 26, .ofs_x = 2, .ofs_y = -8},
    {.bitmap_index = 20911, .adv_w = 154, .box_w = 7, .box_h = 7, .ofs_x = 1, .ofs_y = 8},
    {.bitmap_index = 20936, .adv_w = 378, .box_w = 18, .box_h = 17, .ofs_x = 3, .ofs_y = 4},
    {.bitmap_index = 21089, .adv_w = 319, .box_w = 18, .box_h = 5, .ofs_x = 1, .ofs_y = 9},
    {.bitmap_index = 21134, .adv_w = 511, .box_w = 30, .box_h = 5, .ofs_x = 1, .ofs_y = 9},
    {.bitmap_index = 21209, .adv_w = 440, .box_w = 25, .box_h = 6, .ofs_x = 1, .ofs_y = 0}
};

/*---------------------
 *  CHARACTER MAPPING
 *--------------------*/

static const uint16_t unicode_list_1[] = {
    0x0, 0x1, 0x5, 0x7, 0x27, 0x1f63, 0x1f64, 0x1f76
};

/*Collect the unicode lists and glyph_id offsets*/
static const lv_font_fmt_txt_cmap_t cmaps[] =
{
    {
        .range_start = 32, .range_length = 95, .glyph_id_start = 1,
        .unicode_list = NULL, .glyph_id_ofs_list = NULL, .list_length = 0, .type = LV_FONT_FMT_TXT_CMAP_FORMAT0_TINY
    },
    {
        .range_start = 176, .range_length = 8055, .glyph_id_start = 96,
        .unicode_list = unicode_list_1, .glyph_id_ofs_list = NULL, .list_length = 8, .type = LV_FONT_FMT_TXT_CMAP_SPARSE_TINY
    }
};

/*-----------------
 *    KERNING
 *----------------*/


/*Pair left and right glyphs for kerning*/
static const uint8_t kern_pair_glyph_ids[] =
{
    2, 10,
    3, 7,
    3, 16,
    3, 33,
    3, 64,
    3, 103,
    7, 3,
    7, 8,
    7, 10,
    7, 62,
    8, 7,
    8, 16,
    8, 33,
    8, 64,
    8, 103,
    9, 2,
    9, 3,
    9, 7,
    9, 8,
    9, 32,
    9, 33,
    9, 61,
    9, 62,
    9, 92,
    9, 94,
    9, 101,
    9, 102,
    10, 32,
    10, 62,
    10, 94,
    10, 103,
    11, 11,
    11, 16,
    11, 103,
    14, 14,
    16, 9,
    16, 16,
    16, 61,
    16, 64,
    16, 98,
    16, 101,
    16, 102,
    16, 103,
    32, 9,
    32, 10,
    32, 11,
    32, 16,
    32, 101,
    32, 102,
    32, 103,
    33, 3,
    33, 8,
    33, 10,
    33, 62,
    33, 64,
    60, 7,
    60, 9,
    60, 10,
    60, 33,
    60, 62,
    60, 92,
    60, 101,
    60, 102,
    61, 3,
    61, 8,
    61, 11,
    61, 61,
    61, 96,
    64, 3,
    64, 8,
    64, 9,
    64, 11,
    64, 16,
    64, 62,
    64, 103,
    92, 9,
    92, 10,
    92, 92,
    92, 101,
    92, 102,
    94, 3,
    94, 8,
    94, 10,
    94, 62,
    94, 92,
    94, 94,
    94, 101,
    94, 102,
    94, 103,
    96, 16,
    96, 103,
    98, 16,
    101, 10,
    101, 16,
    101, 32,
    101, 62,
    101, 92,
    101, 94,
    102, 10,
    102, 16,
    102, 32,
    102, 62,
    102, 92,
    102, 94,
    103, 3,
    103, 8,
    103, 9,
    103, 11,
    103, 32,
    103, 33,
    103, 92,
    103, 96,
    103, 103
};

/* Kerning between the respective left and right glyphs
 * 4.4 format which needs to scaled with `kern_scale`*/
static const int8_t kern_pair_values[] =
{
    -2, -21, -47, -11, -59, -31, -10, -10,
    -23, -9, -21, -47, -11, -59, -31, -4,
    -2, -29, -2, -6, -6, 2, 6, -9,
    14, -14, -14, -3, -12, -9, -10, 9,
    -29, -62, 32, -13, -27, 3, -66, -24,
    -7, -7, -51, -2, -2, 7, -31, -2,
    -2, -43, -7, -7, -6, -20, -40, -9,
    -12, 6, -14, 14, -7, -12, -12, -43,
    -43, -37, -2, -8, -70, -70, -25, -42,
    -13, 12, -24, -9, 14, -6, -9, -9,
    -2, -2, -9, -7, 6, -6, 6, 6,
    -6, -14, -5, 2, -14, -7, -9, -12,
    6, -9, -14, -7, -9, -12, 6, -9,
    -32, -32, -10, -25, -19, -2, -6, -8,
    -5
};

/*Collect the kern pair's data in one place*/
static const lv_font_fmt_txt_kern_pair_t kern_pairs =
{
    .glyph_ids = kern_pair_glyph_ids,
    .values = kern_pair_values,
    .pair_cnt = 113,
    .glyph_ids_size = 0
};

/*--------------------
 *  ALL CUSTOM DATA
 *--------------------*/

#if LVGL_VERSION_MAJOR == 8
/*Store all the custom data of the font*/
static  lv_font_fmt_txt_glyph_cache_t cache;
#endif

#if LVGL_VERSION_MAJOR >= 8
static const lv_font_fmt_txt_dsc_t font_dsc = {
#else
static lv_font_fmt_txt_dsc_t font_dsc = {
#endif
    .glyph_bitmap = glyph_bitmap,
    .glyph_dsc = glyph_dsc,
    .cmaps = cmaps,
    .kern_dsc = &kern_pairs,
    .kern_scale = 16,
    .cmap_num = 2,
    .bpp = 4,
    .kern_classes = 0,
    .bitmap_format = 0,
#if LVGL_VERSION_MAJOR == 8
    .cache = &cache
#endif
};



/*-----------------
 *  PUBLIC FONT
 *----------------*/

/*Initialize a public general font descriptor*/
#if LVGL_VERSION_MAJOR >= 8
const lv_font_t bz_font_title_36 = {
#else
lv_font_t bz_font_title_36 = {
#endif
    .get_glyph_dsc = lv_font_get_glyph_dsc_fmt_txt,    /*Function pointer to get glyph's data*/
    .get_glyph_bitmap = lv_font_get_bitmap_fmt_txt,    /*Function pointer to get glyph's bitmap*/
    .line_height = 38,          /*The maximum line height required by the font*/
    .base_line = 9,             /*Baseline measured from the bottom of the line*/
#if !(LVGL_VERSION_MAJOR == 6 && LVGL_VERSION_MINOR == 0)
    .subpx = LV_FONT_SUBPX_NONE,
#endif
#if LV_VERSION_CHECK(7, 4, 0) || LVGL_VERSION_MAJOR >= 8
    .underline_position = -6,
    .underline_thickness = 3,
#endif
    .dsc = &font_dsc,          /*The custom font data. Will be accessed by `get_glyph_bitmap/dsc` */
#if LV_VERSION_CHECK(8, 2, 0) || LVGL_VERSION_MAJOR >= 9
    .fallback = NULL,
#endif
    .user_data = NULL,
};



#endif /*#if BZ_FONT_TITLE_36*/

