/*******************************************************************************
 * Size: 30 px
 * Bpp: 4
 * Opts: --no-compress --no-prefilter --bpp 4 --size 30 --format lvgl --lv-font-name bz_font_name_30 --lv-include lvgl.h -o C:\Users\yu_th\dev\_worktrees\Bezel-tab5\tab5\components\bezel\fonts\bz_font_name_30.c --font C:/Users/yu_th/dev/fonts-src\flex600_tnum.ttf -r 0x20,0x21,0x22,0x23,0x24,0x25,0x26,0x27,0x28,0x29,0x2a,0x2b,0x2c,0x2d,0x2e,0x2f,0x30,0x31,0x32,0x33,0x34,0x35,0x36,0x37,0x38,0x39,0x3a,0x3b,0x3c,0x3d,0x3e,0x3f,0x40,0x41,0x42,0x43,0x44,0x45,0x46,0x47,0x48,0x49,0x4a,0x4b,0x4c,0x4d,0x4e,0x4f,0x50,0x51,0x52,0x53,0x54,0x55,0x56,0x57,0x58,0x59,0x5a,0x5b,0x5c,0x5d,0x5e,0x5f,0x60,0x61,0x62,0x63,0x64,0x65,0x66,0x67,0x68,0x69,0x6a,0x6b,0x6c,0x6d,0x6e,0x6f,0x70,0x71,0x72,0x73,0x74,0x75,0x76,0x77,0x78,0x79,0x7a,0x7b,0x7c,0x7d,0x7e,0xb7,0x2014,0x2013,0xb0,0xb1,0xb5,0xd7,0x2026 --font C:/Users/yu_th/dev/fonts-src\code400.ttf -r 0x2192,0x2190,0x2191,0x2193,0x25cf,0x25c6,0x25a0,0x25cb,0x25b2
 ******************************************************************************/

#include "lvgl.h"

#ifndef BZ_FONT_NAME_30
#define BZ_FONT_NAME_30 1
#endif

#if BZ_FONT_NAME_30

/*-----------------
 *    BITMAPS
 *----------------*/

/*Store the image of the glyphs*/
static LV_ATTRIBUTE_LARGE_CONST const uint8_t glyph_bitmap[] = {
    /* U+0020 " " */

    /* U+0021 "!" */
    0xd, 0xff, 0xf5, 0xc, 0xff, 0xf4, 0xb, 0xff,
    0xf4, 0xb, 0xff, 0xf3, 0xa, 0xff, 0xf2, 0xa,
    0xff, 0xf2, 0x9, 0xff, 0xf1, 0x9, 0xff, 0xf1,
    0x8, 0xff, 0xf0, 0x8, 0xff, 0xf0, 0x7, 0xff,
    0xf0, 0x6, 0xff, 0xe0, 0x6, 0xff, 0xe0, 0x5,
    0xff, 0xd0, 0x5, 0xff, 0xd0, 0x0, 0x0, 0x0,
    0x0, 0x0, 0x0, 0x0, 0x34, 0x10, 0x9, 0xff,
    0xe3, 0x2f, 0xff, 0xfb, 0x3f, 0xff, 0xfb, 0xb,
    0xff, 0xf4, 0x0, 0x57, 0x20,

    /* U+0022 "\"" */
    0x4f, 0xff, 0x2, 0xff, 0xf1, 0x4f, 0xff, 0x2,
    0xff, 0xf1, 0x4f, 0xff, 0x2, 0xff, 0xf1, 0x4f,
    0xff, 0x2, 0xff, 0xf1, 0x4f, 0xff, 0x2, 0xff,
    0xf1, 0x4f, 0xff, 0x2, 0xff, 0xf1, 0x4f, 0xff,
    0x2, 0xff, 0xf1, 0x4f, 0xff, 0x2, 0xff, 0xf1,
    0x1, 0x10, 0x0, 0x11, 0x10,

    /* U+0023 "#" */
    0x0, 0x0, 0x0, 0x7f, 0xf9, 0x0, 0xe, 0xff,
    0x20, 0x0, 0x0, 0x0, 0x0, 0x9f, 0xf7, 0x0,
    0xf, 0xff, 0x0, 0x0, 0x0, 0x0, 0x0, 0xcf,
    0xf4, 0x0, 0x3f, 0xfd, 0x0, 0x0, 0x0, 0x0,
    0x0, 0xef, 0xf2, 0x0, 0x5f, 0xfb, 0x0, 0x0,
    0x0, 0x0, 0x0, 0xff, 0xf0, 0x0, 0x7f, 0xf9,
    0x0, 0x0, 0x0, 0x0, 0x3, 0xff, 0xe0, 0x0,
    0xaf, 0xf6, 0x0, 0x0, 0x0, 0x0, 0x5, 0xff,
    0xb0, 0x0, 0xcf, 0xf4, 0x0, 0x0, 0x0, 0xff,
    0xff, 0xff, 0xff, 0xff, 0xff, 0xff, 0xff, 0xf1,
    0x2, 0xff, 0xff, 0xff, 0xff, 0xff, 0xff, 0xff,
    0xff, 0xe0, 0x5, 0xff, 0xff, 0xff, 0xff, 0xff,
    0xff, 0xff, 0xff, 0xc0, 0x0, 0x0, 0xe, 0xff,
    0x20, 0x5, 0xff, 0xb0, 0x0, 0x0, 0x0, 0x0,
    0xf, 0xff, 0x0, 0x7, 0xff, 0x90, 0x0, 0x0,
    0x0, 0x0, 0x2f, 0xfe, 0x0, 0xa, 0xff, 0x60,
    0x0, 0x0, 0x0, 0x0, 0x5f, 0xfc, 0x0, 0xc,
    0xff, 0x40, 0x0, 0x0, 0xf, 0xff, 0xff, 0xff,
    0xff, 0xff, 0xff, 0xff, 0xff, 0x10, 0x3f, 0xff,
    0xff, 0xff, 0xff, 0xff, 0xff, 0xff, 0xff, 0x0,
    0x5f, 0xff, 0xff, 0xff, 0xff, 0xff, 0xff, 0xff,
    0xfc, 0x0, 0x0, 0x0, 0xef, 0xf2, 0x0, 0x5f,
    0xfb, 0x0, 0x0, 0x0, 0x0, 0x0, 0xff, 0xf0,
    0x0, 0x7f, 0xf9, 0x0, 0x0, 0x0, 0x0, 0x2,
    0xff, 0xe0, 0x0, 0xaf, 0xf6, 0x0, 0x0, 0x0,
    0x0, 0x5, 0xff, 0xb0, 0x0, 0xcf, 0xf4, 0x0,
    0x0, 0x0, 0x0, 0x7, 0xff, 0x90, 0x0, 0xef,
    0xf2, 0x0, 0x0, 0x0,

    /* U+0024 "$" */
    0x0, 0x0, 0x0, 0xd, 0xfa, 0x0, 0x0, 0x0,
    0x0, 0x0, 0x0, 0xd, 0xfa, 0x0, 0x0, 0x0,
    0x0, 0x0, 0x3a, 0xdf, 0xff, 0xc7, 0x10, 0x0,
    0x0, 0xa, 0xff, 0xff, 0xff, 0xff, 0xf5, 0x0,
    0x0, 0xbf, 0xff, 0xff, 0xff, 0xff, 0xff, 0x50,
    0x5, 0xff, 0xff, 0x9e, 0xfd, 0xdf, 0xff, 0xf1,
    0xb, 0xff, 0xf4, 0xd, 0xfa, 0x9, 0xff, 0x50,
    0xd, 0xff, 0xf0, 0xd, 0xfa, 0x0, 0x92, 0x0,
    0xd, 0xff, 0xf2, 0xd, 0xfa, 0x0, 0x0, 0x0,
    0xa, 0xff, 0xfc, 0x2d, 0xfa, 0x0, 0x0, 0x0,
    0x4, 0xff, 0xff, 0xff, 0xfa, 0x0, 0x0, 0x0,
    0x0, 0x8f, 0xff, 0xff, 0xff, 0x92, 0x0, 0x0,
    0x0, 0x6, 0xff, 0xff, 0xff, 0xff, 0xa1, 0x0,
    0x0, 0x0, 0x18, 0xef, 0xff, 0xff, 0xfe, 0x20,
    0x0, 0x0, 0x0, 0xe, 0xff, 0xff, 0xff, 0xd0,
    0x0, 0x0, 0x0, 0xd, 0xfb, 0x9f, 0xff, 0xf6,
    0x0, 0x0, 0x0, 0xd, 0xfa, 0x7, 0xff, 0xfb,
    0x1, 0x9a, 0x0, 0xd, 0xfa, 0x1, 0xff, 0xfc,
    0x4e, 0xff, 0x40, 0xd, 0xfa, 0x2, 0xff, 0xfb,
    0x5f, 0xff, 0xe3, 0xd, 0xfa, 0xa, 0xff, 0xf8,
    0xc, 0xff, 0xff, 0xae, 0xfd, 0xcf, 0xff, 0xf2,
    0x1, 0xef, 0xff, 0xff, 0xff, 0xff, 0xff, 0x70,
    0x0, 0x1c, 0xff, 0xff, 0xff, 0xff, 0xf6, 0x0,
    0x0, 0x0, 0x4a, 0xdf, 0xff, 0xc7, 0x10, 0x0,
    0x0, 0x0, 0x0, 0xd, 0xfa, 0x0, 0x0, 0x0,
    0x0, 0x0, 0x0, 0xd, 0xfa, 0x0, 0x0, 0x0,
    0x0, 0x0, 0x0, 0x6, 0x85, 0x0, 0x0, 0x0,

    /* U+0025 "%" */
    0x0, 0x0, 0x47, 0x74, 0x0, 0x0, 0x0, 0x0,
    0x0, 0x0, 0x0, 0x3e, 0xff, 0xff, 0xc2, 0x0,
    0x0, 0x0, 0x0, 0x0, 0x3, 0xff, 0xff, 0xff,
    0xfe, 0x10, 0x0, 0x0, 0x0, 0x0, 0xd, 0xff,
    0xb4, 0x4c, 0xff, 0xb0, 0x0, 0x3, 0x0, 0x0,
    0x3f, 0xfd, 0x0, 0x1, 0xef, 0xf1, 0x0, 0x9f,
    0x60, 0x0, 0x6f, 0xf7, 0x0, 0x0, 0xaf, 0xf4,
    0x6, 0xff, 0xf1, 0x0, 0x6f, 0xf7, 0x0, 0x0,
    0x9f, 0xf5, 0x4f, 0xff, 0x50, 0x0, 0x4f, 0xfc,
    0x0, 0x0, 0xdf, 0xf5, 0xef, 0xf8, 0x0, 0x0,
    0xe, 0xff, 0x91, 0x1a, 0xff, 0xed, 0xff, 0xa0,
    0x0, 0x0, 0x5, 0xff, 0xff, 0xff, 0xff, 0xff,
    0xfc, 0x0, 0x0, 0x0, 0x0, 0x6f, 0xff, 0xff,
    0xfe, 0xff, 0xe1, 0x0, 0x0, 0x0, 0x0, 0x2,
    0x8b, 0xa7, 0x8f, 0xff, 0x20, 0x0, 0x0, 0x0,
    0x0, 0x0, 0x0, 0x4, 0xff, 0xf4, 0x0, 0x0,
    0x0, 0x0, 0x0, 0x0, 0x0, 0x2e, 0xff, 0x78,
    0xdf, 0xfb, 0x40, 0x0, 0x0, 0x0, 0x1, 0xdf,
    0xfb, 0xdf, 0xff, 0xff, 0xf8, 0x0, 0x0, 0x0,
    0xb, 0xff, 0xbd, 0xff, 0xfc, 0xdf, 0xff, 0x50,
    0x0, 0x0, 0x9f, 0xfd, 0x6f, 0xfd, 0x10, 0x6,
    0xff, 0xd0, 0x0, 0x6, 0xff, 0xe2, 0x9f, 0xf6,
    0x0, 0x0, 0xdf, 0xf1, 0x0, 0x4f, 0xff, 0x30,
    0x9f, 0xf4, 0x0, 0x0, 0xcf, 0xf2, 0x0, 0x1d,
    0xf5, 0x0, 0x7f, 0xfa, 0x0, 0x1, 0xff, 0xf0,
    0x0, 0x0, 0x50, 0x0, 0x2f, 0xff, 0x94, 0x5d,
    0xff, 0xa0, 0x0, 0x0, 0x0, 0x0, 0x7, 0xff,
    0xff, 0xff, 0xfe, 0x10, 0x0, 0x0, 0x0, 0x0,
    0x0, 0x6f, 0xff, 0xff, 0xc2, 0x0, 0x0, 0x0,
    0x0, 0x0, 0x0, 0x1, 0x57, 0x73, 0x0, 0x0,

    /* U+0026 "&" */
    0x0, 0x0, 0x0, 0x36, 0x77, 0x30, 0x0, 0x0,
    0x0, 0x0, 0x0, 0x0, 0x2c, 0xff, 0xff, 0xfd,
    0x30, 0x0, 0x0, 0x0, 0x0, 0x2, 0xef, 0xff,
    0xff, 0xff, 0xf3, 0x0, 0x0, 0x0, 0x0, 0xa,
    0xff, 0xff, 0xce, 0xff, 0xfd, 0x0, 0x0, 0x0,
    0x0, 0xf, 0xff, 0xf5, 0x0, 0xaf, 0xfd, 0x10,
    0x0, 0x0, 0x0, 0x1f, 0xff, 0xf0, 0x0, 0x1c,
    0x50, 0x0, 0x0, 0x0, 0x0, 0xf, 0xff, 0xf2,
    0x0, 0x0, 0x0, 0x0, 0x0, 0x0, 0x0, 0x9,
    0xff, 0xfb, 0x0, 0x0, 0x0, 0x0, 0x0, 0x0,
    0x0, 0x1, 0xff, 0xff, 0x70, 0x0, 0x0, 0x0,
    0x0, 0x0, 0x0, 0x1, 0xcf, 0xff, 0xf4, 0x0,
    0x0, 0x0, 0x0, 0x0, 0x0, 0x3e, 0xff, 0xff,
    0xfe, 0x20, 0x0, 0x0, 0x0, 0x0, 0x2, 0xef,
    0xff, 0xff, 0xff, 0xc0, 0x0, 0x0, 0x0, 0x0,
    0xb, 0xff, 0xfe, 0x5e, 0xff, 0xfa, 0x0, 0x0,
    0x0, 0x0, 0x3f, 0xff, 0xf2, 0x3, 0xff, 0xff,
    0x60, 0x2, 0x92, 0x0, 0x8f, 0xff, 0xa0, 0x0,
    0x6f, 0xff, 0xf3, 0x9, 0xff, 0xa0, 0xaf, 0xff,
    0x60, 0x0, 0xa, 0xff, 0xfe, 0x2f, 0xff, 0xa0,
    0xaf, 0xff, 0x60, 0x0, 0x0, 0xdf, 0xff, 0xff,
    0xff, 0x30, 0x8f, 0xff, 0xa0, 0x0, 0x0, 0x2f,
    0xff, 0xff, 0xfb, 0x0, 0x5f, 0xff, 0xf3, 0x0,
    0x0, 0x4, 0xff, 0xff, 0xf2, 0x0, 0xe, 0xff,
    0xff, 0x61, 0x0, 0x39, 0xff, 0xff, 0xf3, 0x0,
    0x5, 0xff, 0xff, 0xff, 0xff, 0xff, 0xff, 0xff,
    0xfe, 0x10, 0x0, 0x6f, 0xff, 0xff, 0xff, 0xff,
    0xff, 0xef, 0xff, 0x50, 0x0, 0x3, 0xcf, 0xff,
    0xff, 0xff, 0xb3, 0x3f, 0xe3, 0x0, 0x0, 0x0,
    0x1, 0x57, 0x77, 0x51, 0x0, 0x4, 0x10, 0x0,

    /* U+0027 "'" */
    0x4f, 0xff, 0x34, 0xff, 0xf3, 0x4f, 0xff, 0x34,
    0xff, 0xf3, 0x4f, 0xff, 0x34, 0xff, 0xf3, 0x4f,
    0xff, 0x34, 0xff, 0xf3, 0x1, 0x11, 0x0,

    /* U+0028 "(" */
    0x0, 0x0, 0x1, 0x0, 0x0, 0x0, 0x0, 0xce,
    0x50, 0x0, 0x0, 0x7f, 0xff, 0xa0, 0x0, 0x2f,
    0xff, 0xf4, 0x0, 0xb, 0xff, 0xfa, 0x0, 0x3,
    0xff, 0xff, 0x10, 0x0, 0xbf, 0xff, 0x80, 0x0,
    0x1f, 0xff, 0xf1, 0x0, 0x7, 0xff, 0xf9, 0x0,
    0x0, 0xcf, 0xff, 0x40, 0x0, 0xf, 0xff, 0xf0,
    0x0, 0x3, 0xff, 0xfb, 0x0, 0x0, 0x5f, 0xff,
    0x90, 0x0, 0x7, 0xff, 0xf7, 0x0, 0x0, 0x7f,
    0xff, 0x70, 0x0, 0x7, 0xff, 0xf7, 0x0, 0x0,
    0x6f, 0xff, 0x70, 0x0, 0x5, 0xff, 0xf9, 0x0,
    0x0, 0x2f, 0xff, 0xc0, 0x0, 0x0, 0xff, 0xff,
    0x0, 0x0, 0xb, 0xff, 0xf5, 0x0, 0x0, 0x6f,
    0xff, 0xb0, 0x0, 0x1, 0xff, 0xff, 0x20, 0x0,
    0x9, 0xff, 0xfa, 0x0, 0x0, 0x2f, 0xff, 0xf3,
    0x0, 0x0, 0x9f, 0xff, 0xc0, 0x0, 0x1, 0xef,
    0xff, 0x60, 0x0, 0x5, 0xff, 0xf8, 0x0, 0x0,
    0xa, 0xc2, 0x0, 0x0, 0x0, 0x0, 0x0,

    /* U+0029 ")" */
    0x0, 0x2, 0x0, 0x0, 0x0, 0x1, 0x9f, 0x60,
    0x0, 0x0, 0x2e, 0xff, 0xf2, 0x0, 0x0, 0xb,
    0xff, 0xfb, 0x0, 0x0, 0x1, 0xff, 0xff, 0x40,
    0x0, 0x0, 0x7f, 0xff, 0xc0, 0x0, 0x0, 0xe,
    0xff, 0xf4, 0x0, 0x0, 0x7, 0xff, 0xfb, 0x0,
    0x0, 0x1, 0xff, 0xff, 0x10, 0x0, 0x0, 0xaf,
    0xff, 0x50, 0x0, 0x0, 0x6f, 0xff, 0x90, 0x0,
    0x0, 0x2f, 0xff, 0xd0, 0x0, 0x0, 0xf, 0xff,
    0xf0, 0x0, 0x0, 0xe, 0xff, 0xf0, 0x0, 0x0,
    0xd, 0xff, 0xf1, 0x0, 0x0, 0xd, 0xff, 0xf1,
    0x0, 0x0, 0xe, 0xff, 0xf0, 0x0, 0x0, 0xf,
    0xff, 0xe0, 0x0, 0x0, 0x3f, 0xff, 0xc0, 0x0,
    0x0, 0x6f, 0xff, 0x90, 0x0, 0x0, 0xbf, 0xff,
    0x40, 0x0, 0x1, 0xff, 0xff, 0x0, 0x0, 0x8,
    0xff, 0xf9, 0x0, 0x0, 0x1f, 0xff, 0xf3, 0x0,
    0x0, 0x9f, 0xff, 0xb0, 0x0, 0x3, 0xff, 0xff,
    0x20, 0x0, 0xc, 0xff, 0xf9, 0x0, 0x0, 0x1c,
    0xff, 0xe1, 0x0, 0x0, 0x0, 0x6e, 0x40, 0x0,
    0x0, 0x0, 0x0, 0x0, 0x0, 0x0,

    /* U+002A "*" */
    0x0, 0x0, 0x9, 0xff, 0x30, 0x0, 0x0, 0x0,
    0x0, 0x8f, 0xf2, 0x0, 0x0, 0x2, 0x10, 0x8,
    0xff, 0x20, 0x3, 0x0, 0xaf, 0xa4, 0x8f, 0xf3,
    0x6c, 0xf4, 0x1f, 0xff, 0xff, 0xff, 0xff, 0xff,
    0xa1, 0x8d, 0xff, 0xff, 0xff, 0xff, 0xb5, 0x0,
    0x2, 0xaf, 0xff, 0xf6, 0x0, 0x0, 0x0, 0x1e,
    0xff, 0xff, 0xb0, 0x0, 0x0, 0xc, 0xff, 0x7c,
    0xff, 0x70, 0x0, 0x9, 0xff, 0xc0, 0x2f, 0xff,
    0x40, 0x0, 0x6f, 0xf2, 0x0, 0x7f, 0xd3, 0x0,
    0x0, 0x25, 0x0, 0x0, 0x70, 0x0,

    /* U+002B "+" */
    0x0, 0x0, 0x0, 0xef, 0xf9, 0x0, 0x0, 0x0,
    0x0, 0x0, 0xe, 0xff, 0x90, 0x0, 0x0, 0x0,
    0x0, 0x0, 0xef, 0xf9, 0x0, 0x0, 0x0, 0x0,
    0x0, 0xe, 0xff, 0x90, 0x0, 0x0, 0x0, 0x0,
    0x0, 0xef, 0xf9, 0x0, 0x0, 0x0, 0x66, 0x66,
    0x6f, 0xff, 0xc6, 0x66, 0x65, 0x1f, 0xff, 0xff,
    0xff, 0xff, 0xff, 0xff, 0xc1, 0xff, 0xff, 0xff,
    0xff, 0xff, 0xff, 0xfc, 0x1f, 0xff, 0xff, 0xff,
    0xff, 0xff, 0xff, 0xc0, 0x0, 0x0, 0xe, 0xff,
    0x90, 0x0, 0x0, 0x0, 0x0, 0x0, 0xef, 0xf9,
    0x0, 0x0, 0x0, 0x0, 0x0, 0xe, 0xff, 0x90,
    0x0, 0x0, 0x0, 0x0, 0x0, 0xef, 0xf9, 0x0,
    0x0, 0x0, 0x0, 0x0, 0xe, 0xff, 0x90, 0x0,
    0x0, 0x0, 0x0, 0x0, 0x78, 0x84, 0x0, 0x0,
    0x0,

    /* U+002C "," */
    0x5, 0xde, 0x90, 0x2f, 0xff, 0xf7, 0x5f, 0xff,
    0xfa, 0x2f, 0xff, 0xf8, 0x4, 0xff, 0xf2, 0x9,
    0xff, 0x70, 0x4f, 0xfc, 0x0, 0x8f, 0xf1, 0x0,
    0x4, 0x50, 0x0,

    /* U+002D "-" */
    0x36, 0x66, 0x66, 0x66, 0x63, 0x8f, 0xff, 0xff,
    0xff, 0xf8, 0x8f, 0xff, 0xff, 0xff, 0xf8, 0x8f,
    0xff, 0xff, 0xff, 0xf8,

    /* U+002E "." */
    0x0, 0x0, 0x0, 0x9, 0xff, 0x80, 0x6f, 0xff,
    0xf4, 0x9f, 0xff, 0xf7, 0x5f, 0xff, 0xf3, 0x8,
    0xee, 0x60,

    /* U+002F "/" */
    0x0, 0x0, 0x0, 0x3f, 0xff, 0x70, 0x0, 0x0,
    0x8, 0xff, 0xf2, 0x0, 0x0, 0x0, 0xdf, 0xfd,
    0x0, 0x0, 0x0, 0x2f, 0xff, 0x80, 0x0, 0x0,
    0x7, 0xff, 0xf3, 0x0, 0x0, 0x0, 0xcf, 0xfe,
    0x0, 0x0, 0x0, 0x1f, 0xff, 0x90, 0x0, 0x0,
    0x5, 0xff, 0xf4, 0x0, 0x0, 0x0, 0xaf, 0xff,
    0x0, 0x0, 0x0, 0xf, 0xff, 0xa0, 0x0, 0x0,
    0x4, 0xff, 0xf5, 0x0, 0x0, 0x0, 0x9f, 0xff,
    0x10, 0x0, 0x0, 0xe, 0xff, 0xc0, 0x0, 0x0,
    0x3, 0xff, 0xf7, 0x0, 0x0, 0x0, 0x8f, 0xff,
    0x20, 0x0, 0x0, 0xd, 0xff, 0xd0, 0x0, 0x0,
    0x2, 0xff, 0xf8, 0x0, 0x0, 0x0, 0x7f, 0xff,
    0x30, 0x0, 0x0, 0xc, 0xff, 0xe0, 0x0, 0x0,
    0x1, 0xff, 0xf9, 0x0, 0x0, 0x0, 0x5f, 0xff,
    0x40, 0x0, 0x0, 0xa, 0xff, 0xf0, 0x0, 0x0,
    0x0,

    /* U+0030 "0" */
    0x0, 0x0, 0x0, 0x25, 0x76, 0x40, 0x0, 0x0,
    0x0, 0x0, 0x0, 0x2c, 0xff, 0xff, 0xff, 0x90,
    0x0, 0x0, 0x0, 0x5, 0xff, 0xff, 0xff, 0xff,
    0xfd, 0x10, 0x0, 0x0, 0x3f, 0xff, 0xff, 0xff,
    0xff, 0xff, 0xd0, 0x0, 0x0, 0xdf, 0xff, 0xf9,
    0x66, 0xcf, 0xff, 0xf8, 0x0, 0x6, 0xff, 0xff,
    0x30, 0x0, 0x8, 0xff, 0xff, 0x10, 0xc, 0xff,
    0xf7, 0x0, 0x0, 0x0, 0xcf, 0xff, 0x70, 0x1f,
    0xff, 0xf0, 0x0, 0x0, 0x0, 0x5f, 0xff, 0xc0,
    0x5f, 0xff, 0xb0, 0x0, 0x0, 0x0, 0xf, 0xff,
    0xf0, 0x8f, 0xff, 0x80, 0x0, 0x0, 0x0, 0xd,
    0xff, 0xf3, 0x9f, 0xff, 0x60, 0x0, 0x0, 0x0,
    0xb, 0xff, 0xf4, 0xaf, 0xff, 0x60, 0x0, 0x0,
    0x0, 0xa, 0xff, 0xf5, 0xaf, 0xff, 0x60, 0x0,
    0x0, 0x0, 0xa, 0xff, 0xf5, 0x9f, 0xff, 0x60,
    0x0, 0x0, 0x0, 0xb, 0xff, 0xf4, 0x8f, 0xff,
    0x80, 0x0, 0x0, 0x0, 0xd, 0xff, 0xf3, 0x5f,
    0xff, 0xb0, 0x0, 0x0, 0x0, 0xf, 0xff, 0xf0,
    0x1f, 0xff, 0xf0, 0x0, 0x0, 0x0, 0x5f, 0xff,
    0xc0, 0xc, 0xff, 0xf7, 0x0, 0x0, 0x0, 0xcf,
    0xff, 0x70, 0x6, 0xff, 0xff, 0x30, 0x0, 0x8,
    0xff, 0xff, 0x10, 0x0, 0xdf, 0xff, 0xfa, 0x67,
    0xcf, 0xff, 0xf8, 0x0, 0x0, 0x3f, 0xff, 0xff,
    0xff, 0xff, 0xff, 0xd0, 0x0, 0x0, 0x5, 0xff,
    0xff, 0xff, 0xff, 0xfd, 0x10, 0x0, 0x0, 0x0,
    0x2c, 0xff, 0xff, 0xff, 0x90, 0x0, 0x0, 0x0,
    0x0, 0x0, 0x25, 0x76, 0x40, 0x0, 0x0, 0x0,

    /* U+0031 "1" */
    0x0, 0x0, 0x0, 0x0, 0x3d, 0xff, 0x40, 0x0,
    0x0, 0x0, 0x7f, 0xff, 0xf4, 0x0, 0x0, 0x1,
    0xbf, 0xff, 0xff, 0x40, 0x0, 0x4, 0xef, 0xff,
    0xff, 0xf4, 0x0, 0x9, 0xff, 0xff, 0xff, 0xff,
    0x40, 0x2c, 0xff, 0xff, 0xcd, 0xff, 0xf4, 0x5f,
    0xff, 0xff, 0x90, 0xcf, 0xff, 0x46, 0xff, 0xff,
    0x50, 0xc, 0xff, 0xf4, 0xa, 0xfd, 0x20, 0x0,
    0xcf, 0xff, 0x40, 0x8, 0x0, 0x0, 0xc, 0xff,
    0xf4, 0x0, 0x0, 0x0, 0x0, 0xcf, 0xff, 0x40,
    0x0, 0x0, 0x0, 0xc, 0xff, 0xf4, 0x0, 0x0,
    0x0, 0x0, 0xcf, 0xff, 0x40, 0x0, 0x0, 0x0,
    0xc, 0xff, 0xf4, 0x0, 0x0, 0x0, 0x0, 0xcf,
    0xff, 0x40, 0x0, 0x0, 0x0, 0xc, 0xff, 0xf4,
    0x0, 0x0, 0x0, 0x0, 0xcf, 0xff, 0x40, 0x0,
    0x0, 0x0, 0xc, 0xff, 0xf4, 0x0, 0x0, 0x0,
    0x0, 0xcf, 0xff, 0x40, 0x0, 0x0, 0x0, 0xc,
    0xff, 0xf4, 0x0, 0x0, 0x0, 0x0, 0xcf, 0xff,
    0x40, 0x0, 0x0, 0x0, 0xc, 0xff, 0xf4,

    /* U+0032 "2" */
    0x0, 0x0, 0x3, 0x67, 0x74, 0x10, 0x0, 0x0,
    0x0, 0x4, 0xdf, 0xff, 0xff, 0xf9, 0x0, 0x0,
    0x0, 0x8f, 0xff, 0xff, 0xff, 0xff, 0xd1, 0x0,
    0x7, 0xff, 0xff, 0xff, 0xff, 0xff, 0xfc, 0x0,
    0x3f, 0xff, 0xfe, 0x86, 0x8e, 0xff, 0xff, 0x40,
    0x8f, 0xff, 0xc1, 0x0, 0x0, 0xdf, 0xff, 0x90,
    0x2, 0xaf, 0x20, 0x0, 0x0, 0x6f, 0xff, 0xb0,
    0x0, 0x0, 0x0, 0x0, 0x0, 0x5f, 0xff, 0xa0,
    0x0, 0x0, 0x0, 0x0, 0x0, 0x8f, 0xff, 0x80,
    0x0, 0x0, 0x0, 0x0, 0x0, 0xef, 0xff, 0x30,
    0x0, 0x0, 0x0, 0x0, 0xa, 0xff, 0xfc, 0x0,
    0x0, 0x0, 0x0, 0x0, 0x7f, 0xff, 0xf3, 0x0,
    0x0, 0x0, 0x0, 0x6, 0xff, 0xff, 0x70, 0x0,
    0x0, 0x0, 0x0, 0x6f, 0xff, 0xf8, 0x0, 0x0,
    0x0, 0x0, 0x6, 0xff, 0xff, 0x80, 0x0, 0x0,
    0x0, 0x0, 0x6f, 0xff, 0xf8, 0x0, 0x0, 0x0,
    0x0, 0x6, 0xff, 0xff, 0x80, 0x0, 0x0, 0x0,
    0x0, 0x6f, 0xff, 0xf7, 0x0, 0x0, 0x0, 0x0,
    0x6, 0xff, 0xff, 0x70, 0x0, 0x0, 0x0, 0x0,
    0x5f, 0xff, 0xfe, 0xaa, 0xaa, 0xaa, 0xaa, 0xa3,
    0x8f, 0xff, 0xff, 0xff, 0xff, 0xff, 0xff, 0xf5,
    0x8f, 0xff, 0xff, 0xff, 0xff, 0xff, 0xff, 0xf5,
    0x8f, 0xff, 0xff, 0xff, 0xff, 0xff, 0xff, 0xf5,

    /* U+0033 "3" */
    0x0, 0x0, 0x1, 0x46, 0x76, 0x40, 0x0, 0x0,
    0x0, 0x0, 0x19, 0xff, 0xff, 0xff, 0xe7, 0x0,
    0x0, 0x0, 0x2e, 0xff, 0xff, 0xff, 0xff, 0xfb,
    0x0, 0x0, 0x1e, 0xff, 0xff, 0xff, 0xff, 0xff,
    0xf8, 0x0, 0xb, 0xff, 0xfe, 0x51, 0x15, 0xdf,
    0xff, 0xf0, 0x0, 0x4e, 0xfd, 0x10, 0x0, 0x2,
    0xff, 0xff, 0x30, 0x0, 0x8, 0x30, 0x0, 0x0,
    0xb, 0xff, 0xf3, 0x0, 0x0, 0x0, 0x0, 0x0,
    0x0, 0xcf, 0xff, 0x20, 0x0, 0x0, 0x0, 0x0,
    0x0, 0x2f, 0xff, 0xd0, 0x0, 0x0, 0x0, 0x0,
    0x0, 0x4d, 0xff, 0xf4, 0x0, 0x0, 0x0, 0x6,
    0xff, 0xff, 0xff, 0xe5, 0x0, 0x0, 0x0, 0x0,
    0x6f, 0xff, 0xff, 0xfb, 0x20, 0x0, 0x0, 0x0,
    0x6, 0xff, 0xff, 0xff, 0xff, 0x40, 0x0, 0x0,
    0x0, 0x1, 0x11, 0x4b, 0xff, 0xff, 0x20, 0x0,
    0x0, 0x0, 0x0, 0x0, 0xa, 0xff, 0xfa, 0x0,
    0x0, 0x0, 0x0, 0x0, 0x0, 0x1f, 0xff, 0xf0,
    0x0, 0x3, 0x0, 0x0, 0x0, 0x0, 0xff, 0xff,
    0x0, 0x4b, 0xf6, 0x0, 0x0, 0x0, 0x2f, 0xff,
    0xf0, 0x4f, 0xff, 0xf2, 0x0, 0x0, 0xa, 0xff,
    0xfc, 0x0, 0xcf, 0xff, 0xe7, 0x21, 0x3a, 0xff,
    0xff, 0x70, 0x2, 0xff, 0xff, 0xff, 0xff, 0xff,
    0xff, 0xd0, 0x0, 0x4, 0xff, 0xff, 0xff, 0xff,
    0xff, 0xe2, 0x0, 0x0, 0x2, 0xaf, 0xff, 0xff,
    0xff, 0xa1, 0x0, 0x0, 0x0, 0x0, 0x14, 0x67,
    0x64, 0x10, 0x0, 0x0,

    /* U+0034 "4" */
    0x0, 0x0, 0x0, 0x0, 0x1, 0xef, 0xff, 0x90,
    0x0, 0x0, 0x0, 0x0, 0x0, 0xa, 0xff, 0xff,
    0x90, 0x0, 0x0, 0x0, 0x0, 0x0, 0x4f, 0xff,
    0xff, 0x90, 0x0, 0x0, 0x0, 0x0, 0x1, 0xef,
    0xff, 0xff, 0x90, 0x0, 0x0, 0x0, 0x0, 0x9,
    0xff, 0xff, 0xff, 0x90, 0x0, 0x0, 0x0, 0x0,
    0x4f, 0xff, 0x9f, 0xff, 0x90, 0x0, 0x0, 0x0,
    0x0, 0xef, 0xfb, 0x3f, 0xff, 0x90, 0x0, 0x0,
    0x0, 0x9, 0xff, 0xf1, 0x3f, 0xff, 0x90, 0x0,
    0x0, 0x0, 0x4f, 0xff, 0x60, 0x3f, 0xff, 0x90,
    0x0, 0x0, 0x0, 0xdf, 0xfc, 0x0, 0x3f, 0xff,
    0x90, 0x0, 0x0, 0x9, 0xff, 0xf2, 0x0, 0x3f,
    0xff, 0x90, 0x0, 0x0, 0x3f, 0xff, 0x70, 0x0,
    0x3f, 0xff, 0x90, 0x0, 0x0, 0xdf, 0xfc, 0x0,
    0x0, 0x3f, 0xff, 0x90, 0x0, 0x8, 0xff, 0xf2,
    0x0, 0x0, 0x3f, 0xff, 0x90, 0x0, 0x3f, 0xff,
    0xc7, 0x77, 0x77, 0xaf, 0xff, 0xf7, 0x71, 0x7f,
    0xff, 0xff, 0xff, 0xff, 0xff, 0xff, 0xff, 0xf4,
    0x7f, 0xff, 0xff, 0xff, 0xff, 0xff, 0xff, 0xff,
    0xf4, 0x7f, 0xff, 0xff, 0xff, 0xff, 0xff, 0xff,
    0xff, 0xf4, 0x0, 0x0, 0x0, 0x0, 0x0, 0x7f,
    0xff, 0x90, 0x0, 0x0, 0x0, 0x0, 0x0, 0x0,
    0x7f, 0xff, 0x90, 0x0, 0x0, 0x0, 0x0, 0x0,
    0x0, 0x7f, 0xff, 0x90, 0x0, 0x0, 0x0, 0x0,
    0x0, 0x0, 0x7f, 0xff, 0x90, 0x0,

    /* U+0035 "5" */
    0x0, 0xf, 0xff, 0xff, 0xff, 0xff, 0xff, 0xf3,
    0x0, 0x1, 0xff, 0xff, 0xff, 0xff, 0xff, 0xff,
    0x30, 0x0, 0x3f, 0xff, 0xff, 0xff, 0xff, 0xff,
    0xf3, 0x0, 0x5, 0xff, 0xfa, 0x99, 0x99, 0x99,
    0x99, 0x10, 0x0, 0x7f, 0xff, 0x20, 0x0, 0x0,
    0x0, 0x0, 0x0, 0x9, 0xff, 0xf0, 0x0, 0x0,
    0x0, 0x0, 0x0, 0x0, 0xbf, 0xfd, 0x0, 0x0,
    0x0, 0x0, 0x0, 0x0, 0xd, 0xff, 0xb0, 0x0,
    0x0, 0x0, 0x0, 0x0, 0x0, 0xff, 0xf9, 0x3a,
    0xef, 0xec, 0x70, 0x0, 0x0, 0x1f, 0xff, 0xef,
    0xff, 0xff, 0xff, 0xe3, 0x0, 0x3, 0xff, 0xff,
    0xff, 0xff, 0xff, 0xff, 0xf2, 0x0, 0x2c, 0xff,
    0xfd, 0x63, 0x48, 0xff, 0xff, 0xc0, 0x0, 0x2,
    0x9a, 0x0, 0x0, 0x4, 0xff, 0xff, 0x30, 0x0,
    0x0, 0x0, 0x0, 0x0, 0xa, 0xff, 0xf7, 0x0,
    0x0, 0x0, 0x0, 0x0, 0x0, 0x6f, 0xff, 0x90,
    0x0, 0x35, 0x0, 0x0, 0x0, 0x6, 0xff, 0xf9,
    0x7, 0xdf, 0xe0, 0x0, 0x0, 0x0, 0xaf, 0xff,
    0x70, 0xef, 0xff, 0x90, 0x0, 0x0, 0x4f, 0xff,
    0xf3, 0x7, 0xff, 0xff, 0xb5, 0x23, 0x8f, 0xff,
    0xfc, 0x0, 0xc, 0xff, 0xff, 0xff, 0xff, 0xff,
    0xff, 0x30, 0x0, 0x1c, 0xff, 0xff, 0xff, 0xff,
    0xff, 0x40, 0x0, 0x0, 0x8, 0xff, 0xff, 0xff,
    0xfa, 0x20, 0x0, 0x0, 0x0, 0x0, 0x46, 0x77,
    0x51, 0x0, 0x0, 0x0,

    /* U+0036 "6" */
    0x0, 0x0, 0x0, 0x0, 0x2, 0x0, 0x0, 0x0,
    0x0, 0x0, 0x0, 0x0, 0x9f, 0x60, 0x0, 0x0,
    0x0, 0x0, 0x0, 0x4, 0xff, 0xfb, 0x10, 0x0,
    0x0, 0x0, 0x0, 0x1e, 0xff, 0xfc, 0x0, 0x0,
    0x0, 0x0, 0x0, 0xbf, 0xff, 0xe2, 0x0, 0x0,
    0x0, 0x0, 0x7, 0xff, 0xff, 0x50, 0x0, 0x0,
    0x0, 0x0, 0x3f, 0xff, 0xf9, 0x0, 0x0, 0x0,
    0x0, 0x0, 0xdf, 0xff, 0xc0, 0x0, 0x0, 0x0,
    0x0, 0x9, 0xff, 0xff, 0x20, 0x0, 0x0, 0x0,
    0x0, 0x4f, 0xff, 0xff, 0xff, 0xe9, 0x20, 0x0,
    0x0, 0xdf, 0xff, 0xff, 0xff, 0xff, 0xf7, 0x0,
    0x7, 0xff, 0xff, 0xff, 0xff, 0xff, 0xff, 0x60,
    0xe, 0xff, 0xff, 0x94, 0x47, 0xef, 0xff, 0xf1,
    0x5f, 0xff, 0xf4, 0x0, 0x0, 0x2e, 0xff, 0xf7,
    0x8f, 0xff, 0x90, 0x0, 0x0, 0x7, 0xff, 0xfb,
    0xaf, 0xff, 0x50, 0x0, 0x0, 0x3, 0xff, 0xfd,
    0xaf, 0xff, 0x50, 0x0, 0x0, 0x3, 0xff, 0xfc,
    0x8f, 0xff, 0x80, 0x0, 0x0, 0x6, 0xff, 0xfa,
    0x4f, 0xff, 0xf3, 0x0, 0x0, 0x1e, 0xff, 0xf6,
    0xd, 0xff, 0xff, 0x83, 0x36, 0xef, 0xff, 0xe0,
    0x4, 0xff, 0xff, 0xff, 0xff, 0xff, 0xff, 0x50,
    0x0, 0x6f, 0xff, 0xff, 0xff, 0xff, 0xf6, 0x0,
    0x0, 0x3, 0xcf, 0xff, 0xff, 0xfc, 0x30, 0x0,
    0x0, 0x0, 0x2, 0x57, 0x76, 0x20, 0x0, 0x0,

    /* U+0037 "7" */
    0x5f, 0xff, 0xff, 0xff, 0xff, 0xff, 0xff, 0xf8,
    0x5f, 0xff, 0xff, 0xff, 0xff, 0xff, 0xff, 0xf8,
    0x5f, 0xff, 0xff, 0xff, 0xff, 0xff, 0xff, 0xf8,
    0x3a, 0xaa, 0xaa, 0xaa, 0xaa, 0xae, 0xff, 0xf7,
    0x0, 0x0, 0x0, 0x0, 0x0, 0x3f, 0xff, 0xf1,
    0x0, 0x0, 0x0, 0x0, 0x0, 0xbf, 0xff, 0x80,
    0x0, 0x0, 0x0, 0x0, 0x4, 0xff, 0xff, 0x10,
    0x0, 0x0, 0x0, 0x0, 0xd, 0xff, 0xf7, 0x0,
    0x0, 0x0, 0x0, 0x0, 0x5f, 0xff, 0xe0, 0x0,
    0x0, 0x0, 0x0, 0x0, 0xef, 0xff, 0x70, 0x0,
    0x0, 0x0, 0x0, 0x7, 0xff, 0xfe, 0x0, 0x0,
    0x0, 0x0, 0x0, 0x1e, 0xff, 0xf6, 0x0, 0x0,
    0x0, 0x0, 0x0, 0x8f, 0xff, 0xd0, 0x0, 0x0,
    0x0, 0x0, 0x2, 0xff, 0xff, 0x50, 0x0, 0x0,
    0x0, 0x0, 0xa, 0xff, 0xfc, 0x0, 0x0, 0x0,
    0x0, 0x0, 0x3f, 0xff, 0xf4, 0x0, 0x0, 0x0,
    0x0, 0x0, 0xbf, 0xff, 0xc0, 0x0, 0x0, 0x0,
    0x0, 0x4, 0xff, 0xff, 0x30, 0x0, 0x0, 0x0,
    0x0, 0xd, 0xff, 0xfb, 0x0, 0x0, 0x0, 0x0,
    0x0, 0x6f, 0xff, 0xf2, 0x0, 0x0, 0x0, 0x0,
    0x0, 0x6f, 0xff, 0xa0, 0x0, 0x0, 0x0, 0x0,
    0x0, 0x1, 0x9f, 0x20, 0x0, 0x0, 0x0, 0x0,
    0x0, 0x0, 0x1, 0x0, 0x0, 0x0, 0x0, 0x0,

    /* U+0038 "8" */
    0x0, 0x0, 0x2, 0x67, 0x75, 0x10, 0x0, 0x0,
    0x0, 0x3, 0xcf, 0xff, 0xff, 0xf9, 0x10, 0x0,
    0x0, 0x4f, 0xff, 0xff, 0xff, 0xff, 0xd1, 0x0,
    0x1, 0xff, 0xff, 0xff, 0xff, 0xff, 0xfb, 0x0,
    0x8, 0xff, 0xfd, 0x30, 0x6, 0xff, 0xff, 0x30,
    0xc, 0xff, 0xf2, 0x0, 0x0, 0x7f, 0xff, 0x70,
    0xd, 0xff, 0xe0, 0x0, 0x0, 0x2f, 0xff, 0x80,
    0xc, 0xff, 0xe0, 0x0, 0x0, 0x3f, 0xff, 0x70,
    0x8, 0xff, 0xf3, 0x0, 0x0, 0x8f, 0xff, 0x30,
    0x1, 0xef, 0xfe, 0x40, 0x17, 0xff, 0xfb, 0x0,
    0x0, 0x3f, 0xff, 0xff, 0xff, 0xff, 0xc1, 0x0,
    0x0, 0x8, 0xff, 0xff, 0xff, 0xff, 0x30, 0x0,
    0x0, 0xbf, 0xff, 0xff, 0xff, 0xff, 0xf7, 0x0,
    0xa, 0xff, 0xfc, 0x40, 0x15, 0xef, 0xff, 0x50,
    0x2f, 0xff, 0xd0, 0x0, 0x0, 0x3f, 0xff, 0xd0,
    0x7f, 0xff, 0x60, 0x0, 0x0, 0xb, 0xff, 0xf3,
    0xaf, 0xff, 0x40, 0x0, 0x0, 0x9, 0xff, 0xf5,
    0xaf, 0xff, 0x60, 0x0, 0x0, 0xb, 0xff, 0xf5,
    0x7f, 0xff, 0xd0, 0x0, 0x0, 0x2f, 0xff, 0xf2,
    0x2f, 0xff, 0xfc, 0x30, 0x5, 0xef, 0xff, 0xd0,
    0x9, 0xff, 0xff, 0xff, 0xff, 0xff, 0xff, 0x40,
    0x0, 0xaf, 0xff, 0xff, 0xff, 0xff, 0xf6, 0x0,
    0x0, 0x6, 0xef, 0xff, 0xff, 0xfc, 0x30, 0x0,
    0x0, 0x0, 0x3, 0x67, 0x75, 0x20, 0x0, 0x0,

    /* U+0039 "9" */
    0x0, 0x0, 0x0, 0x36, 0x76, 0x40, 0x0, 0x0,
    0x0, 0x0, 0x5, 0xef, 0xff, 0xff, 0xf9, 0x10,
    0x0, 0x0, 0xa, 0xff, 0xff, 0xff, 0xff, 0xfd,
    0x20, 0x0, 0x9, 0xff, 0xff, 0xff, 0xff, 0xff,
    0xfd, 0x10, 0x3, 0xff, 0xff, 0xc5, 0x34, 0xaf,
    0xff, 0xf9, 0x0, 0xaf, 0xff, 0xb0, 0x0, 0x0,
    0x7f, 0xff, 0xf0, 0xf, 0xff, 0xf2, 0x0, 0x0,
    0x0, 0xdf, 0xff, 0x41, 0xff, 0xfe, 0x0, 0x0,
    0x0, 0xa, 0xff, 0xf5, 0x1f, 0xff, 0xe0, 0x0,
    0x0, 0x0, 0xaf, 0xff, 0x50, 0xff, 0xff, 0x20,
    0x0, 0x0, 0xe, 0xff, 0xf4, 0xb, 0xff, 0xfb,
    0x0, 0x0, 0x8, 0xff, 0xff, 0x0, 0x5f, 0xff,
    0xfd, 0x64, 0x5b, 0xff, 0xff, 0xa0, 0x0, 0xaf,
    0xff, 0xff, 0xff, 0xff, 0xff, 0xf2, 0x0, 0x0,
    0xaf, 0xff, 0xff, 0xff, 0xff, 0xf9, 0x0, 0x0,
    0x0, 0x4b, 0xef, 0xef, 0xff, 0xfe, 0x0, 0x0,
    0x0, 0x0, 0x0, 0x6, 0xff, 0xff, 0x40, 0x0,
    0x0, 0x0, 0x0, 0x2, 0xff, 0xff, 0x90, 0x0,
    0x0, 0x0, 0x0, 0x0, 0xdf, 0xff, 0xd0, 0x0,
    0x0, 0x0, 0x0, 0x0, 0x9f, 0xff, 0xf2, 0x0,
    0x0, 0x0, 0x0, 0x0, 0x5f, 0xff, 0xf6, 0x0,
    0x0, 0x0, 0x0, 0x0, 0x2f, 0xff, 0xfb, 0x0,
    0x0, 0x0, 0x0, 0x0, 0x3, 0xdf, 0xfe, 0x10,
    0x0, 0x0, 0x0, 0x0, 0x0, 0x0, 0x9f, 0x40,
    0x0, 0x0, 0x0, 0x0, 0x0, 0x0, 0x0, 0x20,
    0x0, 0x0, 0x0, 0x0,

    /* U+003A ":" */
    0x8, 0xee, 0x60, 0x5f, 0xff, 0xf3, 0x9f, 0xff,
    0xf7, 0x6f, 0xff, 0xf4, 0xa, 0xff, 0x80, 0x0,
    0x0, 0x0, 0x0, 0x0, 0x0, 0x0, 0x0, 0x0,
    0x0, 0x0, 0x0, 0x0, 0x0, 0x0, 0x0, 0x0,
    0x0, 0xa, 0xff, 0x80, 0x6f, 0xff, 0xf4, 0x9f,
    0xff, 0xf7, 0x5f, 0xff, 0xf3, 0x8, 0xee, 0x60,

    /* U+003B ";" */
    0x2, 0xcf, 0xb2, 0x0, 0xcf, 0xff, 0xc0, 0xf,
    0xff, 0xff, 0x0, 0xdf, 0xff, 0xd0, 0x3, 0xdf,
    0xd3, 0x0, 0x0, 0x10, 0x0, 0x0, 0x0, 0x0,
    0x0, 0x0, 0x0, 0x0, 0x0, 0x0, 0x0, 0x0,
    0x0, 0x0, 0x0, 0x0, 0x45, 0x10, 0x0, 0xbf,
    0xfe, 0x20, 0x4f, 0xff, 0xf9, 0x4, 0xff, 0xff,
    0xa0, 0xd, 0xff, 0xf6, 0x0, 0x3f, 0xfd, 0x0,
    0xd, 0xff, 0x30, 0x8, 0xff, 0x70, 0x0, 0x3d,
    0xc0, 0x0, 0x0, 0x1, 0x0, 0x0,

    /* U+003C "<" */
    0x0, 0x0, 0x0, 0x0, 0x0, 0x0, 0x56, 0x0,
    0x0, 0x0, 0x0, 0x1, 0x8e, 0xf9, 0x0, 0x0,
    0x0, 0x4, 0xbf, 0xff, 0xf9, 0x0, 0x0, 0x17,
    0xef, 0xff, 0xff, 0xf8, 0x0, 0x4a, 0xff, 0xff,
    0xff, 0xe8, 0x20, 0x7d, 0xff, 0xff, 0xff, 0xa4,
    0x0, 0x0, 0xef, 0xff, 0xfc, 0x60, 0x0, 0x0,
    0x0, 0xef, 0xff, 0xb3, 0x0, 0x0, 0x0, 0x0,
    0xdf, 0xff, 0xff, 0xd7, 0x20, 0x0, 0x0, 0x6,
    0xdf, 0xff, 0xff, 0xfc, 0x60, 0x0, 0x0, 0x3,
    0xaf, 0xff, 0xff, 0xff, 0xa3, 0x0, 0x0, 0x1,
    0x6d, 0xff, 0xff, 0xf9, 0x0, 0x0, 0x0, 0x0,
    0x3a, 0xff, 0xf9, 0x0, 0x0, 0x0, 0x0, 0x0,
    0x17, 0xd9, 0x0, 0x0, 0x0, 0x0, 0x0, 0x0,
    0x1,

    /* U+003D "=" */
    0x1f, 0xff, 0xff, 0xff, 0xff, 0xff, 0xff, 0xc1,
    0xff, 0xff, 0xff, 0xff, 0xff, 0xff, 0xfc, 0x1f,
    0xff, 0xff, 0xff, 0xff, 0xff, 0xff, 0xc0, 0x66,
    0x66, 0x66, 0x66, 0x66, 0x66, 0x65, 0x0, 0x0,
    0x0, 0x0, 0x0, 0x0, 0x0, 0x0, 0x0, 0x0,
    0x0, 0x0, 0x0, 0x0, 0x0, 0x1f, 0xff, 0xff,
    0xff, 0xff, 0xff, 0xff, 0xc1, 0xff, 0xff, 0xff,
    0xff, 0xff, 0xff, 0xfc, 0x1f, 0xff, 0xff, 0xff,
    0xff, 0xff, 0xff, 0xc0, 0x66, 0x66, 0x66, 0x66,
    0x66, 0x66, 0x64,

    /* U+003E ">" */
    0x83, 0x0, 0x0, 0x0, 0x0, 0x0, 0x0, 0xef,
    0xc6, 0x0, 0x0, 0x0, 0x0, 0x0, 0xef, 0xff,
    0xf9, 0x30, 0x0, 0x0, 0x0, 0xdf, 0xff, 0xff,
    0xfc, 0x60, 0x0, 0x0, 0x4, 0xaf, 0xff, 0xff,
    0xfe, 0x92, 0x0, 0x0, 0x1, 0x6c, 0xff, 0xff,
    0xff, 0xc4, 0x0, 0x0, 0x0, 0x28, 0xef, 0xff,
    0xf9, 0x0, 0x0, 0x0, 0x0, 0x5e, 0xff, 0xf9,
    0x0, 0x0, 0x3, 0x9e, 0xff, 0xff, 0xf9, 0x0,
    0x17, 0xdf, 0xff, 0xff, 0xfb, 0x40, 0x5b, 0xff,
    0xff, 0xff, 0xe8, 0x10, 0x0, 0xef, 0xff, 0xff,
    0xb5, 0x0, 0x0, 0x0, 0xef, 0xfe, 0x82, 0x0,
    0x0, 0x0, 0x0, 0xec, 0x50, 0x0, 0x0, 0x0,
    0x0, 0x0, 0x10, 0x0, 0x0, 0x0, 0x0, 0x0,
    0x0,

    /* U+003F "?" */
    0x0, 0x0, 0x15, 0x77, 0x62, 0x0, 0x0, 0x0,
    0x1a, 0xff, 0xff, 0xff, 0xc3, 0x0, 0x2, 0xef,
    0xff, 0xff, 0xff, 0xff, 0x40, 0xd, 0xff, 0xff,
    0xff, 0xff, 0xff, 0xf1, 0x8f, 0xff, 0xf6, 0x12,
    0x7f, 0xff, 0xf7, 0xbf, 0xff, 0x40, 0x0, 0x8,
    0xff, 0xfb, 0x1, 0x79, 0x0, 0x0, 0x5, 0xff,
    0xfc, 0x0, 0x0, 0x0, 0x0, 0x7, 0xff, 0xfa,
    0x0, 0x0, 0x0, 0x0, 0x1e, 0xff, 0xf6, 0x0,
    0x0, 0x0, 0x1, 0xdf, 0xff, 0xe0, 0x0, 0x0,
    0x0, 0x1d, 0xff, 0xff, 0x30, 0x0, 0x0, 0x1,
    0xdf, 0xff, 0xf4, 0x0, 0x0, 0x0, 0x9, 0xff,
    0xfe, 0x30, 0x0, 0x0, 0x0, 0xf, 0xff, 0xf5,
    0x0, 0x0, 0x0, 0x0, 0x1f, 0xff, 0xf0, 0x0,
    0x0, 0x0, 0x0, 0x1f, 0xff, 0xe0, 0x0, 0x0,
    0x0, 0x0, 0x5, 0x55, 0x40, 0x0, 0x0, 0x0,
    0x0, 0x0, 0x0, 0x0, 0x0, 0x0, 0x0, 0x0,
    0x6, 0xcc, 0x60, 0x0, 0x0, 0x0, 0x0, 0x7f,
    0xff, 0xf7, 0x0, 0x0, 0x0, 0x0, 0xcf, 0xff,
    0xfc, 0x0, 0x0, 0x0, 0x0, 0xbf, 0xff, 0xfb,
    0x0, 0x0, 0x0, 0x0, 0x3f, 0xff, 0xf3, 0x0,
    0x0, 0x0, 0x0, 0x1, 0x66, 0x10, 0x0, 0x0,

    /* U+0040 "@" */
    0x0, 0x0, 0x0, 0x0, 0x2, 0x56, 0x76, 0x52,
    0x0, 0x0, 0x0, 0x0, 0x0, 0x0, 0x0, 0x1,
    0x8e, 0xff, 0xff, 0xff, 0xfe, 0x81, 0x0, 0x0,
    0x0, 0x0, 0x0, 0x7, 0xff, 0xff, 0xff, 0xff,
    0xff, 0xff, 0xf7, 0x0, 0x0, 0x0, 0x0, 0xa,
    0xff, 0xfd, 0x73, 0x10, 0x13, 0x7c, 0xff, 0xfa,
    0x0, 0x0, 0x0, 0xb, 0xff, 0xf6, 0x0, 0x0,
    0x0, 0x0, 0x5, 0xef, 0xf9, 0x0, 0x0, 0x8,
    0xff, 0xe2, 0x0, 0x0, 0x0, 0x0, 0x0, 0x2,
    0xdf, 0xf6, 0x0, 0x1, 0xff, 0xf2, 0x0, 0x8,
    0xdf, 0xfb, 0x43, 0x99, 0x2, 0xff, 0xe0, 0x0,
    0x9f, 0xf7, 0x0, 0x1d, 0xff, 0xff, 0xff, 0xbf,
    0xf0, 0x7, 0xff, 0x60, 0xe, 0xfe, 0x0, 0xc,
    0xff, 0xe9, 0x9d, 0xff, 0xff, 0x0, 0xf, 0xfb,
    0x3, 0xff, 0x90, 0x5, 0xff, 0xd1, 0x0, 0xa,
    0xff, 0xf0, 0x0, 0xbf, 0xf0, 0x6f, 0xf5, 0x0,
    0xbf, 0xf4, 0x0, 0x0, 0x1e, 0xff, 0x0, 0x7,
    0xff, 0x17, 0xff, 0x30, 0xd, 0xff, 0x0, 0x0,
    0x0, 0xbf, 0xf0, 0x0, 0x6f, 0xf2, 0x8f, 0xf3,
    0x0, 0xef, 0xf0, 0x0, 0x0, 0xa, 0xff, 0x0,
    0x5, 0xff, 0x36, 0xff, 0x40, 0xd, 0xff, 0x10,
    0x0, 0x0, 0xcf, 0xf0, 0x0, 0x7f, 0xf2, 0x5f,
    0xf6, 0x0, 0x9f, 0xf8, 0x0, 0x0, 0x4f, 0xff,
    0x20, 0xb, 0xff, 0x1, 0xff, 0xa0, 0x2, 0xff,
    0xf7, 0x10, 0x5e, 0xff, 0xfa, 0x15, 0xff, 0xb0,
    0xd, 0xff, 0x10, 0x8, 0xff, 0xff, 0xff, 0xff,
    0xcf, 0xff, 0xff, 0xf4, 0x0, 0x7f, 0xfa, 0x0,
    0x8, 0xff, 0xff, 0xfe, 0x41, 0xdf, 0xff, 0xf7,
    0x0, 0x0, 0xef, 0xf6, 0x0, 0x1, 0x69, 0x85,
    0x0, 0x0, 0x69, 0x82, 0x0, 0x0, 0x4, 0xff,
    0xf7, 0x0, 0x0, 0x0, 0x0, 0x0, 0x0, 0x0,
    0x0, 0x0, 0x0, 0x7, 0xff, 0xfc, 0x40, 0x0,
    0x0, 0x0, 0x10, 0x0, 0x0, 0x0, 0x0, 0x0,
    0x6, 0xff, 0xff, 0xea, 0x98, 0x9c, 0xf9, 0x0,
    0x0, 0x0, 0x0, 0x0, 0x0, 0x2, 0xbf, 0xff,
    0xff, 0xff, 0xff, 0xf1, 0x0, 0x0, 0x0, 0x0,
    0x0, 0x0, 0x0, 0x27, 0xbd, 0xff, 0xec, 0x94,
    0x0, 0x0, 0x0, 0x0,

    /* U+0041 "A" */
    0x0, 0x0, 0x0, 0x0, 0xbf, 0xff, 0x80, 0x0,
    0x0, 0x0, 0x0, 0x0, 0x0, 0x0, 0x1f, 0xff,
    0xfd, 0x0, 0x0, 0x0, 0x0, 0x0, 0x0, 0x0,
    0x7, 0xff, 0xff, 0xf3, 0x0, 0x0, 0x0, 0x0,
    0x0, 0x0, 0x0, 0xdf, 0xff, 0xff, 0x90, 0x0,
    0x0, 0x0, 0x0, 0x0, 0x0, 0x2f, 0xff, 0xff,
    0xff, 0x0, 0x0, 0x0, 0x0, 0x0, 0x0, 0x8,
    0xff, 0xf9, 0xff, 0xf5, 0x0, 0x0, 0x0, 0x0,
    0x0, 0x0, 0xef, 0xfd, 0x2f, 0xff, 0xb0, 0x0,
    0x0, 0x0, 0x0, 0x0, 0x4f, 0xff, 0x80, 0xdf,
    0xff, 0x10, 0x0, 0x0, 0x0, 0x0, 0xa, 0xff,
    0xf3, 0x8, 0xff, 0xf7, 0x0, 0x0, 0x0, 0x0,
    0x1, 0xff, 0xfe, 0x0, 0x2f, 0xff, 0xd0, 0x0,
    0x0, 0x0, 0x0, 0x6f, 0xff, 0x80, 0x0, 0xdf,
    0xff, 0x30, 0x0, 0x0, 0x0, 0xc, 0xff, 0xf3,
    0x0, 0x7, 0xff, 0xf9, 0x0, 0x0, 0x0, 0x2,
    0xff, 0xfd, 0x0, 0x0, 0x2f, 0xff, 0xf0, 0x0,
    0x0, 0x0, 0x8f, 0xff, 0x80, 0x0, 0x0, 0xcf,
    0xff, 0x50, 0x0, 0x0, 0xe, 0xff, 0xff, 0xff,
    0xff, 0xff, 0xff, 0xfb, 0x0, 0x0, 0x4, 0xff,
    0xff, 0xff, 0xff, 0xff, 0xff, 0xff, 0xf1, 0x0,
    0x0, 0xaf, 0xff, 0xff, 0xff, 0xff, 0xff, 0xff,
    0xff, 0x70, 0x0, 0x1f, 0xff, 0xf3, 0x22, 0x22,
    0x22, 0x27, 0xff, 0xfd, 0x0, 0x6, 0xff, 0xfc,
    0x0, 0x0, 0x0, 0x0, 0x1f, 0xff, 0xf3, 0x0,
    0xcf, 0xff, 0x70, 0x0, 0x0, 0x0, 0x0, 0xbf,
    0xff, 0x90, 0x2f, 0xff, 0xf1, 0x0, 0x0, 0x0,
    0x0, 0x6, 0xff, 0xfe, 0x8, 0xff, 0xfc, 0x0,
    0x0, 0x0, 0x0, 0x0, 0x1f, 0xff, 0xf5,

    /* U+0042 "B" */
    0xbf, 0xff, 0xff, 0xff, 0xff, 0xd8, 0x10, 0x0,
    0xbf, 0xff, 0xff, 0xff, 0xff, 0xff, 0xf5, 0x0,
    0xbf, 0xff, 0xff, 0xff, 0xff, 0xff, 0xff, 0x30,
    0xbf, 0xff, 0x96, 0x66, 0x7a, 0xff, 0xff, 0xc0,
    0xbf, 0xff, 0x40, 0x0, 0x0, 0x4f, 0xff, 0xf1,
    0xbf, 0xff, 0x40, 0x0, 0x0, 0xc, 0xff, 0xf3,
    0xbf, 0xff, 0x40, 0x0, 0x0, 0xb, 0xff, 0xf2,
    0xbf, 0xff, 0x40, 0x0, 0x0, 0x1f, 0xff, 0xe0,
    0xbf, 0xff, 0x40, 0x0, 0x3, 0xcf, 0xff, 0x50,
    0xbf, 0xff, 0xff, 0xff, 0xff, 0xff, 0xf7, 0x0,
    0xbf, 0xff, 0xff, 0xff, 0xff, 0xff, 0xa1, 0x0,
    0xbf, 0xff, 0xff, 0xff, 0xff, 0xff, 0xfe, 0x30,
    0xbf, 0xff, 0x40, 0x0, 0x1, 0x8f, 0xff, 0xf1,
    0xbf, 0xff, 0x40, 0x0, 0x0, 0x9, 0xff, 0xf9,
    0xbf, 0xff, 0x40, 0x0, 0x0, 0x2, 0xff, 0xfe,
    0xbf, 0xff, 0x40, 0x0, 0x0, 0x1, 0xff, 0xff,
    0xbf, 0xff, 0x40, 0x0, 0x0, 0x4, 0xff, 0xfe,
    0xbf, 0xff, 0x40, 0x0, 0x0, 0xc, 0xff, 0xfb,
    0xbf, 0xff, 0x85, 0x55, 0x57, 0xdf, 0xff, 0xf5,
    0xbf, 0xff, 0xff, 0xff, 0xff, 0xff, 0xff, 0xa0,
    0xbf, 0xff, 0xff, 0xff, 0xff, 0xff, 0xfa, 0x0,
    0xbf, 0xff, 0xff, 0xff, 0xff, 0xeb, 0x40, 0x0,

    /* U+0043 "C" */
    0x0, 0x0, 0x0, 0x0, 0x25, 0x67, 0x64, 0x0,
    0x0, 0x0, 0x0, 0x0, 0x0, 0x7d, 0xff, 0xff,
    0xff, 0xfa, 0x30, 0x0, 0x0, 0x0, 0x3e, 0xff,
    0xff, 0xff, 0xff, 0xff, 0xf8, 0x0, 0x0, 0x6,
    0xff, 0xff, 0xff, 0xff, 0xff, 0xff, 0xff, 0xb0,
    0x0, 0x4f, 0xff, 0xff, 0xea, 0x76, 0x8b, 0xff,
    0xff, 0xe2, 0x1, 0xff, 0xff, 0xf7, 0x0, 0x0,
    0x0, 0x2c, 0xfe, 0x20, 0x9, 0xff, 0xff, 0x40,
    0x0, 0x0, 0x0, 0x0, 0xa3, 0x0, 0x1f, 0xff,
    0xf6, 0x0, 0x0, 0x0, 0x0, 0x0, 0x0, 0x0,
    0x5f, 0xff, 0xd0, 0x0, 0x0, 0x0, 0x0, 0x0,
    0x0, 0x0, 0x9f, 0xff, 0x80, 0x0, 0x0, 0x0,
    0x0, 0x0, 0x0, 0x0, 0xbf, 0xff, 0x40, 0x0,
    0x0, 0x0, 0x0, 0x0, 0x0, 0x0, 0xdf, 0xff,
    0x30, 0x0, 0x0, 0x0, 0x0, 0x0, 0x0, 0x0,
    0xdf, 0xff, 0x30, 0x0, 0x0, 0x0, 0x0, 0x0,
    0x0, 0x0, 0xbf, 0xff, 0x40, 0x0, 0x0, 0x0,
    0x0, 0x0, 0x0, 0x0, 0x9f, 0xff, 0x80, 0x0,
    0x0, 0x0, 0x0, 0x0, 0x0, 0x0, 0x5f, 0xff,
    0xe0, 0x0, 0x0, 0x0, 0x0, 0x0, 0x0, 0x0,
    0x1f, 0xff, 0xf7, 0x0, 0x0, 0x0, 0x0, 0x0,
    0x1, 0x0, 0x9, 0xff, 0xff, 0x40, 0x0, 0x0,
    0x0, 0x0, 0xad, 0x10, 0x1, 0xef, 0xff, 0xf7,
    0x0, 0x0, 0x0, 0x3c, 0xff, 0xc1, 0x0, 0x4f,
    0xff, 0xff, 0xea, 0x76, 0x8c, 0xff, 0xff, 0xfa,
    0x0, 0x5, 0xff, 0xff, 0xff, 0xff, 0xff, 0xff,
    0xff, 0xd1, 0x0, 0x0, 0x3e, 0xff, 0xff, 0xff,
    0xff, 0xff, 0xfb, 0x10, 0x0, 0x0, 0x0, 0x7d,
    0xff, 0xff, 0xff, 0xfb, 0x40, 0x0, 0x0, 0x0,
    0x0, 0x0, 0x25, 0x67, 0x64, 0x10, 0x0, 0x0,

    /* U+0044 "D" */
    0xbf, 0xff, 0xff, 0xff, 0xed, 0x95, 0x0, 0x0,
    0x0, 0xb, 0xff, 0xff, 0xff, 0xff, 0xff, 0xfe,
    0x60, 0x0, 0x0, 0xbf, 0xff, 0xff, 0xff, 0xff,
    0xff, 0xff, 0xa0, 0x0, 0xb, 0xff, 0xfd, 0xcc,
    0xcd, 0xff, 0xff, 0xff, 0xb0, 0x0, 0xbf, 0xff,
    0x40, 0x0, 0x0, 0x6d, 0xff, 0xff, 0x80, 0xb,
    0xff, 0xf4, 0x0, 0x0, 0x0, 0xb, 0xff, 0xff,
    0x20, 0xbf, 0xff, 0x40, 0x0, 0x0, 0x0, 0xd,
    0xff, 0xf9, 0xb, 0xff, 0xf4, 0x0, 0x0, 0x0,
    0x0, 0x5f, 0xff, 0xe0, 0xbf, 0xff, 0x40, 0x0,
    0x0, 0x0, 0x0, 0xff, 0xff, 0x2b, 0xff, 0xf4,
    0x0, 0x0, 0x0, 0x0, 0xc, 0xff, 0xf4, 0xbf,
    0xff, 0x40, 0x0, 0x0, 0x0, 0x0, 0xbf, 0xff,
    0x5b, 0xff, 0xf4, 0x0, 0x0, 0x0, 0x0, 0xb,
    0xff, 0xf5, 0xbf, 0xff, 0x40, 0x0, 0x0, 0x0,
    0x0, 0xcf, 0xff, 0x4b, 0xff, 0xf4, 0x0, 0x0,
    0x0, 0x0, 0xf, 0xff, 0xf2, 0xbf, 0xff, 0x40,
    0x0, 0x0, 0x0, 0x5, 0xff, 0xfe, 0xb, 0xff,
    0xf4, 0x0, 0x0, 0x0, 0x0, 0xdf, 0xff, 0x90,
    0xbf, 0xff, 0x40, 0x0, 0x0, 0x0, 0xaf, 0xff,
    0xf2, 0xb, 0xff, 0xf4, 0x0, 0x0, 0x4, 0xcf,
    0xff, 0xf8, 0x0, 0xbf, 0xff, 0xba, 0xaa, 0xbe,
    0xff, 0xff, 0xfb, 0x0, 0xb, 0xff, 0xff, 0xff,
    0xff, 0xff, 0xff, 0xfb, 0x0, 0x0, 0xbf, 0xff,
    0xff, 0xff, 0xff, 0xff, 0xe6, 0x0, 0x0, 0xb,
    0xff, 0xff, 0xff, 0xfe, 0xd9, 0x50, 0x0, 0x0,
    0x0,

    /* U+0045 "E" */
    0xbf, 0xff, 0xff, 0xff, 0xff, 0xff, 0xf4, 0xbf,
    0xff, 0xff, 0xff, 0xff, 0xff, 0xf4, 0xbf, 0xff,
    0xff, 0xff, 0xff, 0xff, 0xf4, 0xbf, 0xff, 0xcc,
    0xcc, 0xcc, 0xcc, 0xc3, 0xbf, 0xff, 0x30, 0x0,
    0x0, 0x0, 0x0, 0xbf, 0xff, 0x30, 0x0, 0x0,
    0x0, 0x0, 0xbf, 0xff, 0x30, 0x0, 0x0, 0x0,
    0x0, 0xbf, 0xff, 0x30, 0x0, 0x0, 0x0, 0x0,
    0xbf, 0xff, 0x30, 0x0, 0x0, 0x0, 0x0, 0xbf,
    0xff, 0x86, 0x66, 0x66, 0x66, 0x50, 0xbf, 0xff,
    0xff, 0xff, 0xff, 0xff, 0xd0, 0xbf, 0xff, 0xff,
    0xff, 0xff, 0xff, 0xd0, 0xbf, 0xff, 0xff, 0xff,
    0xff, 0xff, 0xd0, 0xbf, 0xff, 0x30, 0x0, 0x0,
    0x0, 0x0, 0xbf, 0xff, 0x30, 0x0, 0x0, 0x0,
    0x0, 0xbf, 0xff, 0x30, 0x0, 0x0, 0x0, 0x0,
    0xbf, 0xff, 0x30, 0x0, 0x0, 0x0, 0x0, 0xbf,
    0xff, 0x30, 0x0, 0x0, 0x0, 0x0, 0xbf, 0xff,
    0xdc, 0xcc, 0xcc, 0xcc, 0xc5, 0xbf, 0xff, 0xff,
    0xff, 0xff, 0xff, 0xf7, 0xbf, 0xff, 0xff, 0xff,
    0xff, 0xff, 0xf7, 0xbf, 0xff, 0xff, 0xff, 0xff,
    0xff, 0xf7,

    /* U+0046 "F" */
    0xbf, 0xff, 0xff, 0xff, 0xff, 0xff, 0xf0, 0xbf,
    0xff, 0xff, 0xff, 0xff, 0xff, 0xf0, 0xbf, 0xff,
    0xff, 0xff, 0xff, 0xff, 0xf0, 0xbf, 0xff, 0xdc,
    0xcc, 0xcc, 0xcc, 0xc0, 0xbf, 0xff, 0x50, 0x0,
    0x0, 0x0, 0x0, 0xbf, 0xff, 0x50, 0x0, 0x0,
    0x0, 0x0, 0xbf, 0xff, 0x50, 0x0, 0x0, 0x0,
    0x0, 0xbf, 0xff, 0x50, 0x0, 0x0, 0x0, 0x0,
    0xbf, 0xff, 0x50, 0x0, 0x0, 0x0, 0x0, 0xbf,
    0xff, 0x50, 0x0, 0x0, 0x0, 0x0, 0xbf, 0xff,
    0xff, 0xff, 0xff, 0xff, 0x90, 0xbf, 0xff, 0xff,
    0xff, 0xff, 0xff, 0x90, 0xbf, 0xff, 0xff, 0xff,
    0xff, 0xff, 0x90, 0xbf, 0xff, 0xb9, 0x99, 0x99,
    0x99, 0x50, 0xbf, 0xff, 0x50, 0x0, 0x0, 0x0,
    0x0, 0xbf, 0xff, 0x50, 0x0, 0x0, 0x0, 0x0,
    0xbf, 0xff, 0x50, 0x0, 0x0, 0x0, 0x0, 0xbf,
    0xff, 0x50, 0x0, 0x0, 0x0, 0x0, 0xbf, 0xff,
    0x50, 0x0, 0x0, 0x0, 0x0, 0xbf, 0xff, 0x50,
    0x0, 0x0, 0x0, 0x0, 0xbf, 0xff, 0x50, 0x0,
    0x0, 0x0, 0x0, 0xbf, 0xff, 0x50, 0x0, 0x0,
    0x0, 0x0,

    /* U+0047 "G" */
    0x0, 0x0, 0x0, 0x0, 0x25, 0x77, 0x75, 0x10,
    0x0, 0x0, 0x0, 0x0, 0x0, 0x0, 0x7e, 0xff,
    0xff, 0xff, 0xfc, 0x50, 0x0, 0x0, 0x0, 0x0,
    0x4e, 0xff, 0xff, 0xff, 0xff, 0xff, 0xfb, 0x10,
    0x0, 0x0, 0x6, 0xff, 0xff, 0xff, 0xff, 0xff,
    0xff, 0xff, 0xe1, 0x0, 0x0, 0x5f, 0xff, 0xff,
    0xd8, 0x65, 0x69, 0xff, 0xff, 0xb0, 0x0, 0x1,
    0xff, 0xff, 0xf6, 0x0, 0x0, 0x0, 0x1b, 0xfc,
    0x0, 0x0, 0x9, 0xff, 0xff, 0x30, 0x0, 0x0,
    0x0, 0x0, 0x81, 0x0, 0x0, 0x1f, 0xff, 0xf6,
    0x0, 0x0, 0x0, 0x0, 0x0, 0x0, 0x0, 0x0,
    0x6f, 0xff, 0xd0, 0x0, 0x0, 0x0, 0x0, 0x0,
    0x0, 0x0, 0x0, 0x9f, 0xff, 0x70, 0x0, 0x0,
    0x0, 0x0, 0x0, 0x0, 0x0, 0x0, 0xcf, 0xff,
    0x40, 0x0, 0x0, 0x0, 0x0, 0x0, 0x0, 0x0,
    0x0, 0xdf, 0xff, 0x20, 0x0, 0x0, 0xd, 0xff,
    0xff, 0xff, 0xff, 0xfd, 0xdf, 0xff, 0x20, 0x0,
    0x0, 0xd, 0xff, 0xff, 0xff, 0xff, 0xfe, 0xcf,
    0xff, 0x40, 0x0, 0x0, 0xd, 0xff, 0xff, 0xff,
    0xff, 0xfe, 0x9f, 0xff, 0x70, 0x0, 0x0, 0x8,
    0xaa, 0xaa, 0xaa, 0xff, 0xfd, 0x6f, 0xff, 0xd0,
    0x0, 0x0, 0x0, 0x0, 0x0, 0x1, 0xff, 0xfa,
    0x1f, 0xff, 0xf5, 0x0, 0x0, 0x0, 0x0, 0x0,
    0x7, 0xff, 0xf7, 0x9, 0xff, 0xff, 0x30, 0x0,
    0x0, 0x0, 0x0, 0x2f, 0xff, 0xf1, 0x1, 0xef,
    0xff, 0xf5, 0x0, 0x0, 0x0, 0x4, 0xef, 0xff,
    0xa0, 0x0, 0x4f, 0xff, 0xff, 0xd7, 0x43, 0x47,
    0xcf, 0xff, 0xfe, 0x10, 0x0, 0x6, 0xff, 0xff,
    0xff, 0xff, 0xff, 0xff, 0xff, 0xe3, 0x0, 0x0,
    0x0, 0x4e, 0xff, 0xff, 0xff, 0xff, 0xff, 0xfd,
    0x20, 0x0, 0x0, 0x0, 0x0, 0x7e, 0xff, 0xff,
    0xff, 0xfd, 0x60, 0x0, 0x0, 0x0, 0x0, 0x0,
    0x0, 0x25, 0x77, 0x75, 0x10, 0x0, 0x0, 0x0,

    /* U+0048 "H" */
    0xbf, 0xff, 0x40, 0x0, 0x0, 0x0, 0x5, 0xff,
    0xfb, 0xbf, 0xff, 0x40, 0x0, 0x0, 0x0, 0x5,
    0xff, 0xfb, 0xbf, 0xff, 0x40, 0x0, 0x0, 0x0,
    0x5, 0xff, 0xfb, 0xbf, 0xff, 0x40, 0x0, 0x0,
    0x0, 0x5, 0xff, 0xfb, 0xbf, 0xff, 0x40, 0x0,
    0x0, 0x0, 0x5, 0xff, 0xfb, 0xbf, 0xff, 0x40,
    0x0, 0x0, 0x0, 0x5, 0xff, 0xfb, 0xbf, 0xff,
    0x40, 0x0, 0x0, 0x0, 0x5, 0xff, 0xfb, 0xbf,
    0xff, 0x40, 0x0, 0x0, 0x0, 0x5, 0xff, 0xfb,
    0xbf, 0xff, 0x40, 0x0, 0x0, 0x0, 0x5, 0xff,
    0xfb, 0xbf, 0xff, 0xff, 0xff, 0xff, 0xff, 0xff,
    0xff, 0xfb, 0xbf, 0xff, 0xff, 0xff, 0xff, 0xff,
    0xff, 0xff, 0xfb, 0xbf, 0xff, 0xff, 0xff, 0xff,
    0xff, 0xff, 0xff, 0xfb, 0xbf, 0xff, 0xdc, 0xcc,
    0xcc, 0xcc, 0xcd, 0xff, 0xfb, 0xbf, 0xff, 0x40,
    0x0, 0x0, 0x0, 0x5, 0xff, 0xfb, 0xbf, 0xff,
    0x40, 0x0, 0x0, 0x0, 0x5, 0xff, 0xfb, 0xbf,
    0xff, 0x40, 0x0, 0x0, 0x0, 0x5, 0xff, 0xfb,
    0xbf, 0xff, 0x40, 0x0, 0x0, 0x0, 0x5, 0xff,
    0xfb, 0xbf, 0xff, 0x40, 0x0, 0x0, 0x0, 0x5,
    0xff, 0xfb, 0xbf, 0xff, 0x40, 0x0, 0x0, 0x0,
    0x5, 0xff, 0xfb, 0xbf, 0xff, 0x40, 0x0, 0x0,
    0x0, 0x5, 0xff, 0xfb, 0xbf, 0xff, 0x40, 0x0,
    0x0, 0x0, 0x5, 0xff, 0xfb, 0xbf, 0xff, 0x40,
    0x0, 0x0, 0x0, 0x5, 0xff, 0xfb,

    /* U+0049 "I" */
    0xbf, 0xff, 0x5b, 0xff, 0xf5, 0xbf, 0xff, 0x5b,
    0xff, 0xf5, 0xbf, 0xff, 0x5b, 0xff, 0xf5, 0xbf,
    0xff, 0x5b, 0xff, 0xf5, 0xbf, 0xff, 0x5b, 0xff,
    0xf5, 0xbf, 0xff, 0x5b, 0xff, 0xf5, 0xbf, 0xff,
    0x5b, 0xff, 0xf5, 0xbf, 0xff, 0x5b, 0xff, 0xf5,
    0xbf, 0xff, 0x5b, 0xff, 0xf5, 0xbf, 0xff, 0x5b,
    0xff, 0xf5, 0xbf, 0xff, 0x5b, 0xff, 0xf5,

    /* U+004A "J" */
    0x0, 0x0, 0x0, 0x0, 0x0, 0x4f, 0xff, 0xb0,
    0x0, 0x0, 0x0, 0x0, 0x4, 0xff, 0xfb, 0x0,
    0x0, 0x0, 0x0, 0x0, 0x4f, 0xff, 0xb0, 0x0,
    0x0, 0x0, 0x0, 0x4, 0xff, 0xfb, 0x0, 0x0,
    0x0, 0x0, 0x0, 0x4f, 0xff, 0xb0, 0x0, 0x0,
    0x0, 0x0, 0x4, 0xff, 0xfb, 0x0, 0x0, 0x0,
    0x0, 0x0, 0x4f, 0xff, 0xb0, 0x0, 0x0, 0x0,
    0x0, 0x4, 0xff, 0xfb, 0x0, 0x0, 0x0, 0x0,
    0x0, 0x4f, 0xff, 0xb0, 0x0, 0x0, 0x0, 0x0,
    0x4, 0xff, 0xfb, 0x0, 0x0, 0x0, 0x0, 0x0,
    0x4f, 0xff, 0xb0, 0x0, 0x0, 0x0, 0x0, 0x4,
    0xff, 0xfb, 0x0, 0x0, 0x0, 0x0, 0x0, 0x4f,
    0xff, 0xb0, 0x0, 0x0, 0x0, 0x0, 0x4, 0xff,
    0xfb, 0x0, 0x0, 0x0, 0x0, 0x0, 0x4f, 0xff,
    0xb0, 0x0, 0x40, 0x0, 0x0, 0x5, 0xff, 0xfb,
    0x6, 0xdf, 0x40, 0x0, 0x0, 0x8f, 0xff, 0x95,
    0xff, 0xfd, 0x0, 0x0, 0x1f, 0xff, 0xf6, 0xe,
    0xff, 0xfd, 0x64, 0x7e, 0xff, 0xff, 0x10, 0x5f,
    0xff, 0xff, 0xff, 0xff, 0xff, 0x80, 0x0, 0x7f,
    0xff, 0xff, 0xff, 0xff, 0xb0, 0x0, 0x0, 0x4d,
    0xff, 0xff, 0xff, 0x70, 0x0, 0x0, 0x0, 0x3,
    0x67, 0x64, 0x0, 0x0, 0x0,

    /* U+004B "K" */
    0xbf, 0xff, 0x40, 0x0, 0x0, 0x0, 0xcf, 0xff,
    0xf3, 0xb, 0xff, 0xf4, 0x0, 0x0, 0x0, 0xaf,
    0xff, 0xf5, 0x0, 0xbf, 0xff, 0x40, 0x0, 0x0,
    0x7f, 0xff, 0xf7, 0x0, 0xb, 0xff, 0xf4, 0x0,
    0x0, 0x4f, 0xff, 0xf9, 0x0, 0x0, 0xbf, 0xff,
    0x40, 0x0, 0x2f, 0xff, 0xfb, 0x0, 0x0, 0xb,
    0xff, 0xf4, 0x0, 0x1d, 0xff, 0xfd, 0x10, 0x0,
    0x0, 0xbf, 0xff, 0x40, 0xb, 0xff, 0xfe, 0x20,
    0x0, 0x0, 0xb, 0xff, 0xf4, 0x8, 0xff, 0xff,
    0x30, 0x0, 0x0, 0x0, 0xbf, 0xff, 0x45, 0xff,
    0xff, 0x50, 0x0, 0x0, 0x0, 0xb, 0xff, 0xf7,
    0xff, 0xff, 0xc0, 0x0, 0x0, 0x0, 0x0, 0xbf,
    0xff, 0xff, 0xff, 0xff, 0x50, 0x0, 0x0, 0x0,
    0xb, 0xff, 0xff, 0xff, 0xff, 0xfe, 0x10, 0x0,
    0x0, 0x0, 0xbf, 0xff, 0xff, 0xdf, 0xff, 0xfa,
    0x0, 0x0, 0x0, 0xb, 0xff, 0xff, 0xe2, 0x6f,
    0xff, 0xf5, 0x0, 0x0, 0x0, 0xbf, 0xff, 0xf4,
    0x0, 0xbf, 0xff, 0xe1, 0x0, 0x0, 0xb, 0xff,
    0xf7, 0x0, 0x1, 0xff, 0xff, 0xb0, 0x0, 0x0,
    0xbf, 0xff, 0x40, 0x0, 0x6, 0xff, 0xff, 0x50,
    0x0, 0xb, 0xff, 0xf4, 0x0, 0x0, 0xb, 0xff,
    0xfe, 0x10, 0x0, 0xbf, 0xff, 0x40, 0x0, 0x0,
    0x2f, 0xff, 0xfb, 0x0, 0xb, 0xff, 0xf4, 0x0,
    0x0, 0x0, 0x6f, 0xff, 0xf6, 0x0, 0xbf, 0xff,
    0x40, 0x0, 0x0, 0x0, 0xcf, 0xff, 0xf1, 0xb,
    0xff, 0xf4, 0x0, 0x0, 0x0, 0x2, 0xff, 0xff,
    0xb0,

    /* U+004C "L" */
    0xbf, 0xff, 0x40, 0x0, 0x0, 0x0, 0x0, 0xbf,
    0xff, 0x40, 0x0, 0x0, 0x0, 0x0, 0xbf, 0xff,
    0x40, 0x0, 0x0, 0x0, 0x0, 0xbf, 0xff, 0x40,
    0x0, 0x0, 0x0, 0x0, 0xbf, 0xff, 0x40, 0x0,
    0x0, 0x0, 0x0, 0xbf, 0xff, 0x40, 0x0, 0x0,
    0x0, 0x0, 0xbf, 0xff, 0x40, 0x0, 0x0, 0x0,
    0x0, 0xbf, 0xff, 0x40, 0x0, 0x0, 0x0, 0x0,
    0xbf, 0xff, 0x40, 0x0, 0x0, 0x0, 0x0, 0xbf,
    0xff, 0x40, 0x0, 0x0, 0x0, 0x0, 0xbf, 0xff,
    0x40, 0x0, 0x0, 0x0, 0x0, 0xbf, 0xff, 0x40,
    0x0, 0x0, 0x0, 0x0, 0xbf, 0xff, 0x40, 0x0,
    0x0, 0x0, 0x0, 0xbf, 0xff, 0x40, 0x0, 0x0,
    0x0, 0x0, 0xbf, 0xff, 0x40, 0x0, 0x0, 0x0,
    0x0, 0xbf, 0xff, 0x40, 0x0, 0x0, 0x0, 0x0,
    0xbf, 0xff, 0x40, 0x0, 0x0, 0x0, 0x0, 0xbf,
    0xff, 0x40, 0x0, 0x0, 0x0, 0x0, 0xbf, 0xff,
    0xdc, 0xcc, 0xcc, 0xcc, 0xc6, 0xbf, 0xff, 0xff,
    0xff, 0xff, 0xff, 0xf7, 0xbf, 0xff, 0xff, 0xff,
    0xff, 0xff, 0xf7, 0xbf, 0xff, 0xff, 0xff, 0xff,
    0xff, 0xf7,

    /* U+004D "M" */
    0xbf, 0xff, 0xf8, 0x0, 0x0, 0x0, 0x0, 0x0,
    0x0, 0xef, 0xff, 0xf5, 0xbf, 0xff, 0xfe, 0x0,
    0x0, 0x0, 0x0, 0x0, 0x5, 0xff, 0xff, 0xf5,
    0xbf, 0xff, 0xff, 0x50, 0x0, 0x0, 0x0, 0x0,
    0xb, 0xff, 0xff, 0xf5, 0xbf, 0xff, 0xff, 0xb0,
    0x0, 0x0, 0x0, 0x0, 0x1f, 0xff, 0xff, 0xf5,
    0xbf, 0xff, 0xff, 0xf1, 0x0, 0x0, 0x0, 0x0,
    0x7f, 0xff, 0xff, 0xf5, 0xbf, 0xff, 0xff, 0xf7,
    0x0, 0x0, 0x0, 0x0, 0xdf, 0xff, 0xff, 0xf5,
    0xbf, 0xff, 0xef, 0xfd, 0x0, 0x0, 0x0, 0x3,
    0xff, 0xfe, 0xff, 0xf5, 0xbf, 0xff, 0x8f, 0xff,
    0x40, 0x0, 0x0, 0xa, 0xff, 0xf8, 0xff, 0xf5,
    0xbf, 0xff, 0x3f, 0xff, 0xa0, 0x0, 0x0, 0xf,
    0xff, 0xa7, 0xff, 0xf5, 0xbf, 0xff, 0x29, 0xff,
    0xf1, 0x0, 0x0, 0x6f, 0xff, 0x48, 0xff, 0xf5,
    0xbf, 0xff, 0x23, 0xff, 0xf6, 0x0, 0x0, 0xcf,
    0xfe, 0x8, 0xff, 0xf5, 0xbf, 0xff, 0x30, 0xdf,
    0xfd, 0x0, 0x2, 0xff, 0xf8, 0x8, 0xff, 0xf5,
    0xbf, 0xff, 0x30, 0x7f, 0xff, 0x30, 0x8, 0xff,
    0xf1, 0x8, 0xff, 0xf5, 0xbf, 0xff, 0x30, 0x1f,
    0xff, 0x90, 0xe, 0xff, 0xb0, 0x8, 0xff, 0xf5,
    0xbf, 0xff, 0x30, 0xa, 0xff, 0xf0, 0x5f, 0xff,
    0x50, 0x8, 0xff, 0xf5, 0xbf, 0xff, 0x30, 0x4,
    0xff, 0xf5, 0xbf, 0xfe, 0x0, 0x8, 0xff, 0xf5,
    0xbf, 0xff, 0x30, 0x0, 0xef, 0xfd, 0xff, 0xf8,
    0x0, 0x8, 0xff, 0xf5, 0xbf, 0xff, 0x30, 0x0,
    0x8f, 0xff, 0xff, 0xf2, 0x0, 0x8, 0xff, 0xf5,
    0xbf, 0xff, 0x30, 0x0, 0x1f, 0xff, 0xff, 0xc0,
    0x0, 0x8, 0xff, 0xf5, 0xbf, 0xff, 0x30, 0x0,
    0xb, 0xff, 0xff, 0x50, 0x0, 0x8, 0xff, 0xf5,
    0xbf, 0xff, 0x30, 0x0, 0x5, 0xff, 0xff, 0x0,
    0x0, 0x8, 0xff, 0xf5, 0xbf, 0xff, 0x30, 0x0,
    0x0, 0xef, 0xf9, 0x0, 0x0, 0x8, 0xff, 0xf5,

    /* U+004E "N" */
    0xbf, 0xff, 0xd0, 0x0, 0x0, 0x0, 0x3, 0xff,
    0xfb, 0xbf, 0xff, 0xf7, 0x0, 0x0, 0x0, 0x3,
    0xff, 0xfb, 0xbf, 0xff, 0xff, 0x20, 0x0, 0x0,
    0x3, 0xff, 0xfb, 0xbf, 0xff, 0xff, 0xb0, 0x0,
    0x0, 0x3, 0xff, 0xfb, 0xbf, 0xff, 0xff, 0xf5,
    0x0, 0x0, 0x3, 0xff, 0xfb, 0xbf, 0xff, 0xff,
    0xfe, 0x0, 0x0, 0x3, 0xff, 0xfb, 0xbf, 0xff,
    0xdf, 0xff, 0x90, 0x0, 0x3, 0xff, 0xfb, 0xbf,
    0xff, 0x4f, 0xff, 0xf3, 0x0, 0x3, 0xff, 0xfb,
    0xbf, 0xff, 0x28, 0xff, 0xfc, 0x0, 0x3, 0xff,
    0xfb, 0xbf, 0xff, 0x20, 0xdf, 0xff, 0x60, 0x3,
    0xff, 0xfb, 0xbf, 0xff, 0x20, 0x4f, 0xff, 0xf1,
    0x3, 0xff, 0xfb, 0xbf, 0xff, 0x30, 0xa, 0xff,
    0xfa, 0x3, 0xff, 0xfb, 0xbf, 0xff, 0x30, 0x1,
    0xef, 0xff, 0x42, 0xff, 0xfb, 0xbf, 0xff, 0x30,
    0x0, 0x6f, 0xff, 0xd2, 0xff, 0xfb, 0xbf, 0xff,
    0x30, 0x0, 0xc, 0xff, 0xfa, 0xff, 0xfb, 0xbf,
    0xff, 0x30, 0x0, 0x2, 0xff, 0xff, 0xff, 0xfb,
    0xbf, 0xff, 0x30, 0x0, 0x0, 0x8f, 0xff, 0xff,
    0xfb, 0xbf, 0xff, 0x30, 0x0, 0x0, 0xd, 0xff,
    0xff, 0xfb, 0xbf, 0xff, 0x30, 0x0, 0x0, 0x4,
    0xff, 0xff, 0xfb, 0xbf, 0xff, 0x30, 0x0, 0x0,
    0x0, 0xaf, 0xff, 0xfb, 0xbf, 0xff, 0x30, 0x0,
    0x0, 0x0, 0x1e, 0xff, 0xfb, 0xbf, 0xff, 0x30,
    0x0, 0x0, 0x0, 0x6, 0xff, 0xfb,

    /* U+004F "O" */
    0x0, 0x0, 0x0, 0x0, 0x25, 0x67, 0x64, 0x0,
    0x0, 0x0, 0x0, 0x0, 0x0, 0x0, 0x6, 0xdf,
    0xff, 0xff, 0xff, 0xa2, 0x0, 0x0, 0x0, 0x0,
    0x0, 0x3d, 0xff, 0xff, 0xff, 0xff, 0xff, 0xf9,
    0x0, 0x0, 0x0, 0x0, 0x5f, 0xff, 0xff, 0xff,
    0xff, 0xff, 0xff, 0xfc, 0x10, 0x0, 0x0, 0x4f,
    0xff, 0xff, 0xea, 0x76, 0x8c, 0xff, 0xff, 0xfb,
    0x0, 0x0, 0x1e, 0xff, 0xff, 0x80, 0x0, 0x0,
    0x3, 0xcf, 0xff, 0xf8, 0x0, 0x9, 0xff, 0xff,
    0x40, 0x0, 0x0, 0x0, 0x0, 0xbf, 0xff, 0xf1,
    0x1, 0xff, 0xff, 0x70, 0x0, 0x0, 0x0, 0x0,
    0x1, 0xef, 0xff, 0x90, 0x5f, 0xff, 0xe0, 0x0,
    0x0, 0x0, 0x0, 0x0, 0x6, 0xff, 0xfd, 0x9,
    0xff, 0xf8, 0x0, 0x0, 0x0, 0x0, 0x0, 0x0,
    0xf, 0xff, 0xf2, 0xbf, 0xff, 0x40, 0x0, 0x0,
    0x0, 0x0, 0x0, 0x0, 0xcf, 0xff, 0x3d, 0xff,
    0xf3, 0x0, 0x0, 0x0, 0x0, 0x0, 0x0, 0xb,
    0xff, 0xf5, 0xdf, 0xff, 0x30, 0x0, 0x0, 0x0,
    0x0, 0x0, 0x0, 0xbf, 0xff, 0x5b, 0xff, 0xf4,
    0x0, 0x0, 0x0, 0x0, 0x0, 0x0, 0xc, 0xff,
    0xf3, 0x9f, 0xff, 0x80, 0x0, 0x0, 0x0, 0x0,
    0x0, 0x0, 0xff, 0xff, 0x15, 0xff, 0xfe, 0x0,
    0x0, 0x0, 0x0, 0x0, 0x0, 0x6f, 0xff, 0xd0,
    0x1f, 0xff, 0xf7, 0x0, 0x0, 0x0, 0x0, 0x0,
    0x1e, 0xff, 0xf8, 0x0, 0x9f, 0xff, 0xf4, 0x0,
    0x0, 0x0, 0x0, 0xb, 0xff, 0xff, 0x10, 0x1,
    0xef, 0xff, 0xf7, 0x0, 0x0, 0x0, 0x3c, 0xff,
    0xff, 0x80, 0x0, 0x4, 0xff, 0xff, 0xfe, 0xa7,
    0x68, 0xcf, 0xff, 0xff, 0xb0, 0x0, 0x0, 0x5,
    0xff, 0xff, 0xff, 0xff, 0xff, 0xff, 0xff, 0xb0,
    0x0, 0x0, 0x0, 0x3, 0xdf, 0xff, 0xff, 0xff,
    0xff, 0xff, 0x90, 0x0, 0x0, 0x0, 0x0, 0x0,
    0x6d, 0xff, 0xff, 0xff, 0xfa, 0x20, 0x0, 0x0,
    0x0, 0x0, 0x0, 0x0, 0x2, 0x56, 0x76, 0x40,
    0x0, 0x0, 0x0, 0x0,

    /* U+0050 "P" */
    0xbf, 0xff, 0xff, 0xff, 0xfe, 0xb5, 0x0, 0x0,
    0xbf, 0xff, 0xff, 0xff, 0xff, 0xff, 0xc1, 0x0,
    0xbf, 0xff, 0xff, 0xff, 0xff, 0xff, 0xfd, 0x10,
    0xbf, 0xff, 0xba, 0xaa, 0xae, 0xff, 0xff, 0xa0,
    0xbf, 0xff, 0x40, 0x0, 0x0, 0xaf, 0xff, 0xf1,
    0xbf, 0xff, 0x40, 0x0, 0x0, 0xe, 0xff, 0xf6,
    0xbf, 0xff, 0x40, 0x0, 0x0, 0x8, 0xff, 0xf8,
    0xbf, 0xff, 0x40, 0x0, 0x0, 0x6, 0xff, 0xf9,
    0xbf, 0xff, 0x40, 0x0, 0x0, 0x7, 0xff, 0xf8,
    0xbf, 0xff, 0x40, 0x0, 0x0, 0xc, 0xff, 0xf6,
    0xbf, 0xff, 0x40, 0x0, 0x0, 0x8f, 0xff, 0xf2,
    0xbf, 0xff, 0xa7, 0x77, 0x8c, 0xff, 0xff, 0xa0,
    0xbf, 0xff, 0xff, 0xff, 0xff, 0xff, 0xfd, 0x10,
    0xbf, 0xff, 0xff, 0xff, 0xff, 0xff, 0xc1, 0x0,
    0xbf, 0xff, 0xff, 0xff, 0xfe, 0xa5, 0x0, 0x0,
    0xbf, 0xff, 0x40, 0x0, 0x0, 0x0, 0x0, 0x0,
    0xbf, 0xff, 0x40, 0x0, 0x0, 0x0, 0x0, 0x0,
    0xbf, 0xff, 0x40, 0x0, 0x0, 0x0, 0x0, 0x0,
    0xbf, 0xff, 0x40, 0x0, 0x0, 0x0, 0x0, 0x0,
    0xbf, 0xff, 0x40, 0x0, 0x0, 0x0, 0x0, 0x0,
    0xbf, 0xff, 0x40, 0x0, 0x0, 0x0, 0x0, 0x0,
    0xbf, 0xff, 0x40, 0x0, 0x0, 0x0, 0x0, 0x0,

    /* U+0051 "Q" */
    0x0, 0x0, 0x0, 0x0, 0x25, 0x77, 0x64, 0x0,
    0x0, 0x0, 0x0, 0x0, 0x0, 0x0, 0x7, 0xdf,
    0xff, 0xff, 0xff, 0xa3, 0x0, 0x0, 0x0, 0x0,
    0x0, 0x3e, 0xff, 0xff, 0xff, 0xff, 0xff, 0xf9,
    0x0, 0x0, 0x0, 0x0, 0x6f, 0xff, 0xff, 0xff,
    0xff, 0xff, 0xff, 0xfc, 0x10, 0x0, 0x0, 0x5f,
    0xff, 0xff, 0xe9, 0x76, 0x8b, 0xff, 0xff, 0xfc,
    0x0, 0x0, 0x1f, 0xff, 0xff, 0x70, 0x0, 0x0,
    0x2, 0xcf, 0xff, 0xf8, 0x0, 0xa, 0xff, 0xff,
    0x40, 0x0, 0x0, 0x0, 0x0, 0xbf, 0xff, 0xf2,
    0x1, 0xff, 0xff, 0x70, 0x0, 0x0, 0x0, 0x0,
    0x0, 0xdf, 0xff, 0x90, 0x6f, 0xff, 0xd0, 0x0,
    0x0, 0x0, 0x0, 0x0, 0x5, 0xff, 0xfe, 0xa,
    0xff, 0xf8, 0x0, 0x0, 0x0, 0x0, 0x0, 0x0,
    0xf, 0xff, 0xf2, 0xcf, 0xff, 0x40, 0x0, 0x0,
    0x0, 0x0, 0x0, 0x0, 0xcf, 0xff, 0x4d, 0xff,
    0xf3, 0x0, 0x0, 0x0, 0x0, 0x0, 0x0, 0xa,
    0xff, 0xf5, 0xdf, 0xff, 0x30, 0x0, 0x0, 0x0,
    0x0, 0x0, 0x0, 0xaf, 0xff, 0x5c, 0xff, 0xf4,
    0x0, 0x0, 0x0, 0x0, 0x0, 0x0, 0xc, 0xff,
    0xf4, 0xaf, 0xff, 0x80, 0x0, 0x0, 0x0, 0x0,
    0x0, 0x0, 0xff, 0xff, 0x26, 0xff, 0xfe, 0x0,
    0x0, 0x0, 0x0, 0x0, 0x0, 0x6f, 0xff, 0xe0,
    0x1f, 0xff, 0xf7, 0x0, 0x0, 0x0, 0x0, 0x0,
    0x1e, 0xff, 0xf9, 0x0, 0x9f, 0xff, 0xf4, 0x0,
    0x0, 0x0, 0x0, 0xb, 0xff, 0xff, 0x20, 0x1,
    0xef, 0xff, 0xf7, 0x0, 0x0, 0x0, 0x3c, 0xff,
    0xff, 0x80, 0x0, 0x4, 0xff, 0xff, 0xfe, 0x97,
    0x68, 0xcf, 0xff, 0xff, 0xc0, 0x0, 0x0, 0x5,
    0xff, 0xff, 0xff, 0xff, 0xff, 0xff, 0xff, 0xf1,
    0x0, 0x0, 0x0, 0x3, 0xef, 0xff, 0xff, 0xff,
    0xff, 0xff, 0xff, 0x80, 0x0, 0x0, 0x0, 0x0,
    0x7d, 0xff, 0xff, 0xff, 0xfd, 0xff, 0xff, 0x30,
    0x0, 0x0, 0x0, 0x0, 0x2, 0x57, 0x76, 0x40,
    0xd, 0xff, 0xf5, 0x0, 0x0, 0x0, 0x0, 0x0,
    0x0, 0x0, 0x0, 0x0, 0x3f, 0xb2, 0x0, 0x0,
    0x0, 0x0, 0x0, 0x0, 0x0, 0x0, 0x0, 0x0,
    0x30, 0x0, 0x0,

    /* U+0052 "R" */
    0xbf, 0xff, 0xff, 0xff, 0xfe, 0xb5, 0x0, 0x0,
    0xb, 0xff, 0xff, 0xff, 0xff, 0xff, 0xfc, 0x10,
    0x0, 0xbf, 0xff, 0xff, 0xff, 0xff, 0xff, 0xfe,
    0x10, 0xb, 0xff, 0xfb, 0xaa, 0xaa, 0xef, 0xff,
    0xfa, 0x0, 0xbf, 0xff, 0x40, 0x0, 0x0, 0xaf,
    0xff, 0xf2, 0xb, 0xff, 0xf4, 0x0, 0x0, 0x0,
    0xdf, 0xff, 0x60, 0xbf, 0xff, 0x40, 0x0, 0x0,
    0x8, 0xff, 0xf8, 0xb, 0xff, 0xf4, 0x0, 0x0,
    0x0, 0x7f, 0xff, 0x80, 0xbf, 0xff, 0x40, 0x0,
    0x0, 0xa, 0xff, 0xf6, 0xb, 0xff, 0xf4, 0x0,
    0x0, 0x3, 0xff, 0xff, 0x20, 0xbf, 0xff, 0x51,
    0x11, 0x26, 0xff, 0xff, 0xb0, 0xb, 0xff, 0xff,
    0xff, 0xff, 0xff, 0xff, 0xe1, 0x0, 0xbf, 0xff,
    0xff, 0xff, 0xff, 0xff, 0xd2, 0x0, 0xb, 0xff,
    0xff, 0xff, 0xff, 0xff, 0x60, 0x0, 0x0, 0xbf,
    0xff, 0x40, 0xb, 0xff, 0xfa, 0x0, 0x0, 0xb,
    0xff, 0xf4, 0x0, 0x2f, 0xff, 0xf5, 0x0, 0x0,
    0xbf, 0xff, 0x40, 0x0, 0x7f, 0xff, 0xe1, 0x0,
    0xb, 0xff, 0xf4, 0x0, 0x0, 0xcf, 0xff, 0xb0,
    0x0, 0xbf, 0xff, 0x40, 0x0, 0x2, 0xff, 0xff,
    0x60, 0xb, 0xff, 0xf4, 0x0, 0x0, 0x7, 0xff,
    0xff, 0x20, 0xbf, 0xff, 0x40, 0x0, 0x0, 0xc,
    0xff, 0xfc, 0xb, 0xff, 0xf4, 0x0, 0x0, 0x0,
    0x3f, 0xff, 0xf8,

    /* U+0053 "S" */
    0x0, 0x0, 0x0, 0x36, 0x77, 0x51, 0x0, 0x0,
    0x0, 0x0, 0x5, 0xdf, 0xff, 0xff, 0xfa, 0x10,
    0x0, 0x0, 0x9, 0xff, 0xff, 0xff, 0xff, 0xfe,
    0x30, 0x0, 0x7, 0xff, 0xff, 0xff, 0xff, 0xff,
    0xfe, 0x10, 0x0, 0xff, 0xff, 0xa2, 0x1, 0x6f,
    0xff, 0xf9, 0x0, 0x5f, 0xff, 0xb0, 0x0, 0x0,
    0x3f, 0xfb, 0x40, 0x7, 0xff, 0xf7, 0x0, 0x0,
    0x0, 0x52, 0x0, 0x0, 0x6f, 0xff, 0xb0, 0x0,
    0x0, 0x0, 0x0, 0x0, 0x3, 0xff, 0xff, 0xa1,
    0x0, 0x0, 0x0, 0x0, 0x0, 0xc, 0xff, 0xff,
    0xfb, 0x50, 0x0, 0x0, 0x0, 0x0, 0x1e, 0xff,
    0xff, 0xff, 0xfa, 0x20, 0x0, 0x0, 0x0, 0x1b,
    0xff, 0xff, 0xff, 0xff, 0x90, 0x0, 0x0, 0x0,
    0x3, 0xbf, 0xff, 0xff, 0xff, 0xc0, 0x0, 0x0,
    0x0, 0x0, 0x17, 0xdf, 0xff, 0xff, 0x90, 0x0,
    0x0, 0x0, 0x0, 0x0, 0x5e, 0xff, 0xff, 0x10,
    0x0, 0x0, 0x0, 0x0, 0x0, 0x1e, 0xff, 0xf5,
    0x0, 0x18, 0x50, 0x0, 0x0, 0x0, 0x8f, 0xff,
    0x71, 0xbf, 0xfe, 0x0, 0x0, 0x0, 0x8, 0xff,
    0xf6, 0xd, 0xff, 0xf9, 0x0, 0x0, 0x0, 0xdf,
    0xff, 0x40, 0x5f, 0xff, 0xfb, 0x41, 0x14, 0xdf,
    0xff, 0xe0, 0x0, 0xbf, 0xff, 0xff, 0xff, 0xff,
    0xff, 0xf4, 0x0, 0x0, 0xbf, 0xff, 0xff, 0xff,
    0xff, 0xf6, 0x0, 0x0, 0x0, 0x6e, 0xff, 0xff,
    0xff, 0xb2, 0x0, 0x0, 0x0, 0x0, 0x3, 0x67,
    0x75, 0x10, 0x0, 0x0,

    /* U+0054 "T" */
    0x5f, 0xff, 0xff, 0xff, 0xff, 0xff, 0xff, 0xff,
    0x65, 0xff, 0xff, 0xff, 0xff, 0xff, 0xff, 0xff,
    0xf6, 0x5f, 0xff, 0xff, 0xff, 0xff, 0xff, 0xff,
    0xff, 0x64, 0xcc, 0xcc, 0xcd, 0xff, 0xfe, 0xcc,
    0xcc, 0xc5, 0x0, 0x0, 0x0, 0x7f, 0xff, 0x80,
    0x0, 0x0, 0x0, 0x0, 0x0, 0x7, 0xff, 0xf8,
    0x0, 0x0, 0x0, 0x0, 0x0, 0x0, 0x7f, 0xff,
    0x80, 0x0, 0x0, 0x0, 0x0, 0x0, 0x7, 0xff,
    0xf8, 0x0, 0x0, 0x0, 0x0, 0x0, 0x0, 0x7f,
    0xff, 0x80, 0x0, 0x0, 0x0, 0x0, 0x0, 0x7,
    0xff, 0xf8, 0x0, 0x0, 0x0, 0x0, 0x0, 0x0,
    0x7f, 0xff, 0x80, 0x0, 0x0, 0x0, 0x0, 0x0,
    0x7, 0xff, 0xf8, 0x0, 0x0, 0x0, 0x0, 0x0,
    0x0, 0x7f, 0xff, 0x80, 0x0, 0x0, 0x0, 0x0,
    0x0, 0x7, 0xff, 0xf8, 0x0, 0x0, 0x0, 0x0,
    0x0, 0x0, 0x7f, 0xff, 0x80, 0x0, 0x0, 0x0,
    0x0, 0x0, 0x7, 0xff, 0xf8, 0x0, 0x0, 0x0,
    0x0, 0x0, 0x0, 0x7f, 0xff, 0x80, 0x0, 0x0,
    0x0, 0x0, 0x0, 0x7, 0xff, 0xf8, 0x0, 0x0,
    0x0, 0x0, 0x0, 0x0, 0x7f, 0xff, 0x80, 0x0,
    0x0, 0x0, 0x0, 0x0, 0x7, 0xff, 0xf8, 0x0,
    0x0, 0x0, 0x0, 0x0, 0x0, 0x7f, 0xff, 0x80,
    0x0, 0x0, 0x0, 0x0, 0x0, 0x7, 0xff, 0xf8,
    0x0, 0x0, 0x0,

    /* U+0055 "U" */
    0x3f, 0xff, 0xc0, 0x0, 0x0, 0x0, 0x6, 0xff,
    0xf8, 0x3f, 0xff, 0xc0, 0x0, 0x0, 0x0, 0x6,
    0xff, 0xf8, 0x3f, 0xff, 0xc0, 0x0, 0x0, 0x0,
    0x6, 0xff, 0xf8, 0x3f, 0xff, 0xc0, 0x0, 0x0,
    0x0, 0x6, 0xff, 0xf8, 0x3f, 0xff, 0xc0, 0x0,
    0x0, 0x0, 0x6, 0xff, 0xf8, 0x3f, 0xff, 0xc0,
    0x0, 0x0, 0x0, 0x6, 0xff, 0xf8, 0x3f, 0xff,
    0xc0, 0x0, 0x0, 0x0, 0x6, 0xff, 0xf8, 0x3f,
    0xff, 0xc0, 0x0, 0x0, 0x0, 0x6, 0xff, 0xf8,
    0x3f, 0xff, 0xc0, 0x0, 0x0, 0x0, 0x6, 0xff,
    0xf8, 0x3f, 0xff, 0xc0, 0x0, 0x0, 0x0, 0x6,
    0xff, 0xf8, 0x3f, 0xff, 0xc0, 0x0, 0x0, 0x0,
    0x6, 0xff, 0xf8, 0x3f, 0xff, 0xc0, 0x0, 0x0,
    0x0, 0x6, 0xff, 0xf8, 0x3f, 0xff, 0xc0, 0x0,
    0x0, 0x0, 0x6, 0xff, 0xf8, 0x3f, 0xff, 0xc0,
    0x0, 0x0, 0x0, 0x6, 0xff, 0xf8, 0x2f, 0xff,
    0xd0, 0x0, 0x0, 0x0, 0x7, 0xff, 0xf7, 0xf,
    0xff, 0xf0, 0x0, 0x0, 0x0, 0xa, 0xff, 0xf6,
    0xd, 0xff, 0xf5, 0x0, 0x0, 0x0, 0xf, 0xff,
    0xf2, 0x7, 0xff, 0xfe, 0x20, 0x0, 0x0, 0xaf,
    0xff, 0xd0, 0x1, 0xff, 0xff, 0xe8, 0x43, 0x6c,
    0xff, 0xff, 0x60, 0x0, 0x5f, 0xff, 0xff, 0xff,
    0xff, 0xff, 0xfb, 0x0, 0x0, 0x6, 0xff, 0xff,
    0xff, 0xff, 0xff, 0xb0, 0x0, 0x0, 0x0, 0x3c,
    0xff, 0xff, 0xff, 0xe7, 0x0, 0x0, 0x0, 0x0,
    0x0, 0x15, 0x77, 0x63, 0x0, 0x0, 0x0,

    /* U+0056 "V" */
    0x9f, 0xff, 0xb0, 0x0, 0x0, 0x0, 0x0, 0x9,
    0xff, 0xfa, 0x3f, 0xff, 0xf1, 0x0, 0x0, 0x0,
    0x0, 0xe, 0xff, 0xf4, 0xd, 0xff, 0xf6, 0x0,
    0x0, 0x0, 0x0, 0x4f, 0xff, 0xe0, 0x8, 0xff,
    0xfb, 0x0, 0x0, 0x0, 0x0, 0x9f, 0xff, 0x80,
    0x2, 0xff, 0xff, 0x10, 0x0, 0x0, 0x0, 0xef,
    0xff, 0x20, 0x0, 0xcf, 0xff, 0x60, 0x0, 0x0,
    0x4, 0xff, 0xfc, 0x0, 0x0, 0x7f, 0xff, 0xb0,
    0x0, 0x0, 0xa, 0xff, 0xf7, 0x0, 0x0, 0x1f,
    0xff, 0xf1, 0x0, 0x0, 0xf, 0xff, 0xf1, 0x0,
    0x0, 0xb, 0xff, 0xf6, 0x0, 0x0, 0x4f, 0xff,
    0xb0, 0x0, 0x0, 0x6, 0xff, 0xfb, 0x0, 0x0,
    0xaf, 0xff, 0x50, 0x0, 0x0, 0x1, 0xff, 0xff,
    0x10, 0x0, 0xff, 0xff, 0x0, 0x0, 0x0, 0x0,
    0xaf, 0xff, 0x60, 0x5, 0xff, 0xf9, 0x0, 0x0,
    0x0, 0x0, 0x5f, 0xff, 0xb0, 0xa, 0xff, 0xf3,
    0x0, 0x0, 0x0, 0x0, 0xf, 0xff, 0xf1, 0xf,
    0xff, 0xe0, 0x0, 0x0, 0x0, 0x0, 0x9, 0xff,
    0xf6, 0x4f, 0xff, 0x80, 0x0, 0x0, 0x0, 0x0,
    0x4, 0xff, 0xfb, 0xaf, 0xff, 0x20, 0x0, 0x0,
    0x0, 0x0, 0x0, 0xef, 0xff, 0xef, 0xfc, 0x0,
    0x0, 0x0, 0x0, 0x0, 0x0, 0x9f, 0xff, 0xff,
    0xf6, 0x0, 0x0, 0x0, 0x0, 0x0, 0x0, 0x3f,
    0xff, 0xff, 0xf1, 0x0, 0x0, 0x0, 0x0, 0x0,
    0x0, 0xd, 0xff, 0xff, 0xb0, 0x0, 0x0, 0x0,
    0x0, 0x0, 0x0, 0x8, 0xff, 0xff, 0x50, 0x0,
    0x0, 0x0, 0x0, 0x0, 0x0, 0x2, 0xff, 0xfe,
    0x0, 0x0, 0x0, 0x0,

    /* U+0057 "W" */
    0x7f, 0xff, 0xb0, 0x0, 0x0, 0x0, 0xf, 0xff,
    0xd0, 0x0, 0x0, 0x0, 0xf, 0xff, 0xf1, 0x3f,
    0xff, 0xf0, 0x0, 0x0, 0x0, 0x4f, 0xff, 0xf2,
    0x0, 0x0, 0x0, 0x4f, 0xff, 0xc0, 0xe, 0xff,
    0xf3, 0x0, 0x0, 0x0, 0x9f, 0xff, 0xf6, 0x0,
    0x0, 0x0, 0x8f, 0xff, 0x80, 0xa, 0xff, 0xf7,
    0x0, 0x0, 0x0, 0xef, 0xff, 0xfb, 0x0, 0x0,
    0x0, 0xcf, 0xff, 0x40, 0x6, 0xff, 0xfb, 0x0,
    0x0, 0x3, 0xff, 0xff, 0xff, 0x0, 0x0, 0x0,
    0xff, 0xff, 0x0, 0x2, 0xff, 0xfe, 0x0, 0x0,
    0x7, 0xff, 0xff, 0xff, 0x40, 0x0, 0x3, 0xff,
    0xfb, 0x0, 0x0, 0xef, 0xff, 0x20, 0x0, 0xc,
    0xff, 0xaf, 0xff, 0x90, 0x0, 0x7, 0xff, 0xf7,
    0x0, 0x0, 0x9f, 0xff, 0x60, 0x0, 0x1f, 0xff,
    0x5b, 0xff, 0xd0, 0x0, 0xb, 0xff, 0xf3, 0x0,
    0x0, 0x5f, 0xff, 0xa0, 0x0, 0x6f, 0xff, 0x16,
    0xff, 0xf2, 0x0, 0xf, 0xff, 0xf0, 0x0, 0x0,
    0x1f, 0xff, 0xe0, 0x0, 0xbf, 0xfc, 0x2, 0xff,
    0xf7, 0x0, 0x3f, 0xff, 0xb0, 0x0, 0x0, 0xd,
    0xff, 0xf2, 0x0, 0xff, 0xf7, 0x0, 0xdf, 0xfb,
    0x0, 0x6f, 0xff, 0x70, 0x0, 0x0, 0x9, 0xff,
    0xf6, 0x4, 0xff, 0xf2, 0x0, 0x8f, 0xff, 0x0,
    0xaf, 0xff, 0x20, 0x0, 0x0, 0x5, 0xff, 0xf9,
    0x9, 0xff, 0xd0, 0x0, 0x4f, 0xff, 0x40, 0xef,
    0xfe, 0x0, 0x0, 0x0, 0x1, 0xff, 0xfd, 0xe,
    0xff, 0x80, 0x0, 0xf, 0xff, 0x92, 0xff, 0xfa,
    0x0, 0x0, 0x0, 0x0, 0xcf, 0xff, 0x4f, 0xff,
    0x40, 0x0, 0xa, 0xff, 0xe6, 0xff, 0xf6, 0x0,
    0x0, 0x0, 0x0, 0x8f, 0xff, 0xcf, 0xfe, 0x0,
    0x0, 0x5, 0xff, 0xfc, 0xff, 0xf2, 0x0, 0x0,
    0x0, 0x0, 0x4f, 0xff, 0xff, 0xfa, 0x0, 0x0,
    0x1, 0xff, 0xff, 0xff, 0xd0, 0x0, 0x0, 0x0,
    0x0, 0xf, 0xff, 0xff, 0xf5, 0x0, 0x0, 0x0,
    0xcf, 0xff, 0xff, 0x90, 0x0, 0x0, 0x0, 0x0,
    0xb, 0xff, 0xff, 0xf1, 0x0, 0x0, 0x0, 0x7f,
    0xff, 0xff, 0x50, 0x0, 0x0, 0x0, 0x0, 0x7,
    0xff, 0xff, 0xb0, 0x0, 0x0, 0x0, 0x3f, 0xff,
    0xff, 0x10, 0x0, 0x0, 0x0, 0x0, 0x3, 0xff,
    0xff, 0x70, 0x0, 0x0, 0x0, 0xe, 0xff, 0xfd,
    0x0, 0x0, 0x0, 0x0, 0x0, 0x0, 0xff, 0xff,
    0x20, 0x0, 0x0, 0x0, 0x9, 0xff, 0xf9, 0x0,
    0x0, 0x0,

    /* U+0058 "X" */
    0x2f, 0xff, 0xf9, 0x0, 0x0, 0x0, 0x0, 0x6f,
    0xff, 0xe1, 0x0, 0x6f, 0xff, 0xf3, 0x0, 0x0,
    0x0, 0x1e, 0xff, 0xf5, 0x0, 0x0, 0xcf, 0xff,
    0xc0, 0x0, 0x0, 0xa, 0xff, 0xfb, 0x0, 0x0,
    0x2, 0xff, 0xff, 0x60, 0x0, 0x4, 0xff, 0xff,
    0x10, 0x0, 0x0, 0x7, 0xff, 0xfe, 0x10, 0x0,
    0xef, 0xff, 0x60, 0x0, 0x0, 0x0, 0xc, 0xff,
    0xfa, 0x0, 0x8f, 0xff, 0xc0, 0x0, 0x0, 0x0,
    0x0, 0x3f, 0xff, 0xf4, 0x3f, 0xff, 0xf2, 0x0,
    0x0, 0x0, 0x0, 0x0, 0x8f, 0xff, 0xdc, 0xff,
    0xf7, 0x0, 0x0, 0x0, 0x0, 0x0, 0x0, 0xdf,
    0xff, 0xff, 0xfd, 0x0, 0x0, 0x0, 0x0, 0x0,
    0x0, 0x3, 0xff, 0xff, 0xff, 0x30, 0x0, 0x0,
    0x0, 0x0, 0x0, 0x0, 0x9, 0xff, 0xff, 0xa0,
    0x0, 0x0, 0x0, 0x0, 0x0, 0x0, 0x0, 0xdf,
    0xff, 0xfe, 0x10, 0x0, 0x0, 0x0, 0x0, 0x0,
    0x0, 0x8f, 0xff, 0xff, 0xfb, 0x0, 0x0, 0x0,
    0x0, 0x0, 0x0, 0x3f, 0xff, 0xff, 0xff, 0xf5,
    0x0, 0x0, 0x0, 0x0, 0x0, 0xd, 0xff, 0xf8,
    0x8f, 0xff, 0xe1, 0x0, 0x0, 0x0, 0x0, 0x7,
    0xff, 0xfd, 0x0, 0xdf, 0xff, 0xb0, 0x0, 0x0,
    0x0, 0x2, 0xff, 0xff, 0x30, 0x3, 0xff, 0xff,
    0x50, 0x0, 0x0, 0x0, 0xcf, 0xff, 0x90, 0x0,
    0x9, 0xff, 0xfe, 0x10, 0x0, 0x0, 0x7f, 0xff,
    0xe0, 0x0, 0x0, 0xe, 0xff, 0xfb, 0x0, 0x0,
    0x2f, 0xff, 0xf4, 0x0, 0x0, 0x0, 0x4f, 0xff,
    0xf5, 0x0, 0xb, 0xff, 0xfa, 0x0, 0x0, 0x0,
    0x0, 0xaf, 0xff, 0xe1, 0x6, 0xff, 0xfe, 0x10,
    0x0, 0x0, 0x0, 0x1, 0xef, 0xff, 0xa0,

    /* U+0059 "Y" */
    0x7f, 0xff, 0xf2, 0x0, 0x0, 0x0, 0x0, 0x9f,
    0xff, 0xd0, 0xd, 0xff, 0xfb, 0x0, 0x0, 0x0,
    0x3, 0xff, 0xff, 0x30, 0x4, 0xff, 0xff, 0x40,
    0x0, 0x0, 0xb, 0xff, 0xfa, 0x0, 0x0, 0xaf,
    0xff, 0xd0, 0x0, 0x0, 0x4f, 0xff, 0xf1, 0x0,
    0x0, 0x1f, 0xff, 0xf6, 0x0, 0x0, 0xdf, 0xff,
    0x60, 0x0, 0x0, 0x7, 0xff, 0xfe, 0x0, 0x6,
    0xff, 0xfd, 0x0, 0x0, 0x0, 0x0, 0xdf, 0xff,
    0x80, 0x1e, 0xff, 0xf3, 0x0, 0x0, 0x0, 0x0,
    0x4f, 0xff, 0xf1, 0x8f, 0xff, 0xa0, 0x0, 0x0,
    0x0, 0x0, 0xa, 0xff, 0xfb, 0xff, 0xff, 0x10,
    0x0, 0x0, 0x0, 0x0, 0x1, 0xff, 0xff, 0xff,
    0xf6, 0x0, 0x0, 0x0, 0x0, 0x0, 0x0, 0x7f,
    0xff, 0xff, 0xc0, 0x0, 0x0, 0x0, 0x0, 0x0,
    0x0, 0xd, 0xff, 0xff, 0x30, 0x0, 0x0, 0x0,
    0x0, 0x0, 0x0, 0x5, 0xff, 0xfc, 0x0, 0x0,
    0x0, 0x0, 0x0, 0x0, 0x0, 0x4, 0xff, 0xfb,
    0x0, 0x0, 0x0, 0x0, 0x0, 0x0, 0x0, 0x4,
    0xff, 0xfb, 0x0, 0x0, 0x0, 0x0, 0x0, 0x0,
    0x0, 0x4, 0xff, 0xfb, 0x0, 0x0, 0x0, 0x0,
    0x0, 0x0, 0x0, 0x4, 0xff, 0xfb, 0x0, 0x0,
    0x0, 0x0, 0x0, 0x0, 0x0, 0x4, 0xff, 0xfb,
    0x0, 0x0, 0x0, 0x0, 0x0, 0x0, 0x0, 0x4,
    0xff, 0xfb, 0x0, 0x0, 0x0, 0x0, 0x0, 0x0,
    0x0, 0x4, 0xff, 0xfb, 0x0, 0x0, 0x0, 0x0,
    0x0, 0x0, 0x0, 0x4, 0xff, 0xfb, 0x0, 0x0,
    0x0, 0x0, 0x0, 0x0, 0x0, 0x4, 0xff, 0xfb,
    0x0, 0x0, 0x0, 0x0,

    /* U+005A "Z" */
    0x6f, 0xff, 0xff, 0xff, 0xff, 0xff, 0xff, 0xf4,
    0x6f, 0xff, 0xff, 0xff, 0xff, 0xff, 0xff, 0xf4,
    0x6f, 0xff, 0xff, 0xff, 0xff, 0xff, 0xff, 0xf4,
    0x5c, 0xcc, 0xcc, 0xcc, 0xcc, 0xef, 0xff, 0xf4,
    0x0, 0x0, 0x0, 0x0, 0x2, 0xff, 0xff, 0xc0,
    0x0, 0x0, 0x0, 0x0, 0xc, 0xff, 0xfe, 0x10,
    0x0, 0x0, 0x0, 0x0, 0x8f, 0xff, 0xf5, 0x0,
    0x0, 0x0, 0x0, 0x3, 0xff, 0xff, 0xa0, 0x0,
    0x0, 0x0, 0x0, 0xd, 0xff, 0xfd, 0x0, 0x0,
    0x0, 0x0, 0x0, 0xaf, 0xff, 0xf3, 0x0, 0x0,
    0x0, 0x0, 0x5, 0xff, 0xff, 0x70, 0x0, 0x0,
    0x0, 0x0, 0x1e, 0xff, 0xfc, 0x0, 0x0, 0x0,
    0x0, 0x0, 0xcf, 0xff, 0xf2, 0x0, 0x0, 0x0,
    0x0, 0x7, 0xff, 0xff, 0x50, 0x0, 0x0, 0x0,
    0x0, 0x3f, 0xff, 0xfa, 0x0, 0x0, 0x0, 0x0,
    0x0, 0xdf, 0xff, 0xe1, 0x0, 0x0, 0x0, 0x0,
    0x9, 0xff, 0xff, 0x30, 0x0, 0x0, 0x0, 0x0,
    0x4f, 0xff, 0xf8, 0x0, 0x0, 0x0, 0x0, 0x0,
    0xdf, 0xff, 0xfc, 0xcc, 0xcc, 0xcc, 0xcc, 0xc4,
    0xef, 0xff, 0xff, 0xff, 0xff, 0xff, 0xff, 0xf6,
    0xef, 0xff, 0xff, 0xff, 0xff, 0xff, 0xff, 0xf6,
    0xef, 0xff, 0xff, 0xff, 0xff, 0xff, 0xff, 0xf6,

    /* U+005B "[" */
    0xff, 0xff, 0xff, 0xf5, 0xff, 0xff, 0xff, 0xf5,
    0xff, 0xff, 0xff, 0xf5, 0xff, 0xfb, 0x55, 0x51,
    0xff, 0xf9, 0x0, 0x0, 0xff, 0xf9, 0x0, 0x0,
    0xff, 0xf9, 0x0, 0x0, 0xff, 0xf9, 0x0, 0x0,
    0xff, 0xf9, 0x0, 0x0, 0xff, 0xf9, 0x0, 0x0,
    0xff, 0xf9, 0x0, 0x0, 0xff, 0xf9, 0x0, 0x0,
    0xff, 0xf9, 0x0, 0x0, 0xff, 0xf9, 0x0, 0x0,
    0xff, 0xf9, 0x0, 0x0, 0xff, 0xf9, 0x0, 0x0,
    0xff, 0xf9, 0x0, 0x0, 0xff, 0xf9, 0x0, 0x0,
    0xff, 0xf9, 0x0, 0x0, 0xff, 0xf9, 0x0, 0x0,
    0xff, 0xf9, 0x0, 0x0, 0xff, 0xf9, 0x0, 0x0,
    0xff, 0xf9, 0x0, 0x0, 0xff, 0xf9, 0x0, 0x0,
    0xff, 0xfb, 0x55, 0x51, 0xff, 0xff, 0xff, 0xf5,
    0xff, 0xff, 0xff, 0xf5, 0xff, 0xff, 0xff, 0xf5,

    /* U+005C "\\" */
    0xaf, 0xfe, 0x0, 0x0, 0x0, 0x0, 0x5f, 0xff,
    0x40, 0x0, 0x0, 0x0, 0xf, 0xff, 0x90, 0x0,
    0x0, 0x0, 0xa, 0xff, 0xe0, 0x0, 0x0, 0x0,
    0x5, 0xff, 0xf4, 0x0, 0x0, 0x0, 0x0, 0xff,
    0xf9, 0x0, 0x0, 0x0, 0x0, 0xbf, 0xfe, 0x0,
    0x0, 0x0, 0x0, 0x5f, 0xff, 0x40, 0x0, 0x0,
    0x0, 0xf, 0xff, 0x90, 0x0, 0x0, 0x0, 0xb,
    0xff, 0xe0, 0x0, 0x0, 0x0, 0x6, 0xff, 0xf4,
    0x0, 0x0, 0x0, 0x1, 0xff, 0xf9, 0x0, 0x0,
    0x0, 0x0, 0xbf, 0xfe, 0x0, 0x0, 0x0, 0x0,
    0x6f, 0xff, 0x40, 0x0, 0x0, 0x0, 0x1f, 0xff,
    0x90, 0x0, 0x0, 0x0, 0xb, 0xff, 0xe0, 0x0,
    0x0, 0x0, 0x6, 0xff, 0xf4, 0x0, 0x0, 0x0,
    0x1, 0xff, 0xf9, 0x0, 0x0, 0x0, 0x0, 0xbf,
    0xfe, 0x0, 0x0, 0x0, 0x0, 0x6f, 0xff, 0x30,
    0x0, 0x0, 0x0, 0x1f, 0xff, 0x90, 0x0, 0x0,
    0x0, 0xc, 0xff, 0xe0,

    /* U+005D "]" */
    0x3f, 0xff, 0xff, 0xff, 0x13, 0xff, 0xff, 0xff,
    0xf1, 0x3f, 0xff, 0xff, 0xff, 0x11, 0x55, 0x5a,
    0xff, 0xf1, 0x0, 0x0, 0x8f, 0xff, 0x10, 0x0,
    0x8, 0xff, 0xf1, 0x0, 0x0, 0x8f, 0xff, 0x10,
    0x0, 0x8, 0xff, 0xf1, 0x0, 0x0, 0x8f, 0xff,
    0x10, 0x0, 0x8, 0xff, 0xf1, 0x0, 0x0, 0x8f,
    0xff, 0x10, 0x0, 0x8, 0xff, 0xf1, 0x0, 0x0,
    0x8f, 0xff, 0x10, 0x0, 0x8, 0xff, 0xf1, 0x0,
    0x0, 0x8f, 0xff, 0x10, 0x0, 0x8, 0xff, 0xf1,
    0x0, 0x0, 0x8f, 0xff, 0x10, 0x0, 0x8, 0xff,
    0xf1, 0x0, 0x0, 0x8f, 0xff, 0x10, 0x0, 0x8,
    0xff, 0xf1, 0x0, 0x0, 0x8f, 0xff, 0x10, 0x0,
    0x8, 0xff, 0xf1, 0x0, 0x0, 0x8f, 0xff, 0x10,
    0x0, 0x8, 0xff, 0xf1, 0x15, 0x55, 0xaf, 0xff,
    0x13, 0xff, 0xff, 0xff, 0xf1, 0x3f, 0xff, 0xff,
    0xff, 0x13, 0xff, 0xff, 0xff, 0xf1,

    /* U+005E "^" */
    0x0, 0x0, 0x4, 0xff, 0xf2, 0x0, 0x0, 0x0,
    0x0, 0x0, 0xdf, 0xff, 0xc0, 0x0, 0x0, 0x0,
    0x0, 0x8f, 0xff, 0xff, 0x60, 0x0, 0x0, 0x0,
    0x2f, 0xff, 0xcf, 0xff, 0x10, 0x0, 0x0, 0xb,
    0xff, 0xc0, 0xef, 0xfa, 0x0, 0x0, 0x5, 0xff,
    0xf3, 0x5, 0xff, 0xf4, 0x0, 0x1, 0xef, 0xfa,
    0x0, 0xc, 0xff, 0xd0, 0x0, 0x9f, 0xff, 0x10,
    0x0, 0x3f, 0xff, 0x80, 0x3f, 0xff, 0x80, 0x0,
    0x0, 0xaf, 0xff, 0x20,

    /* U+005F "_" */
    0x1e, 0xee, 0xee, 0xee, 0xee, 0xee, 0xee, 0xeb,
    0x2f, 0xff, 0xff, 0xff, 0xff, 0xff, 0xff, 0xfc,
    0x2f, 0xff, 0xff, 0xff, 0xff, 0xff, 0xff, 0xfc,

    /* U+0060 "`" */
    0xc, 0xcc, 0x90, 0x0, 0x8f, 0xff, 0x10, 0x0,
    0xef, 0xf8, 0x0, 0x6, 0xff, 0xe0, 0x0, 0xd,
    0xff, 0x50,

    /* U+0061 "a" */
    0x0, 0x0, 0x1, 0x57, 0x77, 0x51, 0x0, 0x0,
    0x0, 0x3, 0xbf, 0xff, 0xff, 0xff, 0xb2, 0x0,
    0x0, 0x8f, 0xff, 0xff, 0xff, 0xff, 0xff, 0x30,
    0x4, 0xff, 0xfd, 0x97, 0x7a, 0xff, 0xff, 0xd0,
    0x0, 0x4d, 0x50, 0x0, 0x0, 0x2e, 0xff, 0xf4,
    0x0, 0x0, 0x0, 0x0, 0x0, 0x7, 0xff, 0xf7,
    0x0, 0x2, 0x8d, 0xff, 0xfd, 0xaa, 0xff, 0xf8,
    0x0, 0x6f, 0xff, 0xff, 0xff, 0xff, 0xff, 0xf9,
    0x4, 0xff, 0xff, 0xb7, 0x67, 0xbf, 0xff, 0xf9,
    0xc, 0xff, 0xf5, 0x0, 0x0, 0x7, 0xff, 0xf9,
    0xf, 0xff, 0xd0, 0x0, 0x0, 0x8, 0xff, 0xf9,
    0x1f, 0xff, 0xd0, 0x0, 0x0, 0xe, 0xff, 0xf9,
    0xf, 0xff, 0xf5, 0x0, 0x0, 0xbf, 0xff, 0xf9,
    0xb, 0xff, 0xff, 0xb9, 0xae, 0xff, 0xff, 0xf9,
    0x2, 0xff, 0xff, 0xff, 0xff, 0xd7, 0xff, 0xf9,
    0x0, 0x3d, 0xff, 0xff, 0xfa, 0x16, 0xff, 0xf9,
    0x0, 0x0, 0x47, 0x76, 0x20, 0x0, 0x0, 0x0,

    /* U+0062 "b" */
    0x2f, 0xff, 0xd0, 0x0, 0x0, 0x0, 0x0, 0x0,
    0x0, 0x2f, 0xff, 0xd0, 0x0, 0x0, 0x0, 0x0,
    0x0, 0x0, 0x2f, 0xff, 0xd0, 0x0, 0x0, 0x0,
    0x0, 0x0, 0x0, 0x2f, 0xff, 0xd0, 0x0, 0x0,
    0x0, 0x0, 0x0, 0x0, 0x2f, 0xff, 0xd0, 0x0,
    0x0, 0x0, 0x0, 0x0, 0x0, 0x2f, 0xff, 0xd0,
    0x0, 0x0, 0x0, 0x0, 0x0, 0x0, 0x2f, 0xff,
    0xd0, 0x0, 0x57, 0x74, 0x0, 0x0, 0x0, 0x2f,
    0xff, 0xd0, 0x8f, 0xff, 0xff, 0xf8, 0x0, 0x0,
    0x2f, 0xff, 0xdb, 0xff, 0xff, 0xff, 0xff, 0xb0,
    0x0, 0x2f, 0xff, 0xff, 0xff, 0xff, 0xff, 0xff,
    0xf9, 0x0, 0x2f, 0xff, 0xff, 0xb2, 0x0, 0x3c,
    0xff, 0xff, 0x30, 0x2f, 0xff, 0xfa, 0x0, 0x0,
    0x0, 0xcf, 0xff, 0x90, 0x2f, 0xff, 0xf1, 0x0,
    0x0, 0x0, 0x3f, 0xff, 0xd0, 0x2f, 0xff, 0xc0,
    0x0, 0x0, 0x0, 0xf, 0xff, 0xf0, 0x2f, 0xff,
    0xb0, 0x0, 0x0, 0x0, 0xd, 0xff, 0xf0, 0x2f,
    0xff, 0xc0, 0x0, 0x0, 0x0, 0xf, 0xff, 0xf0,
    0x2f, 0xff, 0xf1, 0x0, 0x0, 0x0, 0x3f, 0xff,
    0xd0, 0x2f, 0xff, 0xfb, 0x0, 0x0, 0x0, 0xcf,
    0xff, 0x80, 0x2f, 0xff, 0xff, 0xb2, 0x0, 0x3c,
    0xff, 0xff, 0x20, 0x2f, 0xff, 0xff, 0xff, 0xff,
    0xff, 0xff, 0xf8, 0x0, 0x2f, 0xff, 0xa8, 0xff,
    0xff, 0xff, 0xff, 0xa0, 0x0, 0x2f, 0xff, 0xa0,
    0x6e, 0xff, 0xff, 0xf7, 0x0, 0x0, 0x0, 0x0,
    0x0, 0x0, 0x57, 0x74, 0x0, 0x0, 0x0,

    /* U+0063 "c" */
    0x0, 0x0, 0x0, 0x25, 0x77, 0x52, 0x0, 0x0,
    0x0, 0x0, 0x4, 0xcf, 0xff, 0xff, 0xfc, 0x30,
    0x0, 0x0, 0x7, 0xff, 0xff, 0xff, 0xff, 0xff,
    0x60, 0x0, 0x6, 0xff, 0xff, 0xff, 0xff, 0xff,
    0xff, 0x30, 0x1, 0xff, 0xff, 0xc3, 0x0, 0x2a,
    0xff, 0xfd, 0x0, 0x8f, 0xff, 0xc0, 0x0, 0x0,
    0xb, 0xfa, 0x40, 0xd, 0xff, 0xf2, 0x0, 0x0,
    0x0, 0x10, 0x0, 0x0, 0xff, 0xfe, 0x0, 0x0,
    0x0, 0x0, 0x0, 0x0, 0xf, 0xff, 0xd0, 0x0,
    0x0, 0x0, 0x0, 0x0, 0x0, 0xff, 0xfe, 0x0,
    0x0, 0x0, 0x0, 0x0, 0x0, 0xd, 0xff, 0xf3,
    0x0, 0x0, 0x0, 0x11, 0x0, 0x0, 0x8f, 0xff,
    0xc0, 0x0, 0x0, 0xa, 0xfc, 0x70, 0x1, 0xff,
    0xff, 0xc3, 0x0, 0x2b, 0xff, 0xfd, 0x0, 0x6,
    0xff, 0xff, 0xff, 0xff, 0xff, 0xff, 0x40, 0x0,
    0x7, 0xff, 0xff, 0xff, 0xff, 0xff, 0x60, 0x0,
    0x0, 0x4, 0xcf, 0xff, 0xff, 0xfc, 0x30, 0x0,
    0x0, 0x0, 0x0, 0x25, 0x77, 0x52, 0x0, 0x0,
    0x0,

    /* U+0064 "d" */
    0x0, 0x0, 0x0, 0x0, 0x0, 0x0, 0xd, 0xff,
    0xf1, 0x0, 0x0, 0x0, 0x0, 0x0, 0x0, 0xd,
    0xff, 0xf1, 0x0, 0x0, 0x0, 0x0, 0x0, 0x0,
    0xd, 0xff, 0xf1, 0x0, 0x0, 0x0, 0x0, 0x0,
    0x0, 0xd, 0xff, 0xf1, 0x0, 0x0, 0x0, 0x0,
    0x0, 0x0, 0xd, 0xff, 0xf1, 0x0, 0x0, 0x0,
    0x0, 0x0, 0x0, 0xd, 0xff, 0xf1, 0x0, 0x0,
    0x0, 0x46, 0x75, 0x10, 0xd, 0xff, 0xf1, 0x0,
    0x0, 0x7e, 0xff, 0xff, 0xf9, 0xd, 0xff, 0xf1,
    0x0, 0xa, 0xff, 0xff, 0xff, 0xff, 0xbd, 0xff,
    0xf1, 0x0, 0x9f, 0xff, 0xff, 0xff, 0xff, 0xff,
    0xff, 0xf1, 0x2, 0xff, 0xff, 0xc3, 0x0, 0x3b,
    0xff, 0xff, 0xf1, 0x9, 0xff, 0xfc, 0x0, 0x0,
    0x0, 0xbf, 0xff, 0xf1, 0xd, 0xff, 0xf3, 0x0,
    0x0, 0x0, 0x2f, 0xff, 0xf1, 0xf, 0xff, 0xe0,
    0x0, 0x0, 0x0, 0xd, 0xff, 0xf1, 0xf, 0xff,
    0xd0, 0x0, 0x0, 0x0, 0xc, 0xff, 0xf1, 0xf,
    0xff, 0xe0, 0x0, 0x0, 0x0, 0xd, 0xff, 0xf1,
    0xd, 0xff, 0xf3, 0x0, 0x0, 0x0, 0x2f, 0xff,
    0xf1, 0x9, 0xff, 0xfc, 0x0, 0x0, 0x0, 0xbf,
    0xff, 0xf1, 0x3, 0xff, 0xff, 0xc3, 0x0, 0x2b,
    0xff, 0xff, 0xf1, 0x0, 0xaf, 0xff, 0xff, 0xfe,
    0xff, 0xff, 0xff, 0xf1, 0x0, 0xb, 0xff, 0xff,
    0xff, 0xff, 0x8b, 0xff, 0xf1, 0x0, 0x0, 0x8f,
    0xff, 0xff, 0xf7, 0xb, 0xff, 0xf1, 0x0, 0x0,
    0x0, 0x47, 0x75, 0x0, 0x0, 0x0, 0x0,

    /* U+0065 "e" */
    0x0, 0x0, 0x0, 0x26, 0x77, 0x52, 0x0, 0x0,
    0x0, 0x0, 0x5, 0xdf, 0xff, 0xff, 0xfb, 0x20,
    0x0, 0x0, 0x8, 0xff, 0xff, 0xff, 0xff, 0xff,
    0x50, 0x0, 0x7, 0xff, 0xff, 0xeb, 0xbe, 0xff,
    0xff, 0x30, 0x2, 0xff, 0xff, 0x70, 0x0, 0x6,
    0xff, 0xfc, 0x0, 0x9f, 0xff, 0x90, 0x0, 0x0,
    0x9, 0xff, 0xf2, 0xd, 0xff, 0xff, 0xff, 0xff,
    0xff, 0xff, 0xff, 0x50, 0xff, 0xff, 0xff, 0xff,
    0xff, 0xff, 0xff, 0xf6, 0xf, 0xff, 0xff, 0xff,
    0xff, 0xff, 0xff, 0xff, 0x60, 0xff, 0xff, 0x0,
    0x0, 0x0, 0x0, 0x0, 0x0, 0xd, 0xff, 0xf2,
    0x0, 0x0, 0x0, 0x0, 0x0, 0x0, 0x9f, 0xff,
    0xa0, 0x0, 0x0, 0x0, 0xc7, 0x0, 0x2, 0xff,
    0xff, 0x80, 0x0, 0x1, 0xbf, 0xf9, 0x0, 0x8,
    0xff, 0xff, 0xea, 0x9b, 0xff, 0xff, 0x90, 0x0,
    0x9, 0xff, 0xff, 0xff, 0xff, 0xff, 0x90, 0x0,
    0x0, 0x5, 0xdf, 0xff, 0xff, 0xfd, 0x50, 0x0,
    0x0, 0x0, 0x0, 0x36, 0x77, 0x62, 0x0, 0x0,
    0x0,

    /* U+0066 "f" */
    0x0, 0x0, 0x0, 0x26, 0x77, 0x40, 0x0, 0x0,
    0x1a, 0xff, 0xff, 0xf3, 0x0, 0x0, 0xcf, 0xff,
    0xff, 0xf3, 0x0, 0x5, 0xff, 0xff, 0xec, 0xe3,
    0x0, 0xa, 0xff, 0xfa, 0x0, 0x0, 0x0, 0xc,
    0xff, 0xf4, 0x0, 0x0, 0x0, 0xc, 0xff, 0xf3,
    0x0, 0x0, 0x0, 0xc, 0xff, 0xf3, 0x0, 0x0,
    0x3f, 0xff, 0xff, 0xff, 0xff, 0xb0, 0x3f, 0xff,
    0xff, 0xff, 0xff, 0xb0, 0x3f, 0xff, 0xff, 0xff,
    0xff, 0xb0, 0x2, 0x2c, 0xff, 0xf5, 0x22, 0x10,
    0x0, 0xc, 0xff, 0xf3, 0x0, 0x0, 0x0, 0xc,
    0xff, 0xf3, 0x0, 0x0, 0x0, 0xc, 0xff, 0xf3,
    0x0, 0x0, 0x0, 0xc, 0xff, 0xf3, 0x0, 0x0,
    0x0, 0xc, 0xff, 0xf3, 0x0, 0x0, 0x0, 0xc,
    0xff, 0xf3, 0x0, 0x0, 0x0, 0xc, 0xff, 0xf3,
    0x0, 0x0, 0x0, 0xc, 0xff, 0xf3, 0x0, 0x0,
    0x0, 0xc, 0xff, 0xf3, 0x0, 0x0, 0x0, 0xc,
    0xff, 0xf3, 0x0, 0x0, 0x0, 0xc, 0xff, 0xf3,
    0x0, 0x0,

    /* U+0067 "g" */
    0x0, 0x0, 0x0, 0x47, 0x76, 0x10, 0x0, 0x0,
    0x0, 0x0, 0x8, 0xff, 0xff, 0xff, 0x90, 0xef,
    0xfe, 0x0, 0xc, 0xff, 0xff, 0xff, 0xff, 0xce,
    0xff, 0xe0, 0xa, 0xff, 0xff, 0xff, 0xff, 0xff,
    0xff, 0xfe, 0x4, 0xff, 0xff, 0xa2, 0x0, 0x3b,
    0xff, 0xff, 0xe0, 0xaf, 0xff, 0xa0, 0x0, 0x0,
    0xb, 0xff, 0xfe, 0xe, 0xff, 0xf2, 0x0, 0x0,
    0x0, 0x3f, 0xff, 0xe0, 0xff, 0xfe, 0x0, 0x0,
    0x0, 0x0, 0xff, 0xfe, 0xf, 0xff, 0xd0, 0x0,
    0x0, 0x0, 0xf, 0xff, 0xe0, 0xff, 0xff, 0x0,
    0x0, 0x0, 0x1, 0xff, 0xfe, 0xd, 0xff, 0xf5,
    0x0, 0x0, 0x0, 0x7f, 0xff, 0xe0, 0x8f, 0xff,
    0xf3, 0x0, 0x0, 0x5f, 0xff, 0xfe, 0x1, 0xff,
    0xff, 0xfb, 0x88, 0xbf, 0xff, 0xff, 0xe0, 0x6,
    0xff, 0xff, 0xff, 0xff, 0xff, 0xff, 0xfe, 0x0,
    0x6, 0xff, 0xff, 0xff, 0xfe, 0x4e, 0xff, 0xe0,
    0x0, 0x2, 0x8d, 0xff, 0xd9, 0x10, 0xef, 0xfd,
    0x0, 0x0, 0x0, 0x0, 0x0, 0x0, 0xf, 0xff,
    0xc0, 0x0, 0x2a, 0x10, 0x0, 0x0, 0x4, 0xff,
    0xf9, 0x1, 0xaf, 0xfa, 0x0, 0x0, 0x0, 0xbf,
    0xff, 0x50, 0x1e, 0xff, 0xf9, 0x0, 0x1, 0xaf,
    0xff, 0xf0, 0x0, 0x5f, 0xff, 0xff, 0xcd, 0xff,
    0xff, 0xf7, 0x0, 0x0, 0x7f, 0xff, 0xff, 0xff,
    0xff, 0xfa, 0x0, 0x0, 0x0, 0x4d, 0xff, 0xff,
    0xff, 0xe6, 0x0, 0x0, 0x0, 0x0, 0x3, 0x67,
    0x76, 0x30, 0x0, 0x0,

    /* U+0068 "h" */
    0x2f, 0xff, 0xc0, 0x0, 0x0, 0x0, 0x0, 0x0,
    0x2f, 0xff, 0xc0, 0x0, 0x0, 0x0, 0x0, 0x0,
    0x2f, 0xff, 0xc0, 0x0, 0x0, 0x0, 0x0, 0x0,
    0x2f, 0xff, 0xc0, 0x0, 0x0, 0x0, 0x0, 0x0,
    0x2f, 0xff, 0xc0, 0x0, 0x0, 0x0, 0x0, 0x0,
    0x2f, 0xff, 0xc0, 0x0, 0x0, 0x0, 0x0, 0x0,
    0x2f, 0xff, 0xc0, 0x0, 0x57, 0x74, 0x0, 0x0,
    0x2f, 0xff, 0xc0, 0x7f, 0xff, 0xff, 0xe4, 0x0,
    0x2f, 0xff, 0xc8, 0xff, 0xff, 0xff, 0xff, 0x30,
    0x2f, 0xff, 0xff, 0xff, 0xdf, 0xff, 0xff, 0xd0,
    0x2f, 0xff, 0xff, 0x60, 0x1, 0xaf, 0xff, 0xf2,
    0x2f, 0xff, 0xf7, 0x0, 0x0, 0xe, 0xff, 0xf4,
    0x2f, 0xff, 0xf0, 0x0, 0x0, 0xb, 0xff, 0xf5,
    0x2f, 0xff, 0xd0, 0x0, 0x0, 0x9, 0xff, 0xf5,
    0x2f, 0xff, 0xd0, 0x0, 0x0, 0x9, 0xff, 0xf5,
    0x2f, 0xff, 0xd0, 0x0, 0x0, 0x9, 0xff, 0xf5,
    0x2f, 0xff, 0xd0, 0x0, 0x0, 0x9, 0xff, 0xf5,
    0x2f, 0xff, 0xd0, 0x0, 0x0, 0x9, 0xff, 0xf5,
    0x2f, 0xff, 0xd0, 0x0, 0x0, 0x9, 0xff, 0xf5,
    0x2f, 0xff, 0xd0, 0x0, 0x0, 0x9, 0xff, 0xf5,
    0x2f, 0xff, 0xd0, 0x0, 0x0, 0x9, 0xff, 0xf5,
    0x2f, 0xff, 0xd0, 0x0, 0x0, 0x9, 0xff, 0xf5,

    /* U+0069 "i" */
    0x6, 0xee, 0x60, 0x2f, 0xff, 0xf1, 0x4f, 0xff,
    0xf3, 0x1e, 0xff, 0xe0, 0x2, 0x98, 0x20, 0x0,
    0x0, 0x0, 0x0, 0x0, 0x0, 0x0, 0x0, 0x0,
    0xf, 0xff, 0xf0, 0xf, 0xff, 0xf0, 0xf, 0xff,
    0xf0, 0xf, 0xff, 0xf0, 0xf, 0xff, 0xf0, 0xf,
    0xff, 0xf0, 0xf, 0xff, 0xf0, 0xf, 0xff, 0xf0,
    0xf, 0xff, 0xf0, 0xf, 0xff, 0xf0, 0xf, 0xff,
    0xf0, 0xf, 0xff, 0xf0, 0xf, 0xff, 0xf0, 0xf,
    0xff, 0xf0, 0xf, 0xff, 0xf0,

    /* U+006A "j" */
    0x0, 0x0, 0x2, 0x98, 0x10, 0x0, 0x0, 0x1e,
    0xff, 0xe0, 0x0, 0x0, 0x4f, 0xff, 0xf3, 0x0,
    0x0, 0x2f, 0xff, 0xf1, 0x0, 0x0, 0x6, 0xee,
    0x50, 0x0, 0x0, 0x0, 0x0, 0x0, 0x0, 0x0,
    0x0, 0x0, 0x0, 0x0, 0x0, 0x0, 0x0, 0x0,
    0x0, 0x0, 0xf, 0xff, 0xf0, 0x0, 0x0, 0xf,
    0xff, 0xf0, 0x0, 0x0, 0xf, 0xff, 0xf0, 0x0,
    0x0, 0xf, 0xff, 0xf0, 0x0, 0x0, 0xf, 0xff,
    0xf0, 0x0, 0x0, 0xf, 0xff, 0xf0, 0x0, 0x0,
    0xf, 0xff, 0xf0, 0x0, 0x0, 0xf, 0xff, 0xf0,
    0x0, 0x0, 0xf, 0xff, 0xf0, 0x0, 0x0, 0xf,
    0xff, 0xf0, 0x0, 0x0, 0xf, 0xff, 0xf0, 0x0,
    0x0, 0xf, 0xff, 0xf0, 0x0, 0x0, 0xf, 0xff,
    0xf0, 0x0, 0x0, 0xf, 0xff, 0xf0, 0x0, 0x0,
    0xf, 0xff, 0xf0, 0x0, 0x0, 0xf, 0xff, 0xf0,
    0x0, 0x0, 0xf, 0xff, 0xf0, 0x0, 0x0, 0x1f,
    0xff, 0xf0, 0x1, 0x0, 0xaf, 0xff, 0xd0, 0xf,
    0xef, 0xff, 0xff, 0x80, 0xf, 0xff, 0xff, 0xfe,
    0x10, 0xf, 0xff, 0xff, 0xc2, 0x0, 0x4, 0x77,
    0x63, 0x0, 0x0,

    /* U+006B "k" */
    0x2f, 0xff, 0xd0, 0x0, 0x0, 0x0, 0x0, 0x0,
    0x2f, 0xff, 0xd0, 0x0, 0x0, 0x0, 0x0, 0x0,
    0x2f, 0xff, 0xd0, 0x0, 0x0, 0x0, 0x0, 0x0,
    0x2f, 0xff, 0xd0, 0x0, 0x0, 0x0, 0x0, 0x0,
    0x2f, 0xff, 0xd0, 0x0, 0x0, 0x0, 0x0, 0x0,
    0x2f, 0xff, 0xd0, 0x0, 0x0, 0x0, 0x0, 0x0,
    0x2f, 0xff, 0xd0, 0x0, 0x0, 0x0, 0x0, 0x0,
    0x2f, 0xff, 0xd0, 0x0, 0x0, 0xaf, 0xff, 0xf5,
    0x2f, 0xff, 0xd0, 0x0, 0xa, 0xff, 0xff, 0x50,
    0x2f, 0xff, 0xd0, 0x0, 0xaf, 0xff, 0xf4, 0x0,
    0x2f, 0xff, 0xd0, 0x9, 0xff, 0xff, 0x40, 0x0,
    0x2f, 0xff, 0xd0, 0x9f, 0xff, 0xf4, 0x0, 0x0,
    0x2f, 0xff, 0xd9, 0xff, 0xff, 0x30, 0x0, 0x0,
    0x2f, 0xff, 0xff, 0xff, 0xff, 0x50, 0x0, 0x0,
    0x2f, 0xff, 0xff, 0xff, 0xff, 0xe1, 0x0, 0x0,
    0x2f, 0xff, 0xff, 0xee, 0xff, 0xfa, 0x0, 0x0,
    0x2f, 0xff, 0xfe, 0x25, 0xff, 0xff, 0x50, 0x0,
    0x2f, 0xff, 0xf2, 0x0, 0xaf, 0xff, 0xe1, 0x0,
    0x2f, 0xff, 0xd0, 0x0, 0x1f, 0xff, 0xfa, 0x0,
    0x2f, 0xff, 0xd0, 0x0, 0x6, 0xff, 0xff, 0x50,
    0x2f, 0xff, 0xd0, 0x0, 0x0, 0xcf, 0xff, 0xe1,
    0x2f, 0xff, 0xd0, 0x0, 0x0, 0x2f, 0xff, 0xfa,

    /* U+006C "l" */
    0x2f, 0xff, 0xd2, 0xff, 0xfd, 0x2f, 0xff, 0xd2,
    0xff, 0xfd, 0x2f, 0xff, 0xd2, 0xff, 0xfd, 0x2f,
    0xff, 0xd2, 0xff, 0xfd, 0x2f, 0xff, 0xd2, 0xff,
    0xfd, 0x2f, 0xff, 0xd2, 0xff, 0xfd, 0x2f, 0xff,
    0xd2, 0xff, 0xfd, 0x2f, 0xff, 0xd2, 0xff, 0xfd,
    0x2f, 0xff, 0xd2, 0xff, 0xfd, 0x2f, 0xff, 0xd2,
    0xff, 0xfd, 0x2f, 0xff, 0xd2, 0xff, 0xfd,

    /* U+006D "m" */
    0x0, 0x0, 0x0, 0x2, 0x67, 0x63, 0x0, 0x0,
    0x2, 0x67, 0x63, 0x0, 0x0, 0x2f, 0xff, 0xa1,
    0xbf, 0xff, 0xff, 0xc2, 0x3, 0xcf, 0xff, 0xff,
    0xd3, 0x0, 0x2f, 0xff, 0xde, 0xff, 0xff, 0xff,
    0xfe, 0x5f, 0xff, 0xff, 0xff, 0xfe, 0x10, 0x2f,
    0xff, 0xff, 0xff, 0xef, 0xff, 0xff, 0xff, 0xff,
    0xef, 0xff, 0xff, 0x90, 0x2f, 0xff, 0xff, 0x50,
    0x3, 0xdf, 0xff, 0xff, 0x70, 0x1, 0xcf, 0xff,
    0xe0, 0x2f, 0xff, 0xf7, 0x0, 0x0, 0x5f, 0xff,
    0xf9, 0x0, 0x0, 0x2f, 0xff, 0xf0, 0x2f, 0xff,
    0xf0, 0x0, 0x0, 0x1f, 0xff, 0xf2, 0x0, 0x0,
    0xe, 0xff, 0xf1, 0x2f, 0xff, 0xd0, 0x0, 0x0,
    0xf, 0xff, 0xf0, 0x0, 0x0, 0xd, 0xff, 0xf1,
    0x2f, 0xff, 0xd0, 0x0, 0x0, 0xf, 0xff, 0xf0,
    0x0, 0x0, 0xd, 0xff, 0xf1, 0x2f, 0xff, 0xd0,
    0x0, 0x0, 0xf, 0xff, 0xf0, 0x0, 0x0, 0xd,
    0xff, 0xf1, 0x2f, 0xff, 0xd0, 0x0, 0x0, 0xf,
    0xff, 0xf0, 0x0, 0x0, 0xd, 0xff, 0xf1, 0x2f,
    0xff, 0xd0, 0x0, 0x0, 0xf, 0xff, 0xf0, 0x0,
    0x0, 0xd, 0xff, 0xf1, 0x2f, 0xff, 0xd0, 0x0,
    0x0, 0xf, 0xff, 0xf0, 0x0, 0x0, 0xd, 0xff,
    0xf1, 0x2f, 0xff, 0xd0, 0x0, 0x0, 0xf, 0xff,
    0xf0, 0x0, 0x0, 0xd, 0xff, 0xf1, 0x2f, 0xff,
    0xd0, 0x0, 0x0, 0xf, 0xff, 0xf0, 0x0, 0x0,
    0xd, 0xff, 0xf1, 0x2f, 0xff, 0xd0, 0x0, 0x0,
    0xf, 0xff, 0xf0, 0x0, 0x0, 0xd, 0xff, 0xf1,

    /* U+006E "n" */
    0x0, 0x0, 0x0, 0x1, 0x57, 0x74, 0x0, 0x0,
    0x2f, 0xff, 0xa1, 0xaf, 0xff, 0xff, 0xe4, 0x0,
    0x2f, 0xff, 0xde, 0xff, 0xff, 0xff, 0xff, 0x40,
    0x2f, 0xff, 0xff, 0xff, 0xef, 0xff, 0xff, 0xd0,
    0x2f, 0xff, 0xff, 0x60, 0x1, 0xaf, 0xff, 0xf2,
    0x2f, 0xff, 0xf7, 0x0, 0x0, 0xe, 0xff, 0xf4,
    0x2f, 0xff, 0xf0, 0x0, 0x0, 0xb, 0xff, 0xf5,
    0x2f, 0xff, 0xd0, 0x0, 0x0, 0x9, 0xff, 0xf5,
    0x2f, 0xff, 0xd0, 0x0, 0x0, 0x9, 0xff, 0xf5,
    0x2f, 0xff, 0xd0, 0x0, 0x0, 0x9, 0xff, 0xf5,
    0x2f, 0xff, 0xd0, 0x0, 0x0, 0x9, 0xff, 0xf5,
    0x2f, 0xff, 0xd0, 0x0, 0x0, 0x9, 0xff, 0xf5,
    0x2f, 0xff, 0xd0, 0x0, 0x0, 0x9, 0xff, 0xf5,
    0x2f, 0xff, 0xd0, 0x0, 0x0, 0x9, 0xff, 0xf5,
    0x2f, 0xff, 0xd0, 0x0, 0x0, 0x9, 0xff, 0xf5,
    0x2f, 0xff, 0xd0, 0x0, 0x0, 0x9, 0xff, 0xf5,

    /* U+006F "o" */
    0x0, 0x0, 0x0, 0x15, 0x77, 0x63, 0x0, 0x0,
    0x0, 0x0, 0x0, 0x3b, 0xff, 0xff, 0xff, 0xe6,
    0x0, 0x0, 0x0, 0x6, 0xff, 0xff, 0xff, 0xff,
    0xff, 0xb0, 0x0, 0x0, 0x5f, 0xff, 0xff, 0xff,
    0xff, 0xff, 0xfb, 0x0, 0x1, 0xff, 0xff, 0xc3,
    0x0, 0x19, 0xff, 0xff, 0x60, 0x8, 0xff, 0xfc,
    0x0, 0x0, 0x0, 0x7f, 0xff, 0xe0, 0xd, 0xff,
    0xf3, 0x0, 0x0, 0x0, 0xd, 0xff, 0xf3, 0xf,
    0xff, 0xe0, 0x0, 0x0, 0x0, 0x8, 0xff, 0xf5,
    0xf, 0xff, 0xd0, 0x0, 0x0, 0x0, 0x7, 0xff,
    0xf6, 0xf, 0xff, 0xe0, 0x0, 0x0, 0x0, 0x8,
    0xff, 0xf5, 0xd, 0xff, 0xf3, 0x0, 0x0, 0x0,
    0xd, 0xff, 0xf3, 0x8, 0xff, 0xfc, 0x0, 0x0,
    0x0, 0x7f, 0xff, 0xe0, 0x1, 0xff, 0xff, 0xc4,
    0x0, 0x19, 0xff, 0xff, 0x60, 0x0, 0x5f, 0xff,
    0xff, 0xff, 0xff, 0xff, 0xfb, 0x0, 0x0, 0x6,
    0xff, 0xff, 0xff, 0xff, 0xff, 0xb0, 0x0, 0x0,
    0x0, 0x3b, 0xff, 0xff, 0xff, 0xe6, 0x0, 0x0,
    0x0, 0x0, 0x0, 0x15, 0x77, 0x63, 0x0, 0x0,
    0x0,

    /* U+0070 "p" */
    0x0, 0x0, 0x0, 0x1, 0x57, 0x74, 0x0, 0x0,
    0x0, 0x2f, 0xff, 0xa0, 0x9f, 0xff, 0xff, 0xf8,
    0x0, 0x0, 0x2f, 0xff, 0xac, 0xff, 0xff, 0xff,
    0xff, 0xb0, 0x0, 0x2f, 0xff, 0xff, 0xff, 0xff,
    0xff, 0xff, 0xf9, 0x0, 0x2f, 0xff, 0xff, 0xb2,
    0x0, 0x3c, 0xff, 0xff, 0x30, 0x2f, 0xff, 0xfa,
    0x0, 0x0, 0x0, 0xcf, 0xff, 0x90, 0x2f, 0xff,
    0xf1, 0x0, 0x0, 0x0, 0x3f, 0xff, 0xd0, 0x2f,
    0xff, 0xc0, 0x0, 0x0, 0x0, 0xf, 0xff, 0xf0,
    0x2f, 0xff, 0xb0, 0x0, 0x0, 0x0, 0xd, 0xff,
    0xf0, 0x2f, 0xff, 0xc0, 0x0, 0x0, 0x0, 0xf,
    0xff, 0xf0, 0x2f, 0xff, 0xf1, 0x0, 0x0, 0x0,
    0x3f, 0xff, 0xd0, 0x2f, 0xff, 0xfb, 0x0, 0x0,
    0x0, 0xcf, 0xff, 0x80, 0x2f, 0xff, 0xff, 0xb2,
    0x0, 0x3c, 0xff, 0xff, 0x20, 0x2f, 0xff, 0xff,
    0xff, 0xff, 0xff, 0xff, 0xf8, 0x0, 0x2f, 0xff,
    0xdc, 0xff, 0xff, 0xff, 0xff, 0xa0, 0x0, 0x2f,
    0xff, 0xd0, 0x9f, 0xff, 0xff, 0xf7, 0x0, 0x0,
    0x2f, 0xff, 0xd0, 0x1, 0x57, 0x74, 0x0, 0x0,
    0x0, 0x2f, 0xff, 0xd0, 0x0, 0x0, 0x0, 0x0,
    0x0, 0x0, 0x2f, 0xff, 0xd0, 0x0, 0x0, 0x0,
    0x0, 0x0, 0x0, 0x2f, 0xff, 0xd0, 0x0, 0x0,
    0x0, 0x0, 0x0, 0x0, 0x2f, 0xff, 0xd0, 0x0,
    0x0, 0x0, 0x0, 0x0, 0x0, 0x2f, 0xff, 0xd0,
    0x0, 0x0, 0x0, 0x0, 0x0, 0x0, 0x2f, 0xff,
    0xd0, 0x0, 0x0, 0x0, 0x0, 0x0, 0x0,

    /* U+0071 "q" */
    0x0, 0x0, 0x0, 0x46, 0x75, 0x10, 0x0, 0x0,
    0x0, 0x0, 0x0, 0x7e, 0xff, 0xff, 0xf9, 0xb,
    0xff, 0xf1, 0x0, 0xa, 0xff, 0xff, 0xff, 0xff,
    0xcb, 0xff, 0xf1, 0x0, 0x9f, 0xff, 0xff, 0xff,
    0xff, 0xff, 0xff, 0xf1, 0x2, 0xff, 0xff, 0xc3,
    0x0, 0x2b, 0xff, 0xff, 0xf1, 0x9, 0xff, 0xfc,
    0x0, 0x0, 0x0, 0xaf, 0xff, 0xf1, 0xd, 0xff,
    0xf3, 0x0, 0x0, 0x0, 0x1f, 0xff, 0xf1, 0xf,
    0xff, 0xe0, 0x0, 0x0, 0x0, 0xc, 0xff, 0xf1,
    0xf, 0xff, 0xd0, 0x0, 0x0, 0x0, 0xb, 0xff,
    0xf1, 0xf, 0xff, 0xe0, 0x0, 0x0, 0x0, 0xc,
    0xff, 0xf1, 0xd, 0xff, 0xf3, 0x0, 0x0, 0x0,
    0x1f, 0xff, 0xf1, 0x9, 0xff, 0xfc, 0x0, 0x0,
    0x0, 0x9f, 0xff, 0xf1, 0x3, 0xff, 0xff, 0xc3,
    0x0, 0x2a, 0xff, 0xff, 0xf1, 0x0, 0x9f, 0xff,
    0xff, 0xff, 0xff, 0xff, 0xff, 0xf1, 0x0, 0xb,
    0xff, 0xff, 0xff, 0xff, 0xbe, 0xff, 0xf1, 0x0,
    0x0, 0x8f, 0xff, 0xff, 0xf9, 0xe, 0xff, 0xf1,
    0x0, 0x0, 0x0, 0x57, 0x75, 0x10, 0xe, 0xff,
    0xf1, 0x0, 0x0, 0x0, 0x0, 0x0, 0x0, 0xe,
    0xff, 0xf1, 0x0, 0x0, 0x0, 0x0, 0x0, 0x0,
    0xe, 0xff, 0xf1, 0x0, 0x0, 0x0, 0x0, 0x0,
    0x0, 0xe, 0xff, 0xf1, 0x0, 0x0, 0x0, 0x0,
    0x0, 0x0, 0xe, 0xff, 0xf1, 0x0, 0x0, 0x0,
    0x0, 0x0, 0x0, 0xe, 0xff, 0xf1, 0x0, 0x0,
    0x0, 0x0, 0x0, 0x0, 0xe, 0xff, 0xf1,

    /* U+0072 "r" */
    0x0, 0x0, 0x0, 0x3, 0x67, 0x32, 0xff, 0xfa,
    0x2d, 0xff, 0xff, 0x2f, 0xff, 0xce, 0xff, 0xff,
    0xf2, 0xff, 0xff, 0xff, 0xff, 0xff, 0x2f, 0xff,
    0xff, 0xc5, 0x24, 0x82, 0xff, 0xff, 0xb0, 0x0,
    0x0, 0x2f, 0xff, 0xf2, 0x0, 0x0, 0x2, 0xff,
    0xfd, 0x0, 0x0, 0x0, 0x2f, 0xff, 0xd0, 0x0,
    0x0, 0x2, 0xff, 0xfd, 0x0, 0x0, 0x0, 0x2f,
    0xff, 0xd0, 0x0, 0x0, 0x2, 0xff, 0xfd, 0x0,
    0x0, 0x0, 0x2f, 0xff, 0xd0, 0x0, 0x0, 0x2,
    0xff, 0xfd, 0x0, 0x0, 0x0, 0x2f, 0xff, 0xd0,
    0x0, 0x0, 0x2, 0xff, 0xfd, 0x0, 0x0, 0x0,

    /* U+0073 "s" */
    0x0, 0x0, 0x4, 0x77, 0x74, 0x0, 0x0, 0x0,
    0x0, 0x9f, 0xff, 0xff, 0xff, 0x90, 0x0, 0x0,
    0xcf, 0xff, 0xff, 0xff, 0xff, 0xd1, 0x0, 0x7f,
    0xff, 0xfa, 0x8a, 0xef, 0xff, 0x90, 0xc, 0xff,
    0xf2, 0x0, 0x0, 0x7f, 0x70, 0x0, 0xcf, 0xff,
    0x10, 0x0, 0x0, 0x10, 0x0, 0x7, 0xff, 0xfe,
    0x83, 0x0, 0x0, 0x0, 0x0, 0xc, 0xff, 0xff,
    0xff, 0xb6, 0x10, 0x0, 0x0, 0x7, 0xef, 0xff,
    0xff, 0xff, 0x70, 0x0, 0x0, 0x0, 0x49, 0xdf,
    0xff, 0xff, 0x70, 0x0, 0x0, 0x0, 0x0, 0x18,
    0xff, 0xff, 0x0, 0x7, 0x80, 0x0, 0x0, 0xa,
    0xff, 0xf2, 0x2c, 0xff, 0x90, 0x0, 0x0, 0xcf,
    0xff, 0x11, 0xef, 0xff, 0xfb, 0x9a, 0xef, 0xff,
    0xc0, 0x2, 0xef, 0xff, 0xff, 0xff, 0xff, 0xf3,
    0x0, 0x1, 0x9f, 0xff, 0xff, 0xff, 0xb2, 0x0,
    0x0, 0x0, 0x4, 0x77, 0x75, 0x10, 0x0, 0x0,

    /* U+0074 "t" */
    0x0, 0xe, 0xff, 0xf1, 0x0, 0x0, 0x0, 0xef,
    0xff, 0x10, 0x0, 0x0, 0xe, 0xff, 0xf1, 0x0,
    0x0, 0x0, 0xef, 0xff, 0x10, 0x0, 0x0, 0xe,
    0xff, 0xf1, 0x0, 0x5, 0xff, 0xff, 0xff, 0xff,
    0xfc, 0x5f, 0xff, 0xff, 0xff, 0xff, 0xc5, 0xff,
    0xff, 0xff, 0xff, 0xfc, 0x2, 0x2e, 0xff, 0xf3,
    0x22, 0x10, 0x0, 0xef, 0xff, 0x10, 0x0, 0x0,
    0xe, 0xff, 0xf1, 0x0, 0x0, 0x0, 0xef, 0xff,
    0x10, 0x0, 0x0, 0xe, 0xff, 0xf1, 0x0, 0x0,
    0x0, 0xef, 0xff, 0x10, 0x0, 0x0, 0xe, 0xff,
    0xf1, 0x0, 0x0, 0x0, 0xdf, 0xff, 0x20, 0x0,
    0x0, 0xc, 0xff, 0xf8, 0x0, 0x0, 0x0, 0x9f,
    0xff, 0xfd, 0xdc, 0x0, 0x2, 0xff, 0xff, 0xff,
    0xd0, 0x0, 0x4, 0xef, 0xff, 0xfd, 0x0, 0x0,
    0x0, 0x57, 0x75, 0x10,

    /* U+0075 "u" */
    0x5f, 0xff, 0xa0, 0x0, 0x0, 0xc, 0xff, 0xf3,
    0x5f, 0xff, 0xa0, 0x0, 0x0, 0xc, 0xff, 0xf3,
    0x5f, 0xff, 0xa0, 0x0, 0x0, 0xc, 0xff, 0xf3,
    0x5f, 0xff, 0xa0, 0x0, 0x0, 0xc, 0xff, 0xf3,
    0x5f, 0xff, 0xa0, 0x0, 0x0, 0xc, 0xff, 0xf3,
    0x5f, 0xff, 0xa0, 0x0, 0x0, 0xc, 0xff, 0xf3,
    0x5f, 0xff, 0xa0, 0x0, 0x0, 0xc, 0xff, 0xf3,
    0x5f, 0xff, 0xa0, 0x0, 0x0, 0xc, 0xff, 0xf3,
    0x5f, 0xff, 0xa0, 0x0, 0x0, 0xc, 0xff, 0xf3,
    0x4f, 0xff, 0xb0, 0x0, 0x0, 0xe, 0xff, 0xf3,
    0x4f, 0xff, 0xe0, 0x0, 0x0, 0x4f, 0xff, 0xf3,
    0x1f, 0xff, 0xf8, 0x0, 0x2, 0xef, 0xff, 0xf3,
    0xc, 0xff, 0xff, 0xda, 0xbf, 0xff, 0xff, 0xf3,
    0x3, 0xff, 0xff, 0xff, 0xff, 0xff, 0xff, 0xf3,
    0x0, 0x4d, 0xff, 0xff, 0xfd, 0x38, 0xff, 0xf3,
    0x0, 0x0, 0x46, 0x76, 0x30, 0x0, 0x0, 0x0,

    /* U+0076 "v" */
    0xcf, 0xff, 0x50, 0x0, 0x0, 0x0, 0xbf, 0xff,
    0x45, 0xff, 0xfb, 0x0, 0x0, 0x0, 0x1f, 0xff,
    0xd0, 0xe, 0xff, 0xf1, 0x0, 0x0, 0x7, 0xff,
    0xf6, 0x0, 0x8f, 0xff, 0x70, 0x0, 0x0, 0xdf,
    0xff, 0x0, 0x1, 0xff, 0xfd, 0x0, 0x0, 0x3f,
    0xff, 0x90, 0x0, 0xb, 0xff, 0xf3, 0x0, 0x9,
    0xff, 0xf2, 0x0, 0x0, 0x4f, 0xff, 0x90, 0x0,
    0xff, 0xfc, 0x0, 0x0, 0x0, 0xdf, 0xff, 0x0,
    0x6f, 0xff, 0x50, 0x0, 0x0, 0x7, 0xff, 0xf5,
    0xc, 0xff, 0xe0, 0x0, 0x0, 0x0, 0x1f, 0xff,
    0xb2, 0xff, 0xf7, 0x0, 0x0, 0x0, 0x0, 0xaf,
    0xff, 0x9f, 0xff, 0x10, 0x0, 0x0, 0x0, 0x3,
    0xff, 0xff, 0xff, 0xa0, 0x0, 0x0, 0x0, 0x0,
    0xd, 0xff, 0xff, 0xf3, 0x0, 0x0, 0x0, 0x0,
    0x0, 0x6f, 0xff, 0xfd, 0x0, 0x0, 0x0, 0x0,
    0x0, 0x0, 0xff, 0xff, 0x60, 0x0, 0x0, 0x0,

    /* U+0077 "w" */
    0xbf, 0xff, 0x30, 0x0, 0x0, 0xbf, 0xff, 0x0,
    0x0, 0x0, 0xef, 0xfd, 0x6f, 0xff, 0x80, 0x0,
    0x1, 0xff, 0xff, 0x50, 0x0, 0x3, 0xff, 0xf8,
    0x1f, 0xff, 0xd0, 0x0, 0x5, 0xff, 0xff, 0xa0,
    0x0, 0x8, 0xff, 0xf2, 0xb, 0xff, 0xf1, 0x0,
    0xa, 0xff, 0xff, 0xf0, 0x0, 0xd, 0xff, 0xd0,
    0x6, 0xff, 0xf6, 0x0, 0xf, 0xff, 0xef, 0xf4,
    0x0, 0x1f, 0xff, 0x80, 0x1, 0xff, 0xfa, 0x0,
    0x5f, 0xfa, 0xaf, 0xf9, 0x0, 0x6f, 0xff, 0x30,
    0x0, 0xcf, 0xff, 0x0, 0xaf, 0xf5, 0x5f, 0xfe,
    0x0, 0xbf, 0xfd, 0x0, 0x0, 0x7f, 0xff, 0x40,
    0xff, 0xf0, 0xf, 0xff, 0x30, 0xff, 0xf8, 0x0,
    0x0, 0x1f, 0xff, 0x84, 0xff, 0xb0, 0xa, 0xff,
    0x84, 0xff, 0xf3, 0x0, 0x0, 0xc, 0xff, 0xd9,
    0xff, 0x60, 0x5, 0xff, 0xd9, 0xff, 0xd0, 0x0,
    0x0, 0x7, 0xff, 0xff, 0xff, 0x10, 0x0, 0xff,
    0xff, 0xff, 0x80, 0x0, 0x0, 0x2, 0xff, 0xff,
    0xfc, 0x0, 0x0, 0xbf, 0xff, 0xff, 0x30, 0x0,
    0x0, 0x0, 0xdf, 0xff, 0xf7, 0x0, 0x0, 0x6f,
    0xff, 0xfe, 0x0, 0x0, 0x0, 0x0, 0x7f, 0xff,
    0xf2, 0x0, 0x0, 0x1f, 0xff, 0xf8, 0x0, 0x0,
    0x0, 0x0, 0x2f, 0xff, 0xd0, 0x0, 0x0, 0xb,
    0xff, 0xf3, 0x0, 0x0,

    /* U+0078 "x" */
    0x6f, 0xff, 0xe1, 0x0, 0x0, 0x1e, 0xff, 0xf4,
    0x9, 0xff, 0xfb, 0x0, 0x0, 0xaf, 0xff, 0x70,
    0x0, 0xdf, 0xff, 0x70, 0x6, 0xff, 0xfb, 0x0,
    0x0, 0x2f, 0xff, 0xf3, 0x2f, 0xff, 0xd1, 0x0,
    0x0, 0x5, 0xff, 0xfd, 0xdf, 0xff, 0x30, 0x0,
    0x0, 0x0, 0x9f, 0xff, 0xff, 0xf6, 0x0, 0x0,
    0x0, 0x0, 0xd, 0xff, 0xff, 0x90, 0x0, 0x0,
    0x0, 0x0, 0xb, 0xff, 0xff, 0x70, 0x0, 0x0,
    0x0, 0x0, 0x6f, 0xff, 0xff, 0xf2, 0x0, 0x0,
    0x0, 0x2, 0xff, 0xfe, 0xff, 0xfc, 0x0, 0x0,
    0x0, 0xc, 0xff, 0xf3, 0xaf, 0xff, 0x80, 0x0,
    0x0, 0x7f, 0xff, 0x80, 0x1f, 0xff, 0xf3, 0x0,
    0x3, 0xff, 0xfd, 0x0, 0x6, 0xff, 0xfd, 0x0,
    0xd, 0xff, 0xf3, 0x0, 0x0, 0xcf, 0xff, 0x90,
    0x9f, 0xff, 0x90, 0x0, 0x0, 0x2f, 0xff, 0xf4,

    /* U+0079 "y" */
    0xbf, 0xff, 0x60, 0x0, 0x0, 0x0, 0xef, 0xff,
    0x24, 0xff, 0xfc, 0x0, 0x0, 0x0, 0x4f, 0xff,
    0xb0, 0xd, 0xff, 0xf3, 0x0, 0x0, 0xa, 0xff,
    0xf4, 0x0, 0x6f, 0xff, 0x90, 0x0, 0x1, 0xff,
    0xfd, 0x0, 0x0, 0xef, 0xff, 0x10, 0x0, 0x7f,
    0xff, 0x60, 0x0, 0x8, 0xff, 0xf7, 0x0, 0xd,
    0xff, 0xf0, 0x0, 0x0, 0x1f, 0xff, 0xd0, 0x3,
    0xff, 0xf9, 0x0, 0x0, 0x0, 0xaf, 0xff, 0x40,
    0xaf, 0xff, 0x20, 0x0, 0x0, 0x3, 0xff, 0xfa,
    0xf, 0xff, 0xb0, 0x0, 0x0, 0x0, 0xc, 0xff,
    0xf6, 0xff, 0xf4, 0x0, 0x0, 0x0, 0x0, 0x5f,
    0xff, 0xff, 0xfd, 0x0, 0x0, 0x0, 0x0, 0x0,
    0xef, 0xff, 0xff, 0x70, 0x0, 0x0, 0x0, 0x0,
    0x7, 0xff, 0xff, 0xf1, 0x0, 0x0, 0x0, 0x0,
    0x0, 0x1f, 0xff, 0xf9, 0x0, 0x0, 0x0, 0x0,
    0x0, 0x0, 0xcf, 0xff, 0x20, 0x0, 0x0, 0x0,
    0x0, 0x0, 0x2f, 0xff, 0xb0, 0x0, 0x0, 0x0,
    0x0, 0x0, 0xa, 0xff, 0xf5, 0x0, 0x0, 0x0,
    0x0, 0x0, 0x1, 0xff, 0xfe, 0x0, 0x0, 0x0,
    0x0, 0x0, 0x0, 0x8f, 0xff, 0x70, 0x0, 0x0,
    0x0, 0x0, 0x0, 0x1f, 0xff, 0xf1, 0x0, 0x0,
    0x0, 0x0, 0x0, 0x7, 0xff, 0xf9, 0x0, 0x0,
    0x0, 0x0, 0x0, 0x0, 0xef, 0xff, 0x30, 0x0,
    0x0, 0x0, 0x0,

    /* U+007A "z" */
    0xc, 0xff, 0xff, 0xff, 0xff, 0xff, 0xfb, 0xc,
    0xff, 0xff, 0xff, 0xff, 0xff, 0xfb, 0xc, 0xff,
    0xff, 0xff, 0xff, 0xff, 0xfb, 0x1, 0x22, 0x22,
    0x22, 0x5f, 0xff, 0xf5, 0x0, 0x0, 0x0, 0x2,
    0xef, 0xff, 0x60, 0x0, 0x0, 0x0, 0x1d, 0xff,
    0xf7, 0x0, 0x0, 0x0, 0x1, 0xdf, 0xff, 0x80,
    0x0, 0x0, 0x0, 0xc, 0xff, 0xf9, 0x0, 0x0,
    0x0, 0x0, 0xbf, 0xff, 0xa0, 0x0, 0x0, 0x0,
    0xb, 0xff, 0xfb, 0x0, 0x0, 0x0, 0x0, 0xaf,
    0xff, 0xb0, 0x0, 0x0, 0x0, 0x9, 0xff, 0xfd,
    0x32, 0x22, 0x22, 0x22, 0xf, 0xff, 0xff, 0xff,
    0xff, 0xff, 0xfe, 0xf, 0xff, 0xff, 0xff, 0xff,
    0xff, 0xfe, 0xf, 0xff, 0xff, 0xff, 0xff, 0xff,
    0xfe,

    /* U+007B "{" */
    0x0, 0x0, 0x7, 0xce, 0xf3, 0x0, 0x0, 0xcf,
    0xff, 0xf3, 0x0, 0x8, 0xff, 0xff, 0xf3, 0x0,
    0xe, 0xff, 0xf6, 0x10, 0x0, 0x1f, 0xff, 0xa0,
    0x0, 0x0, 0x2f, 0xff, 0x60, 0x0, 0x0, 0x3f,
    0xff, 0x60, 0x0, 0x0, 0x3f, 0xff, 0x60, 0x0,
    0x0, 0x3f, 0xff, 0x60, 0x0, 0x0, 0x3f, 0xff,
    0x60, 0x0, 0x0, 0x3f, 0xff, 0x50, 0x0, 0x0,
    0x5f, 0xff, 0x40, 0x0, 0x15, 0xdf, 0xff, 0x10,
    0x0, 0x7f, 0xff, 0xf6, 0x0, 0x0, 0x7f, 0xff,
    0x70, 0x0, 0x0, 0x7f, 0xff, 0xf9, 0x0, 0x0,
    0x2, 0xbf, 0xff, 0x20, 0x0, 0x0, 0x4f, 0xff,
    0x50, 0x0, 0x0, 0x3f, 0xff, 0x60, 0x0, 0x0,
    0x3f, 0xff, 0x60, 0x0, 0x0, 0x3f, 0xff, 0x60,
    0x0, 0x0, 0x3f, 0xff, 0x60, 0x0, 0x0, 0x2f,
    0xff, 0x60, 0x0, 0x0, 0x2f, 0xff, 0x80, 0x0,
    0x0, 0xf, 0xff, 0xf5, 0x10, 0x0, 0xb, 0xff,
    0xff, 0xf3, 0x0, 0x2, 0xef, 0xff, 0xf3, 0x0,
    0x0, 0x18, 0xce, 0xf3,

    /* U+007C "|" */
    0x13, 0x33, 0x8, 0xff, 0xf2, 0x8f, 0xff, 0x28,
    0xff, 0xf2, 0x8f, 0xff, 0x28, 0xff, 0xf2, 0x8f,
    0xff, 0x28, 0xff, 0xf2, 0x8f, 0xff, 0x28, 0xff,
    0xf2, 0x8f, 0xff, 0x28, 0xff, 0xf2, 0x8f, 0xff,
    0x28, 0xff, 0xf2, 0x8f, 0xff, 0x28, 0xff, 0xf2,
    0x8f, 0xff, 0x28, 0xff, 0xf2, 0x8f, 0xff, 0x28,
    0xff, 0xf2, 0x8f, 0xff, 0x28, 0xff, 0xf2, 0x8f,
    0xff, 0x28, 0xff, 0xf2, 0x8f, 0xff, 0x28, 0xff,
    0xf2, 0x8f, 0xff, 0x28, 0xff, 0xf2, 0x8f, 0xff,
    0x28, 0xff, 0xf2, 0x8f, 0xff, 0x20,

    /* U+007D "}" */
    0x3f, 0xec, 0x80, 0x0, 0x0, 0x3f, 0xff, 0xfd,
    0x10, 0x0, 0x3f, 0xff, 0xff, 0xa0, 0x0, 0x1,
    0x5f, 0xff, 0xf0, 0x0, 0x0, 0x9, 0xff, 0xf2,
    0x0, 0x0, 0x6, 0xff, 0xf3, 0x0, 0x0, 0x5,
    0xff, 0xf3, 0x0, 0x0, 0x5, 0xff, 0xf3, 0x0,
    0x0, 0x5, 0xff, 0xf3, 0x0, 0x0, 0x5, 0xff,
    0xf3, 0x0, 0x0, 0x5, 0xff, 0xf3, 0x0, 0x0,
    0x4, 0xff, 0xf6, 0x0, 0x0, 0x1, 0xff, 0xfd,
    0x51, 0x0, 0x0, 0x6f, 0xff, 0xf7, 0x0, 0x0,
    0x6, 0xff, 0xf7, 0x0, 0x0, 0x9f, 0xff, 0xf7,
    0x0, 0x2, 0xff, 0xfc, 0x20, 0x0, 0x5, 0xff,
    0xf5, 0x0, 0x0, 0x5, 0xff, 0xf3, 0x0, 0x0,
    0x5, 0xff, 0xf3, 0x0, 0x0, 0x5, 0xff, 0xf3,
    0x0, 0x0, 0x5, 0xff, 0xf3, 0x0, 0x0, 0x6,
    0xff, 0xf3, 0x0, 0x0, 0x9, 0xff, 0xf2, 0x0,
    0x1, 0x6f, 0xff, 0xf0, 0x0, 0x3f, 0xff, 0xff,
    0xa0, 0x0, 0x3f, 0xff, 0xfd, 0x10, 0x0, 0x3f,
    0xec, 0x81, 0x0, 0x0,

    /* U+007E "~" */
    0x0, 0x7d, 0xfe, 0xb5, 0x0, 0x1, 0x99, 0x91,
    0xa, 0xff, 0xff, 0xff, 0xe8, 0x5a, 0xff, 0xf0,
    0x3f, 0xff, 0xff, 0xff, 0xff, 0xff, 0xff, 0xb0,
    0x8f, 0xfe, 0x57, 0xcf, 0xff, 0xff, 0xfe, 0x20,
    0x69, 0x96, 0x0, 0x2, 0x8d, 0xfe, 0xa2, 0x0,

    /* U+00B0 "°" */
    0x0, 0x0, 0x34, 0x10, 0x0, 0x0, 0x7f, 0xff,
    0xfa, 0x0, 0x7, 0xff, 0xff, 0xff, 0xb0, 0xf,
    0xfc, 0x21, 0x9f, 0xf4, 0x2f, 0xf4, 0x0, 0xf,
    0xf7, 0x2f, 0xf5, 0x0, 0x1f, 0xf7, 0xd, 0xfe,
    0x65, 0xdf, 0xf2, 0x3, 0xff, 0xff, 0xff, 0x70,
    0x0, 0x2b, 0xff, 0xc5, 0x0,

    /* U+00B1 "±" */
    0x0, 0x0, 0x0, 0xdf, 0xf8, 0x0, 0x0, 0x0,
    0x0, 0x0, 0xd, 0xff, 0x80, 0x0, 0x0, 0x0,
    0x0, 0x0, 0xdf, 0xf8, 0x0, 0x0, 0x0, 0x0,
    0x0, 0xd, 0xff, 0x80, 0x0, 0x0, 0x4, 0x44,
    0x44, 0xef, 0xfa, 0x44, 0x44, 0x30, 0xff, 0xff,
    0xff, 0xff, 0xff, 0xff, 0xfc, 0xf, 0xff, 0xff,
    0xff, 0xff, 0xff, 0xff, 0xc0, 0xff, 0xff, 0xff,
    0xff, 0xff, 0xff, 0xfc, 0x0, 0x0, 0x0, 0xdf,
    0xf8, 0x0, 0x0, 0x0, 0x0, 0x0, 0xd, 0xff,
    0x80, 0x0, 0x0, 0x0, 0x0, 0x0, 0xdf, 0xf8,
    0x0, 0x0, 0x0, 0x0, 0x0, 0xd, 0xff, 0x80,
    0x0, 0x0, 0x0, 0x0, 0x0, 0xce, 0xe8, 0x0,
    0x0, 0x0, 0x33, 0x33, 0x33, 0x33, 0x33, 0x33,
    0x32, 0xf, 0xff, 0xff, 0xff, 0xff, 0xff, 0xff,
    0xc0, 0xff, 0xff, 0xff, 0xff, 0xff, 0xff, 0xfc,
    0xf, 0xff, 0xff, 0xff, 0xff, 0xff, 0xff, 0xc0,

    /* U+00B5 "µ" */
    0x2f, 0xff, 0xd0, 0x0, 0x0, 0x8, 0xff, 0xf7,
    0x0, 0x2, 0xff, 0xfd, 0x0, 0x0, 0x0, 0x8f,
    0xff, 0x70, 0x0, 0x2f, 0xff, 0xd0, 0x0, 0x0,
    0x8, 0xff, 0xf7, 0x0, 0x2, 0xff, 0xfd, 0x0,
    0x0, 0x0, 0x8f, 0xff, 0x70, 0x0, 0x2f, 0xff,
    0xd0, 0x0, 0x0, 0x8, 0xff, 0xf7, 0x0, 0x2,
    0xff, 0xfd, 0x0, 0x0, 0x0, 0x8f, 0xff, 0x70,
    0x0, 0x2f, 0xff, 0xd0, 0x0, 0x0, 0x8, 0xff,
    0xf7, 0x0, 0x2, 0xff, 0xfd, 0x0, 0x0, 0x0,
    0x8f, 0xff, 0x70, 0x0, 0x2f, 0xff, 0xd0, 0x0,
    0x0, 0x8, 0xff, 0xf7, 0x0, 0x2, 0xff, 0xfd,
    0x0, 0x0, 0x0, 0xaf, 0xff, 0x70, 0x0, 0x2f,
    0xff, 0xf2, 0x0, 0x0, 0x1e, 0xff, 0xf7, 0x0,
    0x2, 0xff, 0xff, 0xc1, 0x0, 0x2c, 0xff, 0xff,
    0xb0, 0x0, 0x2f, 0xff, 0xff, 0xfd, 0xef, 0xff,
    0xff, 0xff, 0xed, 0x92, 0xff, 0xfe, 0xff, 0xff,
    0xff, 0x9d, 0xff, 0xff, 0xf9, 0x2f, 0xff, 0xc6,
    0xff, 0xff, 0xa0, 0x3e, 0xff, 0xff, 0x92, 0xff,
    0xfc, 0x2, 0x77, 0x30, 0x0, 0x15, 0x77, 0x51,
    0x2f, 0xff, 0xc0, 0x0, 0x0, 0x0, 0x0, 0x0,
    0x0, 0x2, 0xff, 0xfc, 0x0, 0x0, 0x0, 0x0,
    0x0, 0x0, 0x0, 0x2f, 0xff, 0xc0, 0x0, 0x0,
    0x0, 0x0, 0x0, 0x0, 0x2, 0xff, 0xfc, 0x0,
    0x0, 0x0, 0x0, 0x0, 0x0, 0x0, 0x2f, 0xff,
    0xc0, 0x0, 0x0, 0x0, 0x0, 0x0, 0x0, 0x2,
    0xff, 0xfc, 0x0, 0x0, 0x0, 0x0, 0x0, 0x0,
    0x0,

    /* U+00B7 "·" */
    0x0, 0x0, 0x0, 0x9, 0xff, 0x90, 0x5f, 0xff,
    0xf5, 0x8f, 0xff, 0xf8, 0x4f, 0xff, 0xf4, 0x7,
    0xee, 0x70,

    /* U+00D7 "×" */
    0x0, 0x4, 0x0, 0x0, 0x0, 0x0, 0x40, 0x0,
    0xb, 0xf6, 0x0, 0x0, 0x0, 0xbf, 0x60, 0xb,
    0xff, 0xf7, 0x0, 0x0, 0xbf, 0xff, 0x60, 0x6f,
    0xff, 0xf7, 0x0, 0xbf, 0xff, 0xe2, 0x0, 0x6f,
    0xff, 0xf8, 0xcf, 0xff, 0xe2, 0x0, 0x0, 0x6f,
    0xff, 0xff, 0xff, 0xe2, 0x0, 0x0, 0x0, 0x6f,
    0xff, 0xff, 0xe2, 0x0, 0x0, 0x0, 0x0, 0xdf,
    0xff, 0xf9, 0x0, 0x0, 0x0, 0x0, 0xcf, 0xff,
    0xff, 0xf8, 0x0, 0x0, 0x0, 0xcf, 0xff, 0xef,
    0xff, 0xf8, 0x0, 0x1, 0xcf, 0xff, 0xe2, 0x5f,
    0xff, 0xf8, 0x0, 0xcf, 0xff, 0xe2, 0x0, 0x5f,
    0xff, 0xf7, 0x5, 0xff, 0xd1, 0x0, 0x0, 0x4f,
    0xfd, 0x10, 0x4, 0xd1, 0x0, 0x0, 0x0, 0x4d,
    0x10, 0x0, 0x0, 0x0, 0x0, 0x0, 0x0, 0x0,
    0x0,

    /* U+2013 "–" */
    0x46, 0x66, 0x66, 0x66, 0x66, 0x66, 0x66, 0x2c,
    0xff, 0xff, 0xff, 0xff, 0xff, 0xff, 0xf6, 0xcf,
    0xff, 0xff, 0xff, 0xff, 0xff, 0xff, 0x6c, 0xff,
    0xff, 0xff, 0xff, 0xff, 0xff, 0xf6,

    /* U+2014 "—" */
    0x46, 0x66, 0x66, 0x66, 0x66, 0x66, 0x66, 0x66,
    0x66, 0x66, 0x66, 0x66, 0x2c, 0xff, 0xff, 0xff,
    0xff, 0xff, 0xff, 0xff, 0xff, 0xff, 0xff, 0xff,
    0xf5, 0xcf, 0xff, 0xff, 0xff, 0xff, 0xff, 0xff,
    0xff, 0xff, 0xff, 0xff, 0xff, 0x5c, 0xff, 0xff,
    0xff, 0xff, 0xff, 0xff, 0xff, 0xff, 0xff, 0xff,
    0xff, 0xf5,

    /* U+2026 "…" */
    0x6, 0xcb, 0x30, 0x0, 0x19, 0xd9, 0x0, 0x0,
    0x4c, 0xc5, 0x4, 0xff, 0xff, 0x10, 0xa, 0xff,
    0xfa, 0x0, 0x2f, 0xff, 0xf3, 0x8f, 0xff, 0xf4,
    0x0, 0xef, 0xff, 0xe0, 0x5, 0xff, 0xff, 0x75,
    0xff, 0xff, 0x10, 0xb, 0xff, 0xfb, 0x0, 0x2f,
    0xff, 0xf4, 0x8, 0xee, 0x50, 0x0, 0x2b, 0xfb,
    0x10, 0x0, 0x6e, 0xe7, 0x0,

    /* U+2190 "←" */
    0x0, 0x0, 0x0, 0x3, 0x10, 0x0, 0x0, 0x0,
    0x0, 0x0, 0x0, 0x2e, 0xd1, 0x0, 0x0, 0x0,
    0x0, 0x0, 0x2, 0xef, 0xf3, 0x0, 0x0, 0x0,
    0x0, 0x0, 0x1d, 0xff, 0x40, 0x0, 0x0, 0x0,
    0x0, 0x0, 0xcf, 0xf5, 0x0, 0x0, 0x0, 0x0,
    0x0, 0xb, 0xff, 0x50, 0x0, 0x0, 0x0, 0x0,
    0x0, 0xaf, 0xf6, 0x0, 0x0, 0x0, 0x0, 0x0,
    0x9, 0xff, 0xc6, 0x67, 0x88, 0x88, 0x88, 0x87,
    0x7f, 0xff, 0xff, 0xff, 0xff, 0xff, 0xff, 0xff,
    0x2e, 0xff, 0xfe, 0xff, 0xff, 0xff, 0xff, 0xff,
    0x3, 0xff, 0xc0, 0x0, 0x1, 0x11, 0x11, 0x10,
    0x0, 0x4f, 0xfc, 0x0, 0x0, 0x0, 0x0, 0x0,
    0x0, 0x5, 0xff, 0xc0, 0x0, 0x0, 0x0, 0x0,
    0x0, 0x0, 0x6f, 0xfb, 0x0, 0x0, 0x0, 0x0,
    0x0, 0x0, 0x8, 0xff, 0xb0, 0x0, 0x0, 0x0,
    0x0, 0x0, 0x0, 0x9f, 0xf5, 0x0, 0x0, 0x0,
    0x0, 0x0, 0x0, 0xa, 0x70, 0x0, 0x0, 0x0,
    0x0, 0x0, 0x0, 0x0, 0x0, 0x0, 0x0, 0x0,

    /* U+2191 "↑" */
    0x0, 0x0, 0x0, 0x0, 0x0, 0x0, 0x0, 0x0,
    0x0, 0x0, 0x0, 0x0, 0x0, 0xbb, 0x0, 0x0,
    0x0, 0x0, 0x0, 0x0, 0x0, 0x1c, 0xff, 0xc1,
    0x0, 0x0, 0x0, 0x0, 0x0, 0x1, 0xdf, 0xff,
    0xfd, 0x10, 0x0, 0x0, 0x0, 0x0, 0x2e, 0xff,
    0xff, 0xff, 0xe2, 0x0, 0x0, 0x0, 0x3, 0xef,
    0xf6, 0xff, 0x6f, 0xfe, 0x30, 0x0, 0x0, 0x4f,
    0xfe, 0x33, 0xff, 0x33, 0xef, 0xf4, 0x0, 0x5,
    0xff, 0xe2, 0x4, 0xff, 0x30, 0x3e, 0xff, 0x50,
    0xd, 0xfe, 0x20, 0x4, 0xff, 0x40, 0x2, 0xef,
    0xd0, 0x2, 0xc2, 0x0, 0x5, 0xff, 0x50, 0x0,
    0x2c, 0x20, 0x0, 0x0, 0x0, 0x5, 0xff, 0x50,
    0x0, 0x0, 0x0, 0x0, 0x0, 0x0, 0x5, 0xff,
    0x50, 0x0, 0x0, 0x0, 0x0, 0x0, 0x0, 0x5,
    0xff, 0x50, 0x0, 0x0, 0x0, 0x0, 0x0, 0x0,
    0x5, 0xff, 0x50, 0x0, 0x0, 0x0, 0x0, 0x0,
    0x0, 0x5, 0xff, 0x50, 0x0, 0x0, 0x0, 0x0,
    0x0, 0x0, 0x5, 0xff, 0x50, 0x0, 0x0, 0x0,
    0x0, 0x0, 0x0, 0x5, 0xff, 0x50, 0x0, 0x0,
    0x0, 0x0, 0x0, 0x0, 0x5, 0xff, 0x50, 0x0,
    0x0, 0x0, 0x0, 0x0, 0x0, 0x4, 0xdd, 0x40,
    0x0, 0x0, 0x0,

    /* U+2192 "→" */
    0x0, 0x0, 0x0, 0x0, 0x40, 0x0, 0x0, 0x0,
    0x0, 0x0, 0x0, 0x0, 0x9f, 0x70, 0x0, 0x0,
    0x0, 0x0, 0x0, 0x0, 0xd, 0xff, 0x60, 0x0,
    0x0, 0x0, 0x0, 0x0, 0x0, 0x1d, 0xff, 0x40,
    0x0, 0x0, 0x0, 0x0, 0x0, 0x0, 0x1d, 0xff,
    0x30, 0x0, 0x0, 0x0, 0x0, 0x0, 0x0, 0x1e,
    0xfe, 0x20, 0x0, 0x0, 0x0, 0x0, 0x0, 0x0,
    0x2e, 0xfe, 0x20, 0x4, 0x88, 0x88, 0x88, 0x87,
    0x76, 0x8f, 0xfe, 0x10, 0x9f, 0xff, 0xff, 0xff,
    0xff, 0xff, 0xff, 0xfc, 0x9, 0xff, 0xff, 0xff,
    0xff, 0xff, 0xef, 0xff, 0x60, 0x1, 0x11, 0x11,
    0x10, 0x0, 0x8, 0xff, 0x80, 0x0, 0x0, 0x0,
    0x0, 0x0, 0x7, 0xff, 0x90, 0x0, 0x0, 0x0,
    0x0, 0x0, 0x7, 0xff, 0xa0, 0x0, 0x0, 0x0,
    0x0, 0x0, 0x6, 0xff, 0xb0, 0x0, 0x0, 0x0,
    0x0, 0x0, 0x6, 0xff, 0xc0, 0x0, 0x0, 0x0,
    0x0, 0x0, 0x0, 0xef, 0xd1, 0x0, 0x0, 0x0,
    0x0, 0x0, 0x0, 0x2, 0xd2, 0x0, 0x0, 0x0,
    0x0, 0x0, 0x0, 0x0, 0x0, 0x0, 0x0, 0x0,
    0x0,

    /* U+2193 "↓" */
    0x0, 0x0, 0x0, 0x1, 0x44, 0x10, 0x0, 0x0,
    0x0, 0x0, 0x0, 0x0, 0x5, 0xff, 0x50, 0x0,
    0x0, 0x0, 0x0, 0x0, 0x0, 0x5, 0xff, 0x50,
    0x0, 0x0, 0x0, 0x0, 0x0, 0x0, 0x5, 0xff,
    0x50, 0x0, 0x0, 0x0, 0x0, 0x0, 0x0, 0x5,
    0xff, 0x50, 0x0, 0x0, 0x0, 0x0, 0x0, 0x0,
    0x5, 0xff, 0x50, 0x0, 0x0, 0x0, 0x0, 0x0,
    0x0, 0x5, 0xff, 0x50, 0x0, 0x0, 0x0, 0x0,
    0x0, 0x0, 0x5, 0xff, 0x50, 0x0, 0x0, 0x0,
    0x0, 0x0, 0x0, 0x5, 0xff, 0x50, 0x0, 0x0,
    0x0, 0x0, 0x30, 0x0, 0x5, 0xff, 0x50, 0x0,
    0x3, 0x0, 0x7, 0xf7, 0x0, 0x5, 0xff, 0x50,
    0x0, 0x7f, 0x60, 0xd, 0xff, 0x70, 0x4, 0xff,
    0x40, 0x7, 0xff, 0xd0, 0x1, 0xcf, 0xf8, 0x3,
    0xff, 0x30, 0x8f, 0xfc, 0x10, 0x0, 0xb, 0xff,
    0x92, 0xff, 0x29, 0xff, 0xb0, 0x0, 0x0, 0x0,
    0xaf, 0xfb, 0xff, 0xbf, 0xfa, 0x0, 0x0, 0x0,
    0x0, 0x9, 0xff, 0xff, 0xff, 0x90, 0x0, 0x0,
    0x0, 0x0, 0x0, 0x7f, 0xff, 0xf7, 0x0, 0x0,
    0x0, 0x0, 0x0, 0x0, 0x6, 0xff, 0x60, 0x0,
    0x0, 0x0, 0x0, 0x0, 0x0, 0x0, 0x55, 0x0,
    0x0, 0x0, 0x0,

    /* U+25A0 "■" */
    0xef, 0xff, 0xff, 0xff, 0xff, 0xff, 0xfe, 0xff,
    0xff, 0xff, 0xff, 0xff, 0xff, 0xff, 0xff, 0xff,
    0xff, 0xff, 0xff, 0xff, 0xff, 0xff, 0xff, 0xff,
    0xff, 0xff, 0xff, 0xff, 0xff, 0xff, 0xff, 0xff,
    0xff, 0xff, 0xff, 0xff, 0xff, 0xff, 0xff, 0xff,
    0xff, 0xff, 0xff, 0xff, 0xff, 0xff, 0xff, 0xff,
    0xff, 0xff, 0xff, 0xff, 0xff, 0xff, 0xff, 0xff,
    0xff, 0xff, 0xff, 0xff, 0xff, 0xff, 0xff, 0xff,
    0xff, 0xff, 0xff, 0xff, 0xff, 0xff, 0xff, 0xff,
    0xff, 0xff, 0xff, 0xff, 0xff, 0xff, 0xff, 0xff,
    0xff, 0xff, 0xff, 0xff, 0xff, 0xff, 0xff, 0xff,
    0xff, 0xff, 0xff, 0xff, 0xff, 0xff, 0xff, 0xff,
    0xff, 0xff, 0x0, 0x0, 0x0, 0x0, 0x0, 0x0,
    0x0,

    /* U+25B2 "▲" */
    0x0, 0x0, 0x0, 0x0, 0x0, 0x0, 0x0, 0x0,
    0x0, 0x0, 0x0, 0x6, 0x60, 0x0, 0x0, 0x0,
    0x0, 0x0, 0x0, 0xd, 0xd0, 0x0, 0x0, 0x0,
    0x0, 0x0, 0x0, 0x5f, 0xf5, 0x0, 0x0, 0x0,
    0x0, 0x0, 0x0, 0xcf, 0xfc, 0x0, 0x0, 0x0,
    0x0, 0x0, 0x3, 0xff, 0xff, 0x30, 0x0, 0x0,
    0x0, 0x0, 0xb, 0xff, 0xff, 0xb0, 0x0, 0x0,
    0x0, 0x0, 0x2f, 0xff, 0xff, 0xf2, 0x0, 0x0,
    0x0, 0x0, 0xaf, 0xff, 0xff, 0xfa, 0x0, 0x0,
    0x0, 0x1, 0xff, 0xff, 0xff, 0xff, 0x10, 0x0,
    0x0, 0x9, 0xff, 0xff, 0xff, 0xff, 0x90, 0x0,
    0x0, 0x1f, 0xff, 0xff, 0xff, 0xff, 0xf1, 0x0,
    0x0, 0x7f, 0xff, 0xff, 0xff, 0xff, 0xf7, 0x0,
    0x0, 0xef, 0xff, 0xff, 0xff, 0xff, 0xfe, 0x0,
    0x6, 0xff, 0xff, 0xff, 0xff, 0xff, 0xff, 0x60,
    0xd, 0xff, 0xff, 0xff, 0xff, 0xff, 0xff, 0xd0,
    0x5f, 0xff, 0xff, 0xff, 0xff, 0xff, 0xff, 0xf5,
    0x12, 0x22, 0x22, 0x22, 0x22, 0x22, 0x22, 0x21,

    /* U+25C6 "◆" */
    0x0, 0x0, 0x0, 0x2, 0x20, 0x0, 0x0, 0x0,
    0x0, 0x0, 0x0, 0x2e, 0xe2, 0x0, 0x0, 0x0,
    0x0, 0x0, 0x2, 0xef, 0xfe, 0x20, 0x0, 0x0,
    0x0, 0x0, 0x2e, 0xff, 0xff, 0xe2, 0x0, 0x0,
    0x0, 0x2, 0xef, 0xff, 0xff, 0xfe, 0x20, 0x0,
    0x0, 0x2e, 0xff, 0xff, 0xff, 0xff, 0xe2, 0x0,
    0x2, 0xef, 0xff, 0xff, 0xff, 0xff, 0xfe, 0x20,
    0x2e, 0xff, 0xff, 0xff, 0xff, 0xff, 0xff, 0xe2,
    0x7f, 0xff, 0xff, 0xff, 0xff, 0xff, 0xff, 0xf7,
    0x9, 0xff, 0xff, 0xff, 0xff, 0xff, 0xff, 0x80,
    0x0, 0x9f, 0xff, 0xff, 0xff, 0xff, 0xf8, 0x0,
    0x0, 0x9, 0xff, 0xff, 0xff, 0xff, 0x80, 0x0,
    0x0, 0x0, 0x9f, 0xff, 0xff, 0xf8, 0x0, 0x0,
    0x0, 0x0, 0x9, 0xff, 0xff, 0x80, 0x0, 0x0,
    0x0, 0x0, 0x0, 0x9f, 0xf8, 0x0, 0x0, 0x0,
    0x0, 0x0, 0x0, 0x9, 0x80, 0x0, 0x0, 0x0,
    0x0, 0x0, 0x0, 0x0, 0x0, 0x0, 0x0, 0x0,

    /* U+25CB "○" */
    0x0, 0x0, 0x0, 0x0, 0x0, 0x0, 0x0, 0x0,
    0x0, 0x0, 0x0, 0x4, 0xae, 0xff, 0xfc, 0x70,
    0x0, 0x0, 0x0, 0x0, 0xaf, 0xff, 0xdc, 0xef,
    0xfe, 0x40, 0x0, 0x0, 0x1d, 0xfd, 0x50, 0x0,
    0x2, 0x9f, 0xf5, 0x0, 0x0, 0xbf, 0xb0, 0x0,
    0x0, 0x0, 0x5, 0xff, 0x20, 0x5, 0xfd, 0x0,
    0x0, 0x0, 0x0, 0x0, 0x7f, 0xc0, 0xc, 0xf4,
    0x0, 0x0, 0x0, 0x0, 0x0, 0xd, 0xf3, 0xf,
    0xe0, 0x0, 0x0, 0x0, 0x0, 0x0, 0x7, 0xf7,
    0x3f, 0xc0, 0x0, 0x0, 0x0, 0x0, 0x0, 0x5,
    0xf9, 0x3f, 0xb0, 0x0, 0x0, 0x0, 0x0, 0x0,
    0x4, 0xfa, 0x2f, 0xc0, 0x0, 0x0, 0x0, 0x0,
    0x0, 0x6, 0xf9, 0xf, 0xf1, 0x0, 0x0, 0x0,
    0x0, 0x0, 0x9, 0xf6, 0xa, 0xf7, 0x0, 0x0,
    0x0, 0x0, 0x0, 0x1f, 0xf1, 0x2, 0xff, 0x30,
    0x0, 0x0, 0x0, 0x0, 0xbf, 0x90, 0x0, 0x6f,
    0xe4, 0x0, 0x0, 0x0, 0x1b, 0xfd, 0x0, 0x0,
    0x8, 0xff, 0xb5, 0x32, 0x48, 0xef, 0xd2, 0x0,
    0x0, 0x0, 0x4e, 0xff, 0xff, 0xff, 0xf9, 0x0,
    0x0, 0x0, 0x0, 0x0, 0x48, 0xaa, 0x96, 0x10,
    0x0, 0x0,

    /* U+25CF "●" */
    0x0, 0x0, 0x0, 0x0, 0x0, 0x0, 0x0, 0x0,
    0x0, 0x0, 0x28, 0xdf, 0xfd, 0x82, 0x0, 0x0,
    0x0, 0x7, 0xff, 0xff, 0xff, 0xff, 0x70, 0x0,
    0x0, 0x8f, 0xff, 0xff, 0xff, 0xff, 0xf7, 0x0,
    0x3, 0xff, 0xff, 0xff, 0xff, 0xff, 0xff, 0x30,
    0xb, 0xff, 0xff, 0xff, 0xff, 0xff, 0xff, 0xa0,
    0xf, 0xff, 0xff, 0xff, 0xff, 0xff, 0xff, 0xf0,
    0x2f, 0xff, 0xff, 0xff, 0xff, 0xff, 0xff, 0xf2,
    0x3f, 0xff, 0xff, 0xff, 0xff, 0xff, 0xff, 0xf3,
    0x1f, 0xff, 0xff, 0xff, 0xff, 0xff, 0xff, 0xf1,
    0xe, 0xff, 0xff, 0xff, 0xff, 0xff, 0xff, 0xd0,
    0x7, 0xff, 0xff, 0xff, 0xff, 0xff, 0xff, 0x70,
    0x0, 0xdf, 0xff, 0xff, 0xff, 0xff, 0xfd, 0x0,
    0x0, 0x2e, 0xff, 0xff, 0xff, 0xff, 0xe2, 0x0,
    0x0, 0x1, 0xaf, 0xff, 0xff, 0xfa, 0x10, 0x0,
    0x0, 0x0, 0x1, 0x57, 0x75, 0x10, 0x0, 0x0
};


/*---------------------
 *  GLYPH DESCRIPTION
 *--------------------*/

static const lv_font_fmt_txt_glyph_dsc_t glyph_dsc[] = {
    {.bitmap_index = 0, .adv_w = 0, .box_w = 0, .box_h = 0, .ofs_x = 0, .ofs_y = 0} /* id = 0 reserved */,
    {.bitmap_index = 0, .adv_w = 158, .box_w = 0, .box_h = 0, .ofs_x = 0, .ofs_y = 0},
    {.bitmap_index = 0, .adv_w = 168, .box_w = 6, .box_h = 23, .ofs_x = 2, .ofs_y = -1},
    {.bitmap_index = 69, .adv_w = 189, .box_w = 10, .box_h = 9, .ofs_x = 1, .ofs_y = 13},
    {.bitmap_index = 114, .adv_w = 315, .box_w = 20, .box_h = 22, .ofs_x = 0, .ofs_y = 0},
    {.bitmap_index = 334, .adv_w = 315, .box_w = 16, .box_h = 27, .ofs_x = 2, .ofs_y = -3},
    {.bitmap_index = 550, .adv_w = 315, .box_w = 20, .box_h = 24, .ofs_x = 0, .ofs_y = -1},
    {.bitmap_index = 790, .adv_w = 325, .box_w = 20, .box_h = 24, .ofs_x = 1, .ofs_y = -1},
    {.bitmap_index = 1030, .adv_w = 111, .box_w = 5, .box_h = 9, .ofs_x = 1, .ofs_y = 13},
    {.bitmap_index = 1053, .adv_w = 170, .box_w = 9, .box_h = 30, .ofs_x = 1, .ofs_y = -5},
    {.bitmap_index = 1188, .adv_w = 170, .box_w = 10, .box_h = 30, .ofs_x = 0, .ofs_y = -5},
    {.bitmap_index = 1338, .adv_w = 218, .box_w = 13, .box_h = 12, .ofs_x = 0, .ofs_y = 10},
    {.bitmap_index = 1416, .adv_w = 315, .box_w = 15, .box_h = 15, .ofs_x = 2, .ofs_y = 3},
    {.bitmap_index = 1529, .adv_w = 158, .box_w = 6, .box_h = 9, .ofs_x = 2, .ofs_y = -4},
    {.bitmap_index = 1556, .adv_w = 160, .box_w = 10, .box_h = 4, .ofs_x = 0, .ofs_y = 8},
    {.bitmap_index = 1576, .adv_w = 158, .box_w = 6, .box_h = 6, .ofs_x = 2, .ofs_y = 0},
    {.bitmap_index = 1594, .adv_w = 172, .box_w = 11, .box_h = 22, .ofs_x = 0, .ofs_y = 0},
    {.bitmap_index = 1715, .adv_w = 315, .box_w = 18, .box_h = 24, .ofs_x = 1, .ofs_y = -1},
    {.bitmap_index = 1931, .adv_w = 315, .box_w = 13, .box_h = 22, .ofs_x = 2, .ofs_y = 0},
    {.bitmap_index = 2074, .adv_w = 315, .box_w = 16, .box_h = 23, .ofs_x = 2, .ofs_y = 0},
    {.bitmap_index = 2258, .adv_w = 315, .box_w = 17, .box_h = 24, .ofs_x = 1, .ofs_y = -1},
    {.bitmap_index = 2462, .adv_w = 315, .box_w = 18, .box_h = 22, .ofs_x = 1, .ofs_y = 0},
    {.bitmap_index = 2660, .adv_w = 315, .box_w = 17, .box_h = 23, .ofs_x = 1, .ofs_y = -1},
    {.bitmap_index = 2856, .adv_w = 315, .box_w = 16, .box_h = 24, .ofs_x = 2, .ofs_y = -1},
    {.bitmap_index = 3048, .adv_w = 315, .box_w = 16, .box_h = 23, .ofs_x = 2, .ofs_y = -1},
    {.bitmap_index = 3232, .adv_w = 315, .box_w = 16, .box_h = 24, .ofs_x = 2, .ofs_y = -1},
    {.bitmap_index = 3424, .adv_w = 315, .box_w = 17, .box_h = 24, .ofs_x = 1, .ofs_y = -1},
    {.bitmap_index = 3628, .adv_w = 158, .box_w = 6, .box_h = 16, .ofs_x = 2, .ofs_y = 3},
    {.bitmap_index = 3676, .adv_w = 158, .box_w = 7, .box_h = 20, .ofs_x = 2, .ofs_y = -5},
    {.bitmap_index = 3746, .adv_w = 315, .box_w = 14, .box_h = 15, .ofs_x = 3, .ofs_y = 3},
    {.bitmap_index = 3851, .adv_w = 315, .box_w = 15, .box_h = 10, .ofs_x = 2, .ofs_y = 5},
    {.bitmap_index = 3926, .adv_w = 315, .box_w = 14, .box_h = 15, .ofs_x = 3, .ofs_y = 3},
    {.bitmap_index = 4031, .adv_w = 255, .box_w = 14, .box_h = 24, .ofs_x = 1, .ofs_y = -1},
    {.bitmap_index = 4199, .adv_w = 427, .box_w = 25, .box_h = 24, .ofs_x = 1, .ofs_y = -3},
    {.bitmap_index = 4499, .adv_w = 332, .box_w = 21, .box_h = 22, .ofs_x = 0, .ofs_y = 0},
    {.bitmap_index = 4730, .adv_w = 304, .box_w = 16, .box_h = 22, .ofs_x = 2, .ofs_y = 0},
    {.bitmap_index = 4906, .adv_w = 346, .box_w = 20, .box_h = 24, .ofs_x = 1, .ofs_y = -1},
    {.bitmap_index = 5146, .adv_w = 344, .box_w = 19, .box_h = 22, .ofs_x = 2, .ofs_y = 0},
    {.bitmap_index = 5355, .adv_w = 279, .box_w = 14, .box_h = 22, .ofs_x = 2, .ofs_y = 0},
    {.bitmap_index = 5509, .adv_w = 264, .box_w = 14, .box_h = 22, .ofs_x = 2, .ofs_y = 0},
    {.bitmap_index = 5663, .adv_w = 380, .box_w = 22, .box_h = 24, .ofs_x = 1, .ofs_y = -1},
    {.bitmap_index = 5927, .adv_w = 351, .box_w = 18, .box_h = 22, .ofs_x = 2, .ofs_y = 0},
    {.bitmap_index = 6125, .adv_w = 138, .box_w = 5, .box_h = 22, .ofs_x = 2, .ofs_y = 0},
    {.bitmap_index = 6180, .adv_w = 266, .box_w = 15, .box_h = 23, .ofs_x = 0, .ofs_y = -1},
    {.bitmap_index = 6353, .adv_w = 322, .box_w = 19, .box_h = 22, .ofs_x = 2, .ofs_y = 0},
    {.bitmap_index = 6562, .adv_w = 260, .box_w = 14, .box_h = 22, .ofs_x = 2, .ofs_y = 0},
    {.bitmap_index = 6716, .adv_w = 442, .box_w = 24, .box_h = 22, .ofs_x = 2, .ofs_y = 0},
    {.bitmap_index = 6980, .adv_w = 351, .box_w = 18, .box_h = 22, .ofs_x = 2, .ofs_y = 0},
    {.bitmap_index = 7178, .adv_w = 392, .box_w = 23, .box_h = 24, .ofs_x = 1, .ofs_y = -1},
    {.bitmap_index = 7454, .adv_w = 295, .box_w = 16, .box_h = 22, .ofs_x = 2, .ofs_y = 0},
    {.bitmap_index = 7630, .adv_w = 392, .box_w = 23, .box_h = 26, .ofs_x = 1, .ofs_y = -3},
    {.bitmap_index = 7929, .adv_w = 304, .box_w = 17, .box_h = 22, .ofs_x = 2, .ofs_y = 0},
    {.bitmap_index = 8116, .adv_w = 278, .box_w = 17, .box_h = 24, .ofs_x = 0, .ofs_y = -1},
    {.bitmap_index = 8320, .adv_w = 273, .box_w = 17, .box_h = 22, .ofs_x = 0, .ofs_y = 0},
    {.bitmap_index = 8507, .adv_w = 325, .box_w = 18, .box_h = 23, .ofs_x = 1, .ofs_y = -1},
    {.bitmap_index = 8714, .adv_w = 321, .box_w = 20, .box_h = 22, .ofs_x = 0, .ofs_y = 0},
    {.bitmap_index = 8934, .adv_w = 473, .box_w = 30, .box_h = 22, .ofs_x = 0, .ofs_y = 0},
    {.bitmap_index = 9264, .adv_w = 325, .box_w = 21, .box_h = 22, .ofs_x = 0, .ofs_y = 0},
    {.bitmap_index = 9495, .adv_w = 310, .box_w = 20, .box_h = 22, .ofs_x = 0, .ofs_y = 0},
    {.bitmap_index = 9715, .adv_w = 283, .box_w = 16, .box_h = 22, .ofs_x = 1, .ofs_y = 0},
    {.bitmap_index = 9891, .adv_w = 193, .box_w = 8, .box_h = 28, .ofs_x = 3, .ofs_y = -4},
    {.bitmap_index = 10003, .adv_w = 180, .box_w = 12, .box_h = 22, .ofs_x = 0, .ofs_y = 0},
    {.bitmap_index = 10135, .adv_w = 193, .box_w = 9, .box_h = 28, .ofs_x = 1, .ofs_y = -4},
    {.bitmap_index = 10261, .adv_w = 239, .box_w = 15, .box_h = 9, .ofs_x = 0, .ofs_y = 12},
    {.bitmap_index = 10329, .adv_w = 266, .box_w = 16, .box_h = 3, .ofs_x = 0, .ofs_y = -5},
    {.bitmap_index = 10353, .adv_w = 213, .box_w = 7, .box_h = 5, .ofs_x = 3, .ofs_y = 18},
    {.bitmap_index = 10371, .adv_w = 277, .box_w = 16, .box_h = 17, .ofs_x = 0, .ofs_y = -1},
    {.bitmap_index = 10507, .adv_w = 304, .box_w = 18, .box_h = 23, .ofs_x = 1, .ofs_y = -1},
    {.bitmap_index = 10714, .adv_w = 270, .box_w = 17, .box_h = 17, .ofs_x = 0, .ofs_y = -1},
    {.bitmap_index = 10859, .adv_w = 303, .box_w = 18, .box_h = 23, .ofs_x = 0, .ofs_y = -1},
    {.bitmap_index = 11066, .adv_w = 278, .box_w = 17, .box_h = 17, .ofs_x = 0, .ofs_y = -1},
    {.bitmap_index = 11211, .adv_w = 185, .box_w = 12, .box_h = 23, .ofs_x = 0, .ofs_y = 0},
    {.bitmap_index = 11349, .adv_w = 302, .box_w = 17, .box_h = 24, .ofs_x = 0, .ofs_y = -8},
    {.bitmap_index = 11553, .adv_w = 289, .box_w = 16, .box_h = 22, .ofs_x = 1, .ofs_y = 0},
    {.bitmap_index = 11729, .adv_w = 127, .box_w = 6, .box_h = 23, .ofs_x = 1, .ofs_y = 0},
    {.bitmap_index = 11798, .adv_w = 127, .box_w = 10, .box_h = 31, .ofs_x = -3, .ofs_y = -8},
    {.bitmap_index = 11953, .adv_w = 270, .box_w = 16, .box_h = 22, .ofs_x = 1, .ofs_y = 0},
    {.bitmap_index = 12129, .adv_w = 122, .box_w = 5, .box_h = 22, .ofs_x = 1, .ofs_y = 0},
    {.bitmap_index = 12184, .adv_w = 445, .box_w = 26, .box_h = 16, .ofs_x = 1, .ofs_y = 0},
    {.bitmap_index = 12392, .adv_w = 289, .box_w = 16, .box_h = 16, .ofs_x = 1, .ofs_y = 0},
    {.bitmap_index = 12520, .adv_w = 294, .box_w = 18, .box_h = 17, .ofs_x = 0, .ofs_y = -1},
    {.bitmap_index = 12673, .adv_w = 304, .box_w = 18, .box_h = 23, .ofs_x = 1, .ofs_y = -7},
    {.bitmap_index = 12880, .adv_w = 303, .box_w = 18, .box_h = 23, .ofs_x = 0, .ofs_y = -7},
    {.bitmap_index = 13087, .adv_w = 200, .box_w = 11, .box_h = 16, .ofs_x = 1, .ofs_y = 0},
    {.bitmap_index = 13175, .adv_w = 240, .box_w = 15, .box_h = 17, .ofs_x = 0, .ofs_y = -1},
    {.bitmap_index = 13303, .adv_w = 191, .box_w = 11, .box_h = 21, .ofs_x = 0, .ofs_y = -1},
    {.bitmap_index = 13419, .adv_w = 289, .box_w = 16, .box_h = 16, .ofs_x = 1, .ofs_y = -1},
    {.bitmap_index = 13547, .adv_w = 264, .box_w = 17, .box_h = 15, .ofs_x = 0, .ofs_y = 0},
    {.bitmap_index = 13675, .adv_w = 386, .box_w = 24, .box_h = 15, .ofs_x = 0, .ofs_y = 0},
    {.bitmap_index = 13855, .adv_w = 253, .box_w = 16, .box_h = 15, .ofs_x = 0, .ofs_y = 0},
    {.bitmap_index = 13975, .adv_w = 262, .box_w = 17, .box_h = 22, .ofs_x = 0, .ofs_y = -7},
    {.bitmap_index = 14162, .adv_w = 240, .box_w = 14, .box_h = 15, .ofs_x = 0, .ofs_y = 0},
    {.bitmap_index = 14267, .adv_w = 192, .box_w = 10, .box_h = 28, .ofs_x = 1, .ofs_y = -4},
    {.bitmap_index = 14407, .adv_w = 138, .box_w = 5, .box_h = 31, .ofs_x = 2, .ofs_y = -7},
    {.bitmap_index = 14485, .adv_w = 192, .box_w = 10, .box_h = 28, .ofs_x = 1, .ofs_y = -4},
    {.bitmap_index = 14625, .adv_w = 279, .box_w = 16, .box_h = 5, .ofs_x = 1, .ofs_y = 7},
    {.bitmap_index = 14665, .adv_w = 164, .box_w = 10, .box_h = 9, .ofs_x = 0, .ofs_y = 14},
    {.bitmap_index = 14710, .adv_w = 315, .box_w = 15, .box_h = 17, .ofs_x = 2, .ofs_y = 2},
    {.bitmap_index = 14838, .adv_w = 324, .box_w = 19, .box_h = 22, .ofs_x = 1, .ofs_y = -7},
    {.bitmap_index = 15047, .adv_w = 128, .box_w = 6, .box_h = 6, .ofs_x = 1, .ofs_y = 7},
    {.bitmap_index = 15065, .adv_w = 315, .box_w = 15, .box_h = 15, .ofs_x = 2, .ofs_y = 3},
    {.bitmap_index = 15178, .adv_w = 266, .box_w = 15, .box_h = 4, .ofs_x = 1, .ofs_y = 8},
    {.bitmap_index = 15208, .adv_w = 426, .box_w = 25, .box_h = 4, .ofs_x = 1, .ofs_y = 8},
    {.bitmap_index = 15258, .adv_w = 367, .box_w = 21, .box_h = 5, .ofs_x = 1, .ofs_y = 0},
    {.bitmap_index = 15311, .adv_w = 288, .box_w = 16, .box_h = 18, .ofs_x = 1, .ofs_y = 0},
    {.bitmap_index = 15455, .adv_w = 288, .box_w = 18, .box_h = 19, .ofs_x = 0, .ofs_y = 0},
    {.bitmap_index = 15626, .adv_w = 288, .box_w = 17, .box_h = 18, .ofs_x = 1, .ofs_y = 0},
    {.bitmap_index = 15779, .adv_w = 288, .box_w = 18, .box_h = 19, .ofs_x = 0, .ofs_y = 0},
    {.bitmap_index = 15950, .adv_w = 288, .box_w = 14, .box_h = 15, .ofs_x = 2, .ofs_y = 3},
    {.bitmap_index = 16055, .adv_w = 288, .box_w = 16, .box_h = 18, .ofs_x = 1, .ofs_y = 2},
    {.bitmap_index = 16199, .adv_w = 288, .box_w = 16, .box_h = 17, .ofs_x = 1, .ofs_y = 2},
    {.bitmap_index = 16335, .adv_w = 288, .box_w = 18, .box_h = 18, .ofs_x = 0, .ofs_y = 2},
    {.bitmap_index = 16497, .adv_w = 288, .box_w = 16, .box_h = 16, .ofs_x = 1, .ofs_y = 3}
};

/*---------------------
 *  CHARACTER MAPPING
 *--------------------*/

static const uint16_t unicode_list_1[] = {
    0x0, 0x1, 0x5, 0x7, 0x27, 0x1f63, 0x1f64, 0x1f76,
    0x20e0, 0x20e1, 0x20e2, 0x20e3, 0x24f0, 0x2502, 0x2516, 0x251b,
    0x251f
};

/*Collect the unicode lists and glyph_id offsets*/
static const lv_font_fmt_txt_cmap_t cmaps[] =
{
    {
        .range_start = 32, .range_length = 95, .glyph_id_start = 1,
        .unicode_list = NULL, .glyph_id_ofs_list = NULL, .list_length = 0, .type = LV_FONT_FMT_TXT_CMAP_FORMAT0_TINY
    },
    {
        .range_start = 176, .range_length = 9504, .glyph_id_start = 96,
        .unicode_list = unicode_list_1, .glyph_id_ofs_list = NULL, .list_length = 17, .type = LV_FONT_FMT_TXT_CMAP_SPARSE_TINY
    }
};

/*-----------------
 *    KERNING
 *----------------*/


/*Pair left and right glyphs for kerning*/
static const uint8_t kern_pair_glyph_ids[] =
{
    2, 10,
    3, 7,
    3, 16,
    3, 33,
    3, 64,
    3, 103,
    7, 3,
    7, 8,
    7, 10,
    7, 62,
    8, 7,
    8, 16,
    8, 33,
    8, 64,
    8, 103,
    9, 2,
    9, 3,
    9, 7,
    9, 8,
    9, 32,
    9, 33,
    9, 61,
    9, 62,
    9, 92,
    9, 94,
    9, 101,
    9, 102,
    10, 32,
    10, 62,
    10, 94,
    10, 103,
    11, 11,
    11, 16,
    11, 103,
    14, 14,
    16, 9,
    16, 16,
    16, 61,
    16, 64,
    16, 98,
    16, 101,
    16, 102,
    16, 103,
    32, 9,
    32, 10,
    32, 11,
    32, 16,
    32, 101,
    32, 102,
    32, 103,
    33, 3,
    33, 8,
    33, 10,
    33, 62,
    33, 64,
    60, 7,
    60, 9,
    60, 10,
    60, 33,
    60, 62,
    60, 92,
    60, 101,
    60, 102,
    61, 3,
    61, 8,
    61, 11,
    61, 61,
    61, 96,
    64, 3,
    64, 8,
    64, 9,
    64, 11,
    64, 16,
    64, 62,
    64, 103,
    92, 9,
    92, 10,
    92, 92,
    92, 101,
    92, 102,
    94, 3,
    94, 8,
    94, 10,
    94, 62,
    94, 92,
    94, 94,
    94, 101,
    94, 102,
    94, 103,
    96, 16,
    96, 103,
    98, 16,
    101, 10,
    101, 16,
    101, 32,
    101, 62,
    101, 92,
    101, 94,
    102, 10,
    102, 16,
    102, 32,
    102, 62,
    102, 92,
    102, 94,
    103, 3,
    103, 8,
    103, 9,
    103, 11,
    103, 32,
    103, 33,
    103, 92,
    103, 96,
    103, 103
};

/* Kerning between the respective left and right glyphs
 * 4.4 format which needs to scaled with `kern_scale`*/
static const int8_t kern_pair_values[] =
{
    -2, -17, -39, -9, -49, -26, -8, -8,
    -19, -7, -17, -39, -9, -49, -26, -3,
    -2, -24, -2, -5, -5, 2, 5, -7,
    12, -12, -12, -3, -10, -7, -8, 7,
    -24, -51, 26, -11, -22, 2, -55, -20,
    -6, -6, -42, -2, -2, 6, -25, -2,
    -2, -36, -6, -6, -5, -17, -34, -7,
    -10, 5, -12, 12, -6, -10, -10, -36,
    -36, -31, -2, -7, -58, -58, -21, -35,
    -11, 10, -20, -7, 12, -5, -7, -7,
    -2, -2, -7, -6, 5, -5, 5, 5,
    -5, -12, -5, 2, -12, -6, -8, -10,
    5, -7, -12, -6, -8, -10, 5, -7,
    -26, -26, -8, -21, -16, -2, -5, -6,
    -4
};

/*Collect the kern pair's data in one place*/
static const lv_font_fmt_txt_kern_pair_t kern_pairs =
{
    .glyph_ids = kern_pair_glyph_ids,
    .values = kern_pair_values,
    .pair_cnt = 113,
    .glyph_ids_size = 0
};

/*--------------------
 *  ALL CUSTOM DATA
 *--------------------*/

#if LVGL_VERSION_MAJOR == 8
/*Store all the custom data of the font*/
static  lv_font_fmt_txt_glyph_cache_t cache;
#endif

#if LVGL_VERSION_MAJOR >= 8
static const lv_font_fmt_txt_dsc_t font_dsc = {
#else
static lv_font_fmt_txt_dsc_t font_dsc = {
#endif
    .glyph_bitmap = glyph_bitmap,
    .glyph_dsc = glyph_dsc,
    .cmaps = cmaps,
    .kern_dsc = &kern_pairs,
    .kern_scale = 16,
    .cmap_num = 2,
    .bpp = 4,
    .kern_classes = 0,
    .bitmap_format = 0,
#if LVGL_VERSION_MAJOR == 8
    .cache = &cache
#endif
};



/*-----------------
 *  PUBLIC FONT
 *----------------*/

/*Initialize a public general font descriptor*/
#if LVGL_VERSION_MAJOR >= 8
const lv_font_t bz_font_name_30 = {
#else
lv_font_t bz_font_name_30 = {
#endif
    .get_glyph_dsc = lv_font_get_glyph_dsc_fmt_txt,    /*Function pointer to get glyph's data*/
    .get_glyph_bitmap = lv_font_get_bitmap_fmt_txt,    /*Function pointer to get glyph's bitmap*/
    .line_height = 33,          /*The maximum line height required by the font*/
    .base_line = 8,             /*Baseline measured from the bottom of the line*/
#if !(LVGL_VERSION_MAJOR == 6 && LVGL_VERSION_MINOR == 0)
    .subpx = LV_FONT_SUBPX_NONE,
#endif
#if LV_VERSION_CHECK(7, 4, 0) || LVGL_VERSION_MAJOR >= 8
    .underline_position = -5,
    .underline_thickness = 3,
#endif
    .dsc = &font_dsc,          /*The custom font data. Will be accessed by `get_glyph_bitmap/dsc` */
#if LV_VERSION_CHECK(8, 2, 0) || LVGL_VERSION_MAJOR >= 9
    .fallback = NULL,
#endif
    .user_data = NULL,
};



#endif /*#if BZ_FONT_NAME_30*/

