/*******************************************************************************
 * Size: 32 px
 * Bpp: 4
 * Opts: --no-compress --no-prefilter --bpp 4 --size 32 --format lvgl --lv-font-name bz_icons_fill_32 --lv-include lvgl.h -o /home/user/Bezel/tab5/components/bezel/fonts/bz_icons_fill_32.c --font /opt/fonts/sym_fill.ttf -r 0xeaa2,0xe322,0xe30d,0xea0b,0xec1c,0xf049,0xe002,0xe000,0xe88e,0xe86c,0xe5c9,0xe5c3,0xe6b1,0xe429,0xeb90,0xe1b8,0xe41c,0xe3b0,0xefe6,0xeb2f,0xef6e,0xe8b8,0xe1a4,0xebd4,0xebdd,0xebd9,0xe19c,0xe1a3,0xe63e,0xe648,0xe1e0,0xe51e,0xe9e4,0xf076,0xe425,0xe627,0xe157,0xe16f,0xe04b,0xf04e,0xe9f4,0xe63c,0xe037,0xe034,0xe047,0xe5c4,0xe5c8,0xe14c,0xe145,0xe15b,0xe5d5,0xe518,0xe51c,0xe3ab,0xe050,0xe41a,0xe87a,0xe029,0xe1c2,0xe328,0xe868,0xea3c,0xf10b,0xe869,0xf06c,0xe6ec,0xe846,0xe1ff,0xf64f,0xe26b,0xe6e1,0xe922,0xe9c1,0xe3af,0xec20,0xe153,0xe82a,0xe417,0xe0f0,0xe1d5,0xe55e,0xe1b3,0xe39e,0xeb36,0xef4a,0xe86b,0xe836,0xe5d3,0xe5cf,0xe5ce,0xe409,0xe313,0xe1af,0xea5b,0xf001,0xe161,0xe719,0xe3dc,0xf772,0xe28e,0xe97a,0xe061,0xe65f,0xe30a,0xe8be,0xe163,0xe156,0xef5f,0xe166,0xea4a,0xe86f,0xeb8e,0xe0b6,0xe2c3,0xe2c1,0xe2bf,0xe1db,0xe335,0xf053,0xe192,0xe021,0xf092,0xe4fc,0xea05,0xef71,0xe312,0xe0b7,0xe9fc,0xe873,0xf1c2,0xeb7d,0xe85d,0xe2e6,0xef64,0xe866,0xe8d4,0xe10e,0xe640,0xe202,0xe4fa,0xf0c1,0xe4fd,0xe04c,0xe02c
 ******************************************************************************/

#include "lvgl.h"

#ifndef BZ_ICONS_FILL_32
#define BZ_ICONS_FILL_32 1
#endif

#if BZ_ICONS_FILL_32

/*-----------------
 *    BITMAPS
 *----------------*/

/*Store the image of the glyphs*/
static LV_ATTRIBUTE_LARGE_CONST const uint8_t glyph_bitmap[] = {
    /* U+E000 "" */
    0x0, 0x0, 0x0, 0x0, 0x0, 0x15, 0x78, 0x87,
    0x51, 0x0, 0x0, 0x0, 0x0, 0x0, 0x0, 0x0,
    0x0, 0x0, 0x5c, 0xff, 0xff, 0xff, 0xff, 0xc6,
    0x0, 0x0, 0x0, 0x0, 0x0, 0x0, 0x0, 0x4d,
    0xff, 0xff, 0xff, 0xff, 0xff, 0xff, 0xd4, 0x0,
    0x0, 0x0, 0x0, 0x0, 0x8, 0xff, 0xff, 0xff,
    0xff, 0xff, 0xff, 0xff, 0xff, 0x80, 0x0, 0x0,
    0x0, 0x0, 0xaf, 0xff, 0xff, 0xff, 0xff, 0xff,
    0xff, 0xff, 0xff, 0xfa, 0x0, 0x0, 0x0, 0x8,
    0xff, 0xff, 0xff, 0xff, 0xff, 0xff, 0xff, 0xff,
    0xff, 0xff, 0x80, 0x0, 0x0, 0x4f, 0xff, 0xff,
    0xff, 0xff, 0xff, 0xff, 0xff, 0xff, 0xff, 0xff,
    0xf4, 0x0, 0x0, 0xdf, 0xff, 0xff, 0xff, 0xff,
    0xf4, 0x3e, 0xff, 0xff, 0xff, 0xff, 0xfd, 0x0,
    0x6, 0xff, 0xff, 0xff, 0xff, 0xff, 0xb0, 0xa,
    0xff, 0xff, 0xff, 0xff, 0xff, 0x60, 0xc, 0xff,
    0xff, 0xff, 0xff, 0xff, 0xb0, 0xa, 0xff, 0xff,
    0xff, 0xff, 0xff, 0xc0, 0x1f, 0xff, 0xff, 0xff,
    0xff, 0xff, 0xb0, 0xa, 0xff, 0xff, 0xff, 0xff,
    0xff, 0xf1, 0x5f, 0xff, 0xff, 0xff, 0xff, 0xff,
    0xb0, 0xa, 0xff, 0xff, 0xff, 0xff, 0xff, 0xf5,
    0x7f, 0xff, 0xff, 0xff, 0xff, 0xff, 0xb0, 0xa,
    0xff, 0xff, 0xff, 0xff, 0xff, 0xf7, 0x8f, 0xff,
    0xff, 0xff, 0xff, 0xff, 0xb0, 0xa, 0xff, 0xff,
    0xff, 0xff, 0xff, 0xf8, 0x8f, 0xff, 0xff, 0xff,
    0xff, 0xff, 0xd0, 0xb, 0xff, 0xff, 0xff, 0xff,
    0xff, 0xf8, 0x7f, 0xff, 0xff, 0xff, 0xff, 0xff,
    0xfb, 0xaf, 0xff, 0xff, 0xff, 0xff, 0xff, 0xf7,
    0x5f, 0xff, 0xff, 0xff, 0xff, 0xff, 0xff, 0xff,
    0xff, 0xff, 0xff, 0xff, 0xff, 0xf5, 0x1f, 0xff,
    0xff, 0xff, 0xff, 0xff, 0xff, 0xff, 0xff, 0xff,
    0xff, 0xff, 0xff, 0xf1, 0xc, 0xff, 0xff, 0xff,
    0xff, 0xff, 0xe3, 0x3e, 0xff, 0xff, 0xff, 0xff,
    0xff, 0xc0, 0x6, 0xff, 0xff, 0xff, 0xff, 0xff,
    0x90, 0x9, 0xff, 0xff, 0xff, 0xff, 0xff, 0x50,
    0x0, 0xdf, 0xff, 0xff, 0xff, 0xff, 0xe3, 0x3e,
    0xff, 0xff, 0xff, 0xff, 0xfd, 0x0, 0x0, 0x4f,
    0xff, 0xff, 0xff, 0xff, 0xff, 0xff, 0xff, 0xff,
    0xff, 0xff, 0xf4, 0x0, 0x0, 0x8, 0xff, 0xff,
    0xff, 0xff, 0xff, 0xff, 0xff, 0xff, 0xff, 0xff,
    0x80, 0x0, 0x0, 0x0, 0xaf, 0xff, 0xff, 0xff,
    0xff, 0xff, 0xff, 0xff, 0xff, 0xfa, 0x0, 0x0,
    0x0, 0x0, 0x8, 0xff, 0xff, 0xff, 0xff, 0xff,
    0xff, 0xff, 0xff, 0x80, 0x0, 0x0, 0x0, 0x0,
    0x0, 0x4d, 0xff, 0xff, 0xff, 0xff, 0xff, 0xff,
    0xd4, 0x0, 0x0, 0x0, 0x0, 0x0, 0x0, 0x0,
    0x6c, 0xff, 0xff, 0xff, 0xff, 0xc6, 0x0, 0x0,
    0x0, 0x0, 0x0, 0x0, 0x0, 0x0, 0x0, 0x15,
    0x78, 0x87, 0x51, 0x0, 0x0, 0x0, 0x0, 0x0,

    /* U+E002 "" */
    0x0, 0x0, 0x0, 0x0, 0x0, 0x0, 0x1, 0x10,
    0x0, 0x0, 0x0, 0x0, 0x0, 0x0, 0x0, 0x0,
    0x0, 0x0, 0x0, 0x0, 0x3f, 0xf3, 0x0, 0x0,
    0x0, 0x0, 0x0, 0x0, 0x0, 0x0, 0x0, 0x0,
    0x0, 0x0, 0xcf, 0xfc, 0x0, 0x0, 0x0, 0x0,
    0x0, 0x0, 0x0, 0x0, 0x0, 0x0, 0x0, 0x6,
    0xff, 0xff, 0x60, 0x0, 0x0, 0x0, 0x0, 0x0,
    0x0, 0x0, 0x0, 0x0, 0x0, 0xe, 0xff, 0xff,
    0xe0, 0x0, 0x0, 0x0, 0x0, 0x0, 0x0, 0x0,
    0x0, 0x0, 0x0, 0x8f, 0xff, 0xff, 0xf8, 0x0,
    0x0, 0x0, 0x0, 0x0, 0x0, 0x0, 0x0, 0x0,
    0x2, 0xff, 0xff, 0xff, 0xff, 0x20, 0x0, 0x0,
    0x0, 0x0, 0x0, 0x0, 0x0, 0x0, 0xb, 0xff,
    0xff, 0xff, 0xff, 0xb0, 0x0, 0x0, 0x0, 0x0,
    0x0, 0x0, 0x0, 0x0, 0x4f, 0xff, 0xff, 0xff,
    0xff, 0xf4, 0x0, 0x0, 0x0, 0x0, 0x0, 0x0,
    0x0, 0x0, 0xdf, 0xff, 0xff, 0xff, 0xff, 0xfd,
    0x0, 0x0, 0x0, 0x0, 0x0, 0x0, 0x0, 0x7,
    0xff, 0xff, 0xf6, 0x5f, 0xff, 0xff, 0x60, 0x0,
    0x0, 0x0, 0x0, 0x0, 0x0, 0x1e, 0xff, 0xff,
    0xe0, 0xc, 0xff, 0xff, 0xe1, 0x0, 0x0, 0x0,
    0x0, 0x0, 0x0, 0x9f, 0xff, 0xff, 0xe0, 0xc,
    0xff, 0xff, 0xf9, 0x0, 0x0, 0x0, 0x0, 0x0,
    0x2, 0xff, 0xff, 0xff, 0xe0, 0xc, 0xff, 0xff,
    0xff, 0x20, 0x0, 0x0, 0x0, 0x0, 0xc, 0xff,
    0xff, 0xff, 0xe0, 0xc, 0xff, 0xff, 0xff, 0xc0,
    0x0, 0x0, 0x0, 0x0, 0x5f, 0xff, 0xff, 0xff,
    0xe0, 0xc, 0xff, 0xff, 0xff, 0xf5, 0x0, 0x0,
    0x0, 0x0, 0xef, 0xff, 0xff, 0xff, 0xf1, 0xe,
    0xff, 0xff, 0xff, 0xfe, 0x0, 0x0, 0x0, 0x7,
    0xff, 0xff, 0xff, 0xff, 0xff, 0xff, 0xff, 0xff,
    0xff, 0xff, 0x70, 0x0, 0x0, 0x1f, 0xff, 0xff,
    0xff, 0xff, 0xfc, 0xbf, 0xff, 0xff, 0xff, 0xff,
    0xf1, 0x0, 0x0, 0xaf, 0xff, 0xff, 0xff, 0xff,
    0xe0, 0xd, 0xff, 0xff, 0xff, 0xff, 0xfa, 0x0,
    0x3, 0xff, 0xff, 0xff, 0xff, 0xff, 0xf4, 0x3e,
    0xff, 0xff, 0xff, 0xff, 0xff, 0x30, 0xc, 0xff,
    0xff, 0xff, 0xff, 0xff, 0xff, 0xff, 0xff, 0xff,
    0xff, 0xff, 0xff, 0xc0, 0x6f, 0xff, 0xff, 0xff,
    0xff, 0xff, 0xff, 0xff, 0xff, 0xff, 0xff, 0xff,
    0xff, 0xf6, 0xdf, 0xff, 0xff, 0xff, 0xff, 0xff,
    0xff, 0xff, 0xff, 0xff, 0xff, 0xff, 0xff, 0xfd,
    0x8f, 0xff, 0xff, 0xff, 0xff, 0xff, 0xff, 0xff,
    0xff, 0xff, 0xff, 0xff, 0xff, 0xf8, 0x0, 0x0,
    0x0, 0x0, 0x0, 0x0, 0x0, 0x0, 0x0, 0x0,
    0x0, 0x0, 0x0, 0x0,

    /* U+E021 "" */
    0x0, 0x0, 0x0, 0x0, 0x0, 0x49, 0x99, 0x99,
    0x94, 0x0, 0x0, 0x0, 0x0, 0x0, 0x0, 0x0,
    0x0, 0x0, 0x0, 0xff, 0xff, 0xff, 0xff, 0x0,
    0x0, 0x0, 0x0, 0x0, 0x0, 0x0, 0x0, 0x0,
    0x0, 0xff, 0xff, 0xff, 0xff, 0x0, 0x0, 0x0,
    0x0, 0x0, 0x0, 0x0, 0x0, 0x0, 0x0, 0xff,
    0xff, 0xff, 0xff, 0x0, 0x0, 0x0, 0x0, 0x0,
    0x0, 0x0, 0x0, 0x0, 0x0, 0xff, 0xff, 0xff,
    0xff, 0x0, 0x0, 0x0, 0x0, 0x0, 0x0, 0x0,
    0x0, 0x0, 0x0, 0xff, 0xff, 0xff, 0xff, 0x0,
    0x0, 0x0, 0x0, 0x0, 0x0, 0x0, 0x0, 0x0,
    0x0, 0xff, 0xff, 0xff, 0xff, 0x0, 0x0, 0x0,
    0x0, 0x0, 0x0, 0x0, 0x0, 0x0, 0x0, 0xff,
    0xff, 0xff, 0xff, 0x0, 0x0, 0x0, 0x0, 0x0,
    0x0, 0x0, 0x0, 0x0, 0x0, 0x6f, 0xff, 0xff,
    0xf7, 0x0, 0x0, 0x0, 0x0, 0x0, 0x0, 0x0,
    0x0, 0x0, 0x0, 0x6, 0xff, 0xff, 0x70, 0x0,
    0x0, 0x0, 0x0, 0x0, 0x4f, 0xff, 0xff, 0xff,
    0x60, 0x0, 0x6f, 0xf7, 0x0, 0x6, 0xff, 0xff,
    0xff, 0xf4, 0x9f, 0xff, 0xff, 0xff, 0xf6, 0x0,
    0x3, 0x30, 0x0, 0x6f, 0xff, 0xff, 0xff, 0xf9,
    0xaf, 0xff, 0xff, 0xff, 0xff, 0x60, 0x0, 0x0,
    0x6, 0xff, 0xff, 0xff, 0xff, 0xfa, 0xaf, 0xff,
    0xff, 0xff, 0xff, 0xf3, 0x0, 0x0, 0x3f, 0xff,
    0xff, 0xff, 0xff, 0xfa, 0xaf, 0xff, 0xff, 0xff,
    0xff, 0xf3, 0x0, 0x0, 0x3f, 0xff, 0xff, 0xff,
    0xff, 0xfa, 0xaf, 0xff, 0xff, 0xff, 0xff, 0x60,
    0x0, 0x0, 0x6, 0xff, 0xff, 0xff, 0xff, 0xfa,
    0x9f, 0xff, 0xff, 0xff, 0xf6, 0x0, 0x3, 0x30,
    0x0, 0x6f, 0xff, 0xff, 0xff, 0xf9, 0x4f, 0xff,
    0xff, 0xff, 0x60, 0x0, 0x6f, 0xf6, 0x0, 0x6,
    0xff, 0xff, 0xff, 0xf4, 0x0, 0x0, 0x0, 0x0,
    0x0, 0x6, 0xff, 0xff, 0x60, 0x0, 0x0, 0x0,
    0x0, 0x0, 0x0, 0x0, 0x0, 0x0, 0x0, 0x6f,
    0xff, 0xff, 0xf6, 0x0, 0x0, 0x0, 0x0, 0x0,
    0x0, 0x0, 0x0, 0x0, 0x0, 0xff, 0xff, 0xff,
    0xff, 0x0, 0x0, 0x0, 0x0, 0x0, 0x0, 0x0,
    0x0, 0x0, 0x0, 0xff, 0xff, 0xff, 0xff, 0x0,
    0x0, 0x0, 0x0, 0x0, 0x0, 0x0, 0x0, 0x0,
    0x0, 0xff, 0xff, 0xff, 0xff, 0x0, 0x0, 0x0,
    0x0, 0x0, 0x0, 0x0, 0x0, 0x0, 0x0, 0xff,
    0xff, 0xff, 0xff, 0x0, 0x0, 0x0, 0x0, 0x0,
    0x0, 0x0, 0x0, 0x0, 0x0, 0xff, 0xff, 0xff,
    0xff, 0x0, 0x0, 0x0, 0x0, 0x0, 0x0, 0x0,
    0x0, 0x0, 0x0, 0xff, 0xff, 0xff, 0xff, 0x0,
    0x0, 0x0, 0x0, 0x0, 0x0, 0x0, 0x0, 0x0,
    0x0, 0xff, 0xff, 0xff, 0xff, 0x0, 0x0, 0x0,
    0x0, 0x0, 0x0, 0x0, 0x0, 0x0, 0x0, 0x49,
    0x99, 0x99, 0x94, 0x0, 0x0, 0x0, 0x0, 0x0,

    /* U+E029 "" */
    0x0, 0x0, 0x0, 0x0, 0x37, 0x73, 0x0, 0x0,
    0x0, 0x0, 0x0, 0x0, 0x0, 0x9, 0xff, 0xff,
    0x90, 0x0, 0x0, 0x0, 0x0, 0x0, 0x0, 0x6f,
    0xff, 0xff, 0xf6, 0x0, 0x0, 0x0, 0x0, 0x0,
    0x0, 0xcf, 0xff, 0xff, 0xfd, 0x0, 0x0, 0x0,
    0x0, 0x0, 0x0, 0xef, 0xff, 0xff, 0xff, 0x0,
    0x0, 0x0, 0x0, 0x0, 0x0, 0xff, 0xff, 0xff,
    0xff, 0x0, 0x0, 0x0, 0x0, 0x0, 0x0, 0xff,
    0xff, 0xff, 0xff, 0x0, 0x0, 0x0, 0x0, 0x0,
    0x0, 0xff, 0xff, 0xff, 0xff, 0x0, 0x0, 0x0,
    0x0, 0x0, 0x0, 0xff, 0xff, 0xff, 0xff, 0x0,
    0x0, 0x0, 0x0, 0x0, 0x0, 0xff, 0xff, 0xff,
    0xff, 0x0, 0x0, 0x0, 0x0, 0x0, 0x0, 0xff,
    0xff, 0xff, 0xff, 0x0, 0x0, 0x0, 0x0, 0x0,
    0x0, 0xff, 0xff, 0xff, 0xff, 0x0, 0x0, 0x0,
    0x5, 0x10, 0x0, 0xef, 0xff, 0xff, 0xff, 0x0,
    0x1, 0x50, 0x8f, 0xc0, 0x0, 0xdf, 0xff, 0xff,
    0xfd, 0x0, 0xc, 0xf8, 0x7f, 0xf1, 0x0, 0x7f,
    0xff, 0xff, 0xf7, 0x0, 0x2f, 0xf7, 0x4f, 0xf7,
    0x0, 0xa, 0xff, 0xff, 0xa0, 0x0, 0x7f, 0xf3,
    0xe, 0xfe, 0x10, 0x0, 0x48, 0x84, 0x0, 0x1,
    0xef, 0xe0, 0x6, 0xff, 0xb0, 0x0, 0x0, 0x0,
    0x0, 0xb, 0xff, 0x60, 0x0, 0xcf, 0xfc, 0x10,
    0x0, 0x0, 0x1, 0xcf, 0xfb, 0x0, 0x0, 0x1d,
    0xff, 0xf9, 0x52, 0x25, 0x9f, 0xff, 0xc0, 0x0,
    0x0, 0x0, 0xaf, 0xff, 0xff, 0xff, 0xff, 0xfa,
    0x0, 0x0, 0x0, 0x0, 0x4, 0xbf, 0xff, 0xff,
    0xfb, 0x40, 0x0, 0x0, 0x0, 0x0, 0x0, 0x0,
    0x6f, 0xf6, 0x0, 0x0, 0x0, 0x0, 0x0, 0x0,
    0x0, 0x0, 0x4f, 0xf4, 0x0, 0x0, 0x0, 0x0,
    0x0, 0x0, 0x0, 0x0, 0x4f, 0xf4, 0x0, 0x0,
    0x0, 0x0, 0x0, 0x0, 0x0, 0x0, 0x3f, 0xf3,
    0x0, 0x0, 0x0, 0x0, 0x0, 0x0, 0x0, 0x0,
    0x8, 0x70, 0x0, 0x0, 0x0, 0x0,

    /* U+E02C "" */
    0x4, 0xc4, 0x0, 0x7, 0xee, 0x40, 0x0, 0x7e,
    0xe4, 0x0, 0x7, 0xee, 0xec, 0x40, 0x3f, 0xfc,
    0x0, 0x1, 0xff, 0xc0, 0x0, 0x1f, 0xfc, 0x0,
    0x1, 0xff, 0xff, 0xf3, 0x8f, 0xff, 0x40, 0x0,
    0x8f, 0xf4, 0x0, 0x9, 0xff, 0x40, 0x0, 0x9f,
    0xff, 0xf8, 0x9f, 0xff, 0xc0, 0x0, 0x5f, 0xfc,
    0x0, 0x5, 0xff, 0xb0, 0x0, 0x5f, 0xff, 0xf9,
    0x9f, 0xff, 0xf6, 0x0, 0xbf, 0xff, 0x60, 0xb,
    0xff, 0xf5, 0x0, 0xbf, 0xff, 0xf9, 0x9f, 0xff,
    0xff, 0xcd, 0xff, 0xff, 0xfc, 0xef, 0xff, 0xff,
    0xce, 0xff, 0xff, 0xf9, 0x9f, 0xff, 0xff, 0xff,
    0xff, 0xff, 0xff, 0xff, 0xff, 0xff, 0xff, 0xff,
    0xff, 0xf9, 0x9f, 0xff, 0xff, 0xff, 0xff, 0xff,
    0xff, 0xff, 0xff, 0xff, 0xff, 0xff, 0xff, 0xf9,
    0x9f, 0xff, 0xff, 0xff, 0xff, 0xff, 0xff, 0xff,
    0xff, 0xff, 0xff, 0xff, 0xff, 0xf9, 0x9f, 0xff,
    0xff, 0xff, 0xff, 0xff, 0xff, 0xff, 0xff, 0xff,
    0xff, 0xff, 0xff, 0xf9, 0x9f, 0xff, 0xff, 0xff,
    0xff, 0xff, 0xff, 0xff, 0xff, 0xff, 0xff, 0xff,
    0xff, 0xf9, 0x9f, 0xff, 0xff, 0xff, 0xff, 0xff,
    0xff, 0xff, 0xff, 0xff, 0xff, 0xff, 0xff, 0xf9,
    0x9f, 0xff, 0xff, 0xff, 0xff, 0xff, 0xff, 0xff,
    0xff, 0xff, 0xff, 0xff, 0xff, 0xf9, 0x9f, 0xff,
    0xff, 0xff, 0xff, 0xff, 0xff, 0xff, 0xff, 0xff,
    0xff, 0xff, 0xff, 0xf9, 0x9f, 0xff, 0xff, 0xff,
    0xff, 0xff, 0xff, 0xff, 0xff, 0xff, 0xff, 0xff,
    0xff, 0xf9, 0x9f, 0xff, 0xff, 0xff, 0xff, 0xff,
    0xff, 0xff, 0xff, 0xff, 0xff, 0xff, 0xff, 0xf9,
    0x9f, 0xff, 0xff, 0xff, 0xff, 0xff, 0xff, 0xff,
    0xff, 0xff, 0xff, 0xff, 0xff, 0xf9, 0x9f, 0xff,
    0xff, 0xff, 0xff, 0xff, 0xff, 0xff, 0xff, 0xff,
    0xff, 0xff, 0xff, 0xf9, 0x9f, 0xff, 0xff, 0xff,
    0xff, 0xff, 0xff, 0xff, 0xff, 0xff, 0xff, 0xff,
    0xff, 0xf9, 0x8f, 0xff, 0xff, 0xff, 0xff, 0xff,
    0xff, 0xff, 0xff, 0xff, 0xff, 0xff, 0xff, 0xf8,
    0x3f, 0xff, 0xff, 0xff, 0xff, 0xff, 0xff, 0xff,
    0xff, 0xff, 0xff, 0xff, 0xff, 0xf3, 0x5, 0xce,
    0xee, 0xee, 0xee, 0xee, 0xee, 0xee, 0xee, 0xee,
    0xee, 0xee, 0xec, 0x50,

    /* U+E034 "" */
    0x3, 0xac, 0x92, 0x0, 0x0, 0x0, 0x29, 0xca,
    0x30, 0x3f, 0xff, 0xfe, 0x10, 0x0, 0x1, 0xef,
    0xff, 0xf3, 0x9f, 0xff, 0xff, 0x60, 0x0, 0x6,
    0xff, 0xff, 0xf8, 0xaf, 0xff, 0xff, 0x70, 0x0,
    0x7, 0xff, 0xff, 0xfa, 0xaf, 0xff, 0xff, 0x70,
    0x0, 0x7, 0xff, 0xff, 0xfa, 0xaf, 0xff, 0xff,
    0x70, 0x0, 0x7, 0xff, 0xff, 0xfa, 0xaf, 0xff,
    0xff, 0x70, 0x0, 0x7, 0xff, 0xff, 0xfa, 0xaf,
    0xff, 0xff, 0x70, 0x0, 0x7, 0xff, 0xff, 0xfa,
    0xaf, 0xff, 0xff, 0x70, 0x0, 0x7, 0xff, 0xff,
    0xfa, 0xaf, 0xff, 0xff, 0x70, 0x0, 0x7, 0xff,
    0xff, 0xfa, 0xaf, 0xff, 0xff, 0x70, 0x0, 0x7,
    0xff, 0xff, 0xfa, 0xaf, 0xff, 0xff, 0x70, 0x0,
    0x7, 0xff, 0xff, 0xfa, 0xaf, 0xff, 0xff, 0x70,
    0x0, 0x7, 0xff, 0xff, 0xfa, 0xaf, 0xff, 0xff,
    0x70, 0x0, 0x7, 0xff, 0xff, 0xfa, 0xaf, 0xff,
    0xff, 0x70, 0x0, 0x7, 0xff, 0xff, 0xfa, 0xaf,
    0xff, 0xff, 0x70, 0x0, 0x7, 0xff, 0xff, 0xfa,
    0xaf, 0xff, 0xff, 0x70, 0x0, 0x7, 0xff, 0xff,
    0xfa, 0x9f, 0xff, 0xff, 0x60, 0x0, 0x6, 0xff,
    0xff, 0xf8, 0x3f, 0xff, 0xfe, 0x10, 0x0, 0x1,
    0xef, 0xff, 0xf3, 0x3, 0xac, 0xa2, 0x0, 0x0,
    0x0, 0x2a, 0xca, 0x30,

    /* U+E037 "" */
    0x2c, 0xa1, 0x0, 0x0, 0x0, 0x0, 0x0, 0x8,
    0xff, 0xe6, 0x0, 0x0, 0x0, 0x0, 0x0, 0x9f,
    0xff, 0xfb, 0x20, 0x0, 0x0, 0x0, 0x9, 0xff,
    0xff, 0xff, 0x70, 0x0, 0x0, 0x0, 0x9f, 0xff,
    0xff, 0xff, 0xd3, 0x0, 0x0, 0x9, 0xff, 0xff,
    0xff, 0xff, 0xf8, 0x0, 0x0, 0x9f, 0xff, 0xff,
    0xff, 0xff, 0xfe, 0x40, 0x9, 0xff, 0xff, 0xff,
    0xff, 0xff, 0xff, 0xa0, 0x9f, 0xff, 0xff, 0xff,
    0xff, 0xff, 0xff, 0x89, 0xff, 0xff, 0xff, 0xff,
    0xff, 0xff, 0xf4, 0x9f, 0xff, 0xff, 0xff, 0xff,
    0xff, 0xd3, 0x9, 0xff, 0xff, 0xff, 0xff, 0xff,
    0x80, 0x0, 0x9f, 0xff, 0xff, 0xff, 0xfc, 0x20,
    0x0, 0x9, 0xff, 0xff, 0xff, 0xf6, 0x0, 0x0,
    0x0, 0x9f, 0xff, 0xff, 0xb1, 0x0, 0x0, 0x0,
    0x9, 0xff, 0xfe, 0x50, 0x0, 0x0, 0x0, 0x0,
    0x7f, 0xfa, 0x10, 0x0, 0x0, 0x0, 0x0, 0x0,
    0x53, 0x0, 0x0, 0x0, 0x0, 0x0, 0x0,

    /* U+E047 "" */
    0x0, 0x3, 0x33, 0x33, 0x33, 0x33, 0x33, 0x30,
    0x0, 0x5, 0xff, 0xff, 0xff, 0xff, 0xff, 0xff,
    0xff, 0x50, 0xf, 0xff, 0xff, 0xff, 0xff, 0xff,
    0xff, 0xff, 0xf0, 0x3f, 0xff, 0xff, 0xff, 0xff,
    0xff, 0xff, 0xff, 0xf3, 0x3f, 0xff, 0xff, 0xff,
    0xff, 0xff, 0xff, 0xff, 0xf3, 0x3f, 0xff, 0xff,
    0xff, 0xff, 0xff, 0xff, 0xff, 0xf3, 0x3f, 0xff,
    0xff, 0xff, 0xff, 0xff, 0xff, 0xff, 0xf3, 0x3f,
    0xff, 0xff, 0xff, 0xff, 0xff, 0xff, 0xff, 0xf3,
    0x3f, 0xff, 0xff, 0xff, 0xff, 0xff, 0xff, 0xff,
    0xf3, 0x3f, 0xff, 0xff, 0xff, 0xff, 0xff, 0xff,
    0xff, 0xf3, 0x3f, 0xff, 0xff, 0xff, 0xff, 0xff,
    0xff, 0xff, 0xf3, 0x3f, 0xff, 0xff, 0xff, 0xff,
    0xff, 0xff, 0xff, 0xf3, 0x3f, 0xff, 0xff, 0xff,
    0xff, 0xff, 0xff, 0xff, 0xf3, 0x3f, 0xff, 0xff,
    0xff, 0xff, 0xff, 0xff, 0xff, 0xf3, 0x3f, 0xff,
    0xff, 0xff, 0xff, 0xff, 0xff, 0xff, 0xf3, 0xf,
    0xff, 0xff, 0xff, 0xff, 0xff, 0xff, 0xff, 0xf0,
    0x5, 0xff, 0xff, 0xff, 0xff, 0xff, 0xff, 0xff,
    0x50, 0x0, 0x3, 0x33, 0x33, 0x33, 0x33, 0x33,
    0x30, 0x0,

    /* U+E04B "" */
    0x4, 0xce, 0xee, 0xee, 0xee, 0xee, 0xee, 0xee,
    0xee, 0xed, 0x91, 0x0, 0x0, 0x0, 0x3f, 0xff,
    0xff, 0xff, 0xff, 0xff, 0xff, 0xff, 0xff, 0xff,
    0xfb, 0x0, 0x0, 0x0, 0x8f, 0xff, 0xff, 0xff,
    0xff, 0xff, 0xff, 0xff, 0xff, 0xff, 0xff, 0x0,
    0x0, 0x0, 0x9f, 0xff, 0xff, 0xff, 0xff, 0xff,
    0xff, 0xff, 0xff, 0xff, 0xff, 0x10, 0x0, 0x0,
    0x9f, 0xff, 0xff, 0xff, 0xff, 0xff, 0xff, 0xff,
    0xff, 0xff, 0xff, 0x10, 0x0, 0x0, 0x9f, 0xff,
    0xff, 0xff, 0xff, 0xff, 0xff, 0xff, 0xff, 0xff,
    0xff, 0x10, 0x3, 0xf5, 0x9f, 0xff, 0xff, 0xff,
    0xff, 0xff, 0xff, 0xff, 0xff, 0xff, 0xff, 0x10,
    0x3f, 0xf6, 0x9f, 0xff, 0xff, 0xff, 0xff, 0xff,
    0xff, 0xff, 0xff, 0xff, 0xff, 0x13, 0xff, 0xf6,
    0x9f, 0xff, 0xff, 0xff, 0xff, 0xff, 0xff, 0xff,
    0xff, 0xff, 0xff, 0x4f, 0xff, 0xf6, 0x9f, 0xff,
    0xff, 0xff, 0xff, 0xff, 0xff, 0xff, 0xff, 0xff,
    0xff, 0xff, 0xff, 0xf6, 0x9f, 0xff, 0xff, 0xff,
    0xff, 0xff, 0xff, 0xff, 0xff, 0xff, 0xff, 0xff,
    0xff, 0xf6, 0x9f, 0xff, 0xff, 0xff, 0xff, 0xff,
    0xff, 0xff, 0xff, 0xff, 0xff, 0xff, 0xff, 0xf6,
    0x9f, 0xff, 0xff, 0xff, 0xff, 0xff, 0xff, 0xff,
    0xff, 0xff, 0xff, 0xff, 0xff, 0xf6, 0x9f, 0xff,
    0xff, 0xff, 0xff, 0xff, 0xff, 0xff, 0xff, 0xff,
    0xff, 0x4f, 0xff, 0xf6, 0x9f, 0xff, 0xff, 0xff,
    0xff, 0xff, 0xff, 0xff, 0xff, 0xff, 0xff, 0x13,
    0xff, 0xf6, 0x9f, 0xff, 0xff, 0xff, 0xff, 0xff,
    0xff, 0xff, 0xff, 0xff, 0xff, 0x10, 0x3f, 0xf6,
    0x9f, 0xff, 0xff, 0xff, 0xff, 0xff, 0xff, 0xff,
    0xff, 0xff, 0xff, 0x10, 0x3, 0xf5, 0x9f, 0xff,
    0xff, 0xff, 0xff, 0xff, 0xff, 0xff, 0xff, 0xff,
    0xff, 0x10, 0x0, 0x10, 0x9f, 0xff, 0xff, 0xff,
    0xff, 0xff, 0xff, 0xff, 0xff, 0xff, 0xff, 0x10,
    0x0, 0x0, 0x8f, 0xff, 0xff, 0xff, 0xff, 0xff,
    0xff, 0xff, 0xff, 0xff, 0xff, 0x0, 0x0, 0x0,
    0x3f, 0xff, 0xff, 0xff, 0xff, 0xff, 0xff, 0xff,
    0xff, 0xff, 0xfb, 0x0, 0x0, 0x0, 0x5, 0xce,
    0xee, 0xee, 0xee, 0xee, 0xee, 0xee, 0xee, 0xed,
    0x91, 0x0, 0x0, 0x0,

    /* U+E04C "" */
    0x0, 0x0, 0x0, 0x0, 0x0, 0x0, 0x0, 0x0,
    0x0, 0x0, 0x0, 0x0, 0x0, 0x0, 0x4, 0xf9,
    0x0, 0x0, 0x0, 0x0, 0x0, 0x0, 0x0, 0x0,
    0x0, 0x0, 0x0, 0x0, 0x0, 0x7f, 0xf9, 0x0,
    0x0, 0x0, 0x0, 0x0, 0x0, 0x0, 0x0, 0x0,
    0x0, 0x0, 0x0, 0x0, 0xbf, 0xff, 0x0, 0x0,
    0x4e, 0xff, 0xff, 0xff, 0xff, 0xfe, 0xb1, 0x0,
    0x0, 0x0, 0x4, 0xff, 0xff, 0x0, 0x9, 0xff,
    0xff, 0xff, 0xff, 0xff, 0xff, 0xc0, 0x0, 0x0,
    0x0, 0x8f, 0xff, 0xfe, 0x0, 0x2e, 0xff, 0xff,
    0xff, 0xff, 0xff, 0xff, 0x10, 0x0, 0x0, 0x9,
    0xff, 0xff, 0xf9, 0x0, 0x2e, 0xff, 0xff, 0xff,
    0xff, 0xff, 0xf2, 0x0, 0x0, 0x0, 0x9f, 0xff,
    0xff, 0xf9, 0x0, 0x3e, 0xff, 0xff, 0xff, 0xff,
    0xff, 0x20, 0x0, 0x10, 0x9, 0xff, 0xff, 0xff,
    0xf9, 0x0, 0x3e, 0xff, 0xff, 0xff, 0xff, 0xf2,
    0x0, 0x3e, 0x60, 0x9f, 0xff, 0xff, 0xff, 0xf8,
    0x0, 0x3e, 0xff, 0xff, 0xff, 0xff, 0x20, 0x3e,
    0xf7, 0x9, 0xff, 0xff, 0xff, 0xff, 0xf8, 0x0,
    0x3f, 0xff, 0xff, 0xff, 0xf2, 0x3e, 0xff, 0x70,
    0x9f, 0xff, 0xff, 0xff, 0xff, 0xf8, 0x0, 0x3f,
    0xff, 0xff, 0xff, 0x5e, 0xff, 0xf7, 0x9, 0xff,
    0xff, 0xff, 0xff, 0xff, 0xf8, 0x0, 0x3f, 0xff,
    0xff, 0xff, 0xff, 0xff, 0x70, 0x9f, 0xff, 0xff,
    0xff, 0xff, 0xff, 0xf8, 0x0, 0x3f, 0xff, 0xff,
    0xff, 0xff, 0xf7, 0x9, 0xff, 0xff, 0xff, 0xff,
    0xff, 0xff, 0xf8, 0x0, 0x3f, 0xff, 0xff, 0xff,
    0xff, 0x70, 0x9f, 0xff, 0xff, 0xff, 0xff, 0xff,
    0xff, 0xf8, 0x0, 0x3e, 0xff, 0xff, 0xff, 0xf7,
    0x9, 0xff, 0xff, 0xff, 0xff, 0xff, 0xff, 0xff,
    0xf8, 0x0, 0x2e, 0xf3, 0xef, 0xff, 0x70, 0x9f,
    0xff, 0xff, 0xff, 0xff, 0xff, 0xff, 0xff, 0xf8,
    0x0, 0x12, 0x3, 0xef, 0xf7, 0x9, 0xff, 0xff,
    0xff, 0xff, 0xff, 0xff, 0xff, 0xff, 0xf7, 0x0,
    0x0, 0x2, 0xef, 0x70, 0x9f, 0xff, 0xff, 0xff,
    0xff, 0xff, 0xff, 0xff, 0xff, 0xf9, 0x0, 0x0,
    0x2, 0xe6, 0x9, 0xff, 0xff, 0xff, 0xff, 0xff,
    0xff, 0xff, 0xff, 0xff, 0xff, 0x0, 0x0, 0x0,
    0x0, 0x9f, 0xff, 0xff, 0xff, 0xff, 0xff, 0xff,
    0xff, 0xff, 0xff, 0xff, 0x0, 0x0, 0x0, 0x8,
    0xff, 0xff, 0xff, 0xff, 0xff, 0xff, 0xff, 0xff,
    0xff, 0xff, 0xf9, 0x0, 0x0, 0x0, 0x3f, 0xff,
    0xff, 0xff, 0xff, 0xff, 0xff, 0xff, 0xff, 0xff,
    0xff, 0xf7, 0x0, 0x0, 0x0, 0x5d, 0xff, 0xff,
    0xff, 0xff, 0xff, 0xff, 0xff, 0xff, 0xed, 0xff,
    0xf7, 0x0, 0x0, 0x0, 0x0, 0x0, 0x0, 0x0,
    0x0, 0x0, 0x0, 0x0, 0x0, 0x1, 0xdf, 0xf7,
    0x0, 0x0, 0x0, 0x0, 0x0, 0x0, 0x0, 0x0,
    0x0, 0x0, 0x0, 0x0, 0x1, 0xdf, 0xf6, 0x0,
    0x0, 0x0, 0x0, 0x0, 0x0, 0x0, 0x0, 0x0,
    0x0, 0x0, 0x0, 0x1, 0xdf, 0xf0, 0x0, 0x0,
    0x0, 0x0, 0x0, 0x0, 0x0, 0x0, 0x0, 0x0,
    0x0, 0x0, 0x1, 0xb8, 0x0,

    /* U+E050 "" */
    0x0, 0x0, 0x0, 0x0, 0x0, 0x0, 0x0, 0x0,
    0x2, 0x0, 0x0, 0x0, 0x0, 0x0, 0x0, 0x0,
    0x0, 0x0, 0x0, 0x0, 0x0, 0x5f, 0xe7, 0x0,
    0x0, 0x0, 0x0, 0x0, 0x0, 0x0, 0x0, 0x1,
    0x40, 0x0, 0x5f, 0xff, 0xc1, 0x0, 0x0, 0x0,
    0x0, 0x0, 0x0, 0x0, 0x3f, 0xf7, 0x0, 0x3,
    0xcf, 0xfe, 0x20, 0x0, 0x0, 0x0, 0x0, 0x0,
    0x3, 0xff, 0xf9, 0x0, 0x0, 0x8, 0xff, 0xd0,
    0x0, 0x0, 0x0, 0x0, 0x0, 0x4f, 0xff, 0xf9,
    0x0, 0x0, 0x0, 0x7f, 0xf9, 0x0, 0x0, 0x0,
    0x0, 0x4, 0xff, 0xff, 0xf9, 0x0, 0x10, 0x0,
    0xa, 0xff, 0x30, 0x0, 0x33, 0x33, 0x5f, 0xff,
    0xff, 0xf9, 0x0, 0xf8, 0x0, 0x1, 0xff, 0xa0,
    0xd, 0xff, 0xff, 0xff, 0xff, 0xff, 0xf9, 0x1,
    0xff, 0x70, 0x0, 0x9f, 0xf0, 0x1f, 0xff, 0xff,
    0xff, 0xff, 0xff, 0xf9, 0x1, 0xff, 0xf1, 0x0,
    0x4f, 0xf3, 0x1f, 0xff, 0xff, 0xff, 0xff, 0xff,
    0xf9, 0x1, 0xff, 0xf7, 0x0, 0xf, 0xf6, 0x1f,
    0xff, 0xff, 0xff, 0xff, 0xff, 0xf9, 0x1, 0xff,
    0xf9, 0x0, 0xf, 0xf7, 0x1f, 0xff, 0xff, 0xff,
    0xff, 0xff, 0xf9, 0x1, 0xff, 0xf9, 0x0, 0xf,
    0xf7, 0x1f, 0xff, 0xff, 0xff, 0xff, 0xff, 0xf9,
    0x1, 0xff, 0xf7, 0x0, 0xf, 0xf6, 0x1f, 0xff,
    0xff, 0xff, 0xff, 0xff, 0xf9, 0x1, 0xff, 0xf1,
    0x0, 0x4f, 0xf3, 0xd, 0xff, 0xff, 0xff, 0xff,
    0xff, 0xf9, 0x1, 0xff, 0x70, 0x0, 0x9f, 0xf0,
    0x0, 0x33, 0x33, 0x5f, 0xff, 0xff, 0xf9, 0x0,
    0xf8, 0x0, 0x1, 0xff, 0x90, 0x0, 0x0, 0x0,
    0x4, 0xff, 0xff, 0xf9, 0x0, 0x0, 0x0, 0xb,
    0xff, 0x20, 0x0, 0x0, 0x0, 0x0, 0x4f, 0xff,
    0xf9, 0x0, 0x0, 0x0, 0x8f, 0xf9, 0x0, 0x0,
    0x0, 0x0, 0x0, 0x3, 0xff, 0xf9, 0x0, 0x0,
    0x9, 0xff, 0xd0, 0x0, 0x0, 0x0, 0x0, 0x0,
    0x0, 0x3f, 0xf7, 0x0, 0x5, 0xdf, 0xfd, 0x10,
    0x0, 0x0, 0x0, 0x0, 0x0, 0x0, 0x1, 0x40,
    0x0, 0x6f, 0xff, 0xb1, 0x0, 0x0, 0x0, 0x0,
    0x0, 0x0, 0x0, 0x0, 0x0, 0x0, 0x5f, 0xe6,
    0x0, 0x0, 0x0, 0x0, 0x0, 0x0, 0x0, 0x0,
    0x0, 0x0, 0x0, 0x1, 0x0, 0x0, 0x0, 0x0,

    /* U+E061 "" */
    0x0, 0x0, 0x0, 0x3, 0x68, 0x86, 0x30, 0x0,
    0x0, 0x0, 0x0, 0x0, 0x6, 0xef, 0xff, 0xff,
    0xfe, 0x60, 0x0, 0x0, 0x0, 0x1, 0xcf, 0xff,
    0xff, 0xff, 0xff, 0xfc, 0x10, 0x0, 0x0, 0x1e,
    0xff, 0xff, 0xff, 0xff, 0xff, 0xff, 0xe1, 0x0,
    0x0, 0xcf, 0xff, 0xff, 0xff, 0xff, 0xff, 0xff,
    0xfc, 0x0, 0x6, 0xff, 0xff, 0xff, 0xff, 0xff,
    0xff, 0xff, 0xff, 0x60, 0xe, 0xff, 0xff, 0xff,
    0xff, 0xff, 0xff, 0xff, 0xff, 0xe0, 0x3f, 0xff,
    0xff, 0xff, 0xff, 0xff, 0xff, 0xff, 0xff, 0xf3,
    0x6f, 0xff, 0xff, 0xff, 0xff, 0xff, 0xff, 0xff,
    0xff, 0xf6, 0x8f, 0xff, 0xff, 0xff, 0xff, 0xff,
    0xff, 0xff, 0xff, 0xf8, 0x8f, 0xff, 0xff, 0xff,
    0xff, 0xff, 0xff, 0xff, 0xff, 0xf8, 0x6f, 0xff,
    0xff, 0xff, 0xff, 0xff, 0xff, 0xff, 0xff, 0xf6,
    0x3f, 0xff, 0xff, 0xff, 0xff, 0xff, 0xff, 0xff,
    0xff, 0xf3, 0xe, 0xff, 0xff, 0xff, 0xff, 0xff,
    0xff, 0xff, 0xff, 0xe0, 0x6, 0xff, 0xff, 0xff,
    0xff, 0xff, 0xff, 0xff, 0xff, 0x60, 0x0, 0xcf,
    0xff, 0xff, 0xff, 0xff, 0xff, 0xff, 0xfc, 0x0,
    0x0, 0x1e, 0xff, 0xff, 0xff, 0xff, 0xff, 0xff,
    0xe1, 0x0, 0x0, 0x1, 0xcf, 0xff, 0xff, 0xff,
    0xff, 0xfc, 0x10, 0x0, 0x0, 0x0, 0x6, 0xef,
    0xff, 0xff, 0xfe, 0x60, 0x0, 0x0, 0x0, 0x0,
    0x0, 0x3, 0x68, 0x86, 0x30, 0x0, 0x0, 0x0,

    /* U+E0B6 "" */
    0x8e, 0xff, 0xff, 0xfb, 0x0, 0x0, 0x0, 0xbf,
    0xff, 0xff, 0xe7, 0xef, 0xff, 0xff, 0xff, 0x10,
    0x0, 0x1, 0xff, 0xff, 0xff, 0xfe, 0xef, 0xff,
    0xeb, 0xb7, 0x0, 0x0, 0x0, 0x7b, 0xbe, 0xff,
    0xfe, 0xef, 0xff, 0xf6, 0x0, 0x0, 0x0, 0x0,
    0x0, 0x6f, 0xff, 0xfe, 0xef, 0xef, 0xff, 0x70,
    0x0, 0x0, 0x0, 0x6, 0xff, 0xfe, 0xfe, 0xef,
    0xc4, 0xff, 0xf7, 0x0, 0x0, 0x0, 0x6f, 0xff,
    0x5c, 0xfe, 0xef, 0xb0, 0x4f, 0xff, 0x80, 0x0,
    0x6, 0xff, 0xf5, 0xb, 0xfe, 0xaf, 0x70, 0x4,
    0xff, 0xf8, 0x0, 0xb, 0xff, 0x50, 0x7, 0xfa,
    0x1, 0x0, 0x0, 0x3f, 0xff, 0x80, 0x3, 0xb5,
    0x0, 0x0, 0x10, 0x0, 0x0, 0x0, 0x3, 0xff,
    0xf9, 0x0, 0x0, 0x0, 0x0, 0x0, 0x0, 0x0,
    0x0, 0x0, 0x3e, 0xff, 0x40, 0x0, 0x0, 0x0,
    0x0, 0x0, 0x0, 0x0, 0x0, 0x3, 0xff, 0x80,
    0x0, 0x0, 0x0, 0x0, 0x0, 0x0, 0x0, 0x0,
    0x1, 0xff, 0x90, 0x0, 0x0, 0x0, 0x0, 0x0,
    0x0, 0x0, 0x0, 0x1, 0xff, 0x90, 0x0, 0x0,
    0x0, 0x0, 0x0, 0x0, 0x0, 0x0, 0x1, 0xff,
    0x90, 0x0, 0x0, 0x0, 0x0, 0x0, 0x0, 0x0,
    0x0, 0x1, 0xff, 0x90, 0x0, 0x0, 0x0, 0x0,
    0x0, 0x0, 0x0, 0x0, 0x1, 0xff, 0x90, 0x0,
    0x0, 0x0, 0x0, 0x0, 0x0, 0x0, 0x0, 0x1,
    0xff, 0x90, 0x0, 0x0, 0x0, 0x0, 0x0, 0x0,
    0x0, 0x0, 0x1, 0xff, 0x90, 0x0, 0x0, 0x0,
    0x0, 0x0, 0x0, 0x0, 0x0, 0x1, 0xff, 0x90,
    0x0, 0x0, 0x0, 0x0, 0x0, 0x0, 0x0, 0x0,
    0x1, 0xff, 0x80, 0x0, 0x0, 0x0, 0x0, 0x0,
    0x0, 0x0, 0x0, 0x0, 0x9c, 0x20, 0x0, 0x0,
    0x0, 0x0,

    /* U+E0B7 "" */
    0x1, 0x78, 0x99, 0x99, 0x99, 0x99, 0x99, 0x99,
    0x99, 0x99, 0x99, 0x99, 0x87, 0x10, 0x1e, 0xff,
    0xff, 0xff, 0xff, 0xff, 0xff, 0xff, 0xff, 0xff,
    0xff, 0xff, 0xff, 0xe1, 0x7f, 0xff, 0xff, 0xff,
    0xff, 0xff, 0xff, 0xff, 0xff, 0xff, 0xff, 0xff,
    0xff, 0xf7, 0x8f, 0xff, 0xff, 0xff, 0xff, 0xff,
    0xff, 0xff, 0xff, 0xff, 0xff, 0xff, 0xff, 0xf8,
    0x9f, 0xff, 0xff, 0xff, 0xff, 0xff, 0xff, 0xff,
    0xff, 0xff, 0xff, 0xff, 0xff, 0xf9, 0x9f, 0xff,
    0xff, 0xff, 0xff, 0xff, 0xff, 0xff, 0xff, 0xff,
    0xff, 0xff, 0xff, 0xf9, 0x9f, 0xff, 0xff, 0x40,
    0x0, 0x0, 0x0, 0x0, 0x0, 0x0, 0x4, 0xff,
    0xff, 0xf9, 0x9f, 0xff, 0xff, 0x20, 0x0, 0x0,
    0x0, 0x0, 0x0, 0x0, 0x2, 0xff, 0xff, 0xf9,
    0x9f, 0xff, 0xff, 0xfc, 0xcc, 0xcc, 0xcc, 0xcc,
    0xcc, 0xcc, 0xcf, 0xff, 0xff, 0xf9, 0x9f, 0xff,
    0xff, 0xff, 0xff, 0xff, 0xff, 0xff, 0xff, 0xff,
    0xff, 0xff, 0xff, 0xf9, 0x9f, 0xff, 0xff, 0x50,
    0x0, 0x0, 0x0, 0x0, 0x0, 0x0, 0x5, 0xff,
    0xff, 0xf9, 0x9f, 0xff, 0xff, 0x10, 0x0, 0x0,
    0x0, 0x0, 0x0, 0x0, 0x1, 0xff, 0xff, 0xf9,
    0x9f, 0xff, 0xff, 0xeb, 0xbb, 0xbb, 0xbb, 0xbb,
    0xbb, 0xbb, 0xbe, 0xff, 0xff, 0xf9, 0x9f, 0xff,
    0xff, 0xff, 0xff, 0xff, 0xff, 0xff, 0xff, 0xff,
    0xff, 0xff, 0xff, 0xf9, 0x9f, 0xff, 0xff, 0x71,
    0x11, 0x11, 0x11, 0x12, 0xcf, 0xff, 0xff, 0xff,
    0xff, 0xf9, 0x9f, 0xff, 0xff, 0x0, 0x0, 0x0,
    0x0, 0x0, 0x7f, 0xff, 0xff, 0xff, 0xff, 0xf9,
    0x9f, 0xff, 0xff, 0x95, 0x55, 0x55, 0x55, 0x55,
    0xef, 0xff, 0xff, 0xff, 0xff, 0xf9, 0x9f, 0xff,
    0xff, 0xff, 0xff, 0xff, 0xff, 0xff, 0xff, 0xff,
    0xff, 0xff, 0xff, 0xf9, 0x9f, 0xff, 0xff, 0xff,
    0xff, 0xff, 0xff, 0xff, 0xff, 0xff, 0xff, 0xff,
    0xff, 0xf9, 0x9f, 0xff, 0xff, 0xff, 0xff, 0xff,
    0xff, 0xff, 0xff, 0xff, 0xff, 0xff, 0xff, 0xf8,
    0x9f, 0xff, 0xff, 0xff, 0xff, 0xff, 0xff, 0xff,
    0xff, 0xff, 0xff, 0xff, 0xff, 0xf5, 0x9f, 0xff,
    0xff, 0xff, 0xff, 0xff, 0xff, 0xff, 0xff, 0xff,
    0xff, 0xff, 0xff, 0xa0, 0x9f, 0xff, 0xf8, 0x33,
    0x33, 0x33, 0x33, 0x33, 0x33, 0x33, 0x33, 0x33,
    0x31, 0x0, 0x9f, 0xff, 0x70, 0x0, 0x0, 0x0,
    0x0, 0x0, 0x0, 0x0, 0x0, 0x0, 0x0, 0x0,
    0x8f, 0xf7, 0x0, 0x0, 0x0, 0x0, 0x0, 0x0,
    0x0, 0x0, 0x0, 0x0, 0x0, 0x0, 0x19, 0x60,
    0x0, 0x0, 0x0, 0x0, 0x0, 0x0, 0x0, 0x0,
    0x0, 0x0, 0x0, 0x0,

    /* U+E0F0 "" */
    0x0, 0x0, 0x0, 0x0, 0x0, 0x0, 0x0, 0x0,
    0x0, 0x0, 0x0, 0x0, 0x0, 0x0, 0x6, 0xbe,
    0xff, 0xeb, 0x60, 0x0, 0x0, 0x0, 0x0, 0x0,
    0x6, 0xef, 0xff, 0xff, 0xff, 0xfe, 0x60, 0x0,
    0x0, 0x0, 0x0, 0xaf, 0xff, 0xff, 0xff, 0xff,
    0xff, 0xfa, 0x0, 0x0, 0x0, 0xa, 0xff, 0xff,
    0xff, 0xff, 0xff, 0xff, 0xff, 0xa0, 0x0, 0x0,
    0x7f, 0xff, 0xff, 0xff, 0xff, 0xff, 0xff, 0xff,
    0xf7, 0x0, 0x1, 0xff, 0xff, 0xff, 0xff, 0xff,
    0xff, 0xff, 0xff, 0xff, 0x10, 0x8, 0xff, 0xff,
    0xff, 0xff, 0xff, 0xff, 0xff, 0xff, 0xff, 0x80,
    0xd, 0xff, 0xff, 0xff, 0xff, 0xff, 0xff, 0xff,
    0xff, 0xff, 0xd0, 0x1f, 0xff, 0xff, 0xff, 0xff,
    0xff, 0xff, 0xff, 0xff, 0xff, 0xf1, 0x2f, 0xff,
    0xff, 0xff, 0xff, 0xff, 0xff, 0xff, 0xff, 0xff,
    0xf2, 0x3f, 0xff, 0xff, 0xff, 0xff, 0xff, 0xff,
    0xff, 0xff, 0xff, 0xf3, 0x2f, 0xff, 0xff, 0xff,
    0xff, 0xff, 0xff, 0xff, 0xff, 0xff, 0xf2, 0xf,
    0xff, 0xff, 0xff, 0xff, 0xff, 0xff, 0xff, 0xff,
    0xff, 0xf0, 0xa, 0xff, 0xff, 0xff, 0xff, 0xff,
    0xff, 0xff, 0xff, 0xff, 0xb0, 0x3, 0xff, 0xff,
    0xff, 0xff, 0xff, 0xff, 0xff, 0xff, 0xff, 0x40,
    0x0, 0x9f, 0xff, 0xff, 0xff, 0xff, 0xff, 0xff,
    0xff, 0xfb, 0x0, 0x0, 0xc, 0xff, 0xff, 0xff,
    0xff, 0xff, 0xff, 0xff, 0xe1, 0x0, 0x0, 0x1,
    0xcf, 0xff, 0xff, 0xff, 0xff, 0xff, 0xfe, 0x30,
    0x0, 0x0, 0x0, 0x9, 0xff, 0xff, 0xff, 0xff,
    0xff, 0xc2, 0x0, 0x0, 0x0, 0x0, 0x0, 0x0,
    0x0, 0x0, 0x0, 0x0, 0x0, 0x0, 0x0, 0x0,
    0x0, 0x0, 0x24, 0x44, 0x44, 0x44, 0x44, 0x0,
    0x0, 0x0, 0x0, 0x0, 0x1, 0xff, 0xff, 0xff,
    0xff, 0xff, 0x80, 0x0, 0x0, 0x0, 0x0, 0x1,
    0xff, 0xff, 0xff, 0xff, 0xff, 0x70, 0x0, 0x0,
    0x0, 0x0, 0x0, 0x12, 0x22, 0x22, 0x22, 0x22,
    0x0, 0x0, 0x0, 0x0, 0x0, 0x0, 0x0, 0x0,
    0x0, 0x0, 0x0, 0x0, 0x0, 0x0, 0x0, 0x0,
    0x0, 0x0, 0x7f, 0xff, 0xfd, 0x0, 0x0, 0x0,
    0x0, 0x0, 0x0, 0x0, 0x0, 0x1f, 0xff, 0xf7,
    0x0, 0x0, 0x0, 0x0, 0x0, 0x0, 0x0, 0x0,
    0x2, 0xab, 0x60, 0x0, 0x0, 0x0, 0x0,

    /* U+E10E "" */
    0x0, 0x0, 0x0, 0x0, 0x1, 0x0, 0x0, 0x0,
    0x10, 0x0, 0x0, 0x0, 0x0, 0x0, 0x0, 0x0,
    0x7, 0xef, 0xf9, 0x0, 0x9f, 0xfe, 0x70, 0x0,
    0x0, 0x0, 0x0, 0x0, 0x0, 0x9f, 0xff, 0xfb,
    0x0, 0xbf, 0xff, 0xf9, 0x0, 0x0, 0x0, 0x0,
    0x0, 0x3, 0xff, 0xe2, 0x4b, 0x0, 0xb4, 0x2e,
    0xff, 0x30, 0x0, 0x0, 0x0, 0x0, 0x9, 0xff,
    0x7f, 0xf3, 0x0, 0x3f, 0xf6, 0xff, 0x80, 0x0,
    0x0, 0x0, 0x8, 0xef, 0xff, 0xef, 0xfb, 0x0,
    0xbf, 0xfd, 0xff, 0xfe, 0x80, 0x0, 0x1, 0xcf,
    0xff, 0xff, 0x3f, 0xfb, 0x0, 0xbf, 0xf2, 0xff,
    0xff, 0xfc, 0x0, 0xa, 0xff, 0xd2, 0xdf, 0xf2,
    0xfb, 0x0, 0xbf, 0x3f, 0xfd, 0x2d, 0xff, 0xa0,
    0x2f, 0xfb, 0xcf, 0x5f, 0xfe, 0xfb, 0x0, 0xbe,
    0xff, 0xe7, 0xfc, 0xbf, 0xf2, 0x5f, 0xf3, 0xff,
    0xf9, 0x34, 0xfb, 0x0, 0xbf, 0x33, 0xaf, 0xff,
    0x3f, 0xf5, 0x6f, 0xf6, 0xff, 0xff, 0xff, 0xfb,
    0x0, 0xbf, 0xff, 0xff, 0xff, 0x7f, 0xf6, 0x3f,
    0xf2, 0xff, 0xff, 0xff, 0xfb, 0x0, 0xbf, 0xff,
    0xff, 0xff, 0x2f, 0xf3, 0xd, 0xff, 0x1d, 0xff,
    0xff, 0xfb, 0x0, 0xbf, 0xff, 0xff, 0xd1, 0xff,
    0xd0, 0xd, 0xff, 0xff, 0x9e, 0xff, 0xfb, 0x0,
    0xbf, 0xff, 0xe9, 0xff, 0xff, 0xc0, 0x3f, 0xff,
    0xff, 0xfa, 0xff, 0xfb, 0x0, 0xbf, 0xff, 0xaf,
    0xff, 0xff, 0xf2, 0x6f, 0xf6, 0x50, 0x3f, 0xff,
    0xfb, 0x0, 0xbf, 0xff, 0xf3, 0x5, 0x5f, 0xf4,
    0x6f, 0xf4, 0xff, 0xff, 0xff, 0xfb, 0x0, 0xbf,
    0xef, 0xff, 0xff, 0x2f, 0xf4, 0x2f, 0xf9, 0xef,
    0xfd, 0x8e, 0x8b, 0x0, 0xb5, 0xf8, 0xef, 0xfd,
    0xbf, 0xf1, 0xb, 0xff, 0xa0, 0xb, 0xff, 0x2b,
    0x0, 0xb0, 0xff, 0xb0, 0x1c, 0xff, 0xa0, 0x1,
    0xef, 0xff, 0xff, 0xf7, 0xeb, 0x0, 0xbe, 0x8f,
    0xff, 0xff, 0xfd, 0x10, 0x0, 0x1a, 0xff, 0xff,
    0xf, 0xfb, 0x0, 0xbf, 0xf0, 0xff, 0xfe, 0x80,
    0x0, 0x0, 0x0, 0x6, 0xff, 0x3f, 0xf5, 0x0,
    0x4f, 0xf3, 0xff, 0x60, 0x0, 0x0, 0x0, 0x0,
    0x0, 0xff, 0xf2, 0x3a, 0x0, 0xb3, 0x2f, 0xff,
    0x10, 0x0, 0x0, 0x0, 0x0, 0x0, 0x5f, 0xff,
    0xfb, 0x0, 0xbf, 0xff, 0xf6, 0x0, 0x0, 0x0,
    0x0, 0x0, 0x0, 0x5, 0xdf, 0xfa, 0x0, 0xaf,
    0xfd, 0x50, 0x0, 0x0, 0x0, 0x0, 0x0, 0x0,
    0x0, 0x1, 0x10, 0x0, 0x1, 0x10, 0x0, 0x0,
    0x0, 0x0,

    /* U+E145 "" */
    0x0, 0x0, 0x0, 0x0, 0x4, 0x20, 0x0, 0x0,
    0x0, 0x0, 0x0, 0x0, 0x0, 0x0, 0x6f, 0xe0,
    0x0, 0x0, 0x0, 0x0, 0x0, 0x0, 0x0, 0x0,
    0x8f, 0xf2, 0x0, 0x0, 0x0, 0x0, 0x0, 0x0,
    0x0, 0x0, 0x8f, 0xf2, 0x0, 0x0, 0x0, 0x0,
    0x0, 0x0, 0x0, 0x0, 0x8f, 0xf2, 0x0, 0x0,
    0x0, 0x0, 0x0, 0x0, 0x0, 0x0, 0x8f, 0xf2,
    0x0, 0x0, 0x0, 0x0, 0x0, 0x0, 0x0, 0x0,
    0x8f, 0xf2, 0x0, 0x0, 0x0, 0x0, 0x0, 0x0,
    0x0, 0x0, 0x8f, 0xf2, 0x0, 0x0, 0x0, 0x0,
    0x1, 0x11, 0x11, 0x11, 0x9f, 0xf3, 0x11, 0x11,
    0x11, 0x0, 0x7f, 0xff, 0xff, 0xff, 0xff, 0xff,
    0xff, 0xff, 0xff, 0xe2, 0xbf, 0xff, 0xff, 0xff,
    0xff, 0xff, 0xff, 0xff, 0xff, 0xf4, 0x28, 0x88,
    0x88, 0x88, 0xcf, 0xf9, 0x88, 0x88, 0x88, 0x60,
    0x0, 0x0, 0x0, 0x0, 0x8f, 0xf2, 0x0, 0x0,
    0x0, 0x0, 0x0, 0x0, 0x0, 0x0, 0x8f, 0xf2,
    0x0, 0x0, 0x0, 0x0, 0x0, 0x0, 0x0, 0x0,
    0x8f, 0xf2, 0x0, 0x0, 0x0, 0x0, 0x0, 0x0,
    0x0, 0x0, 0x8f, 0xf2, 0x0, 0x0, 0x0, 0x0,
    0x0, 0x0, 0x0, 0x0, 0x8f, 0xf2, 0x0, 0x0,
    0x0, 0x0, 0x0, 0x0, 0x0, 0x0, 0x8f, 0xf2,
    0x0, 0x0, 0x0, 0x0, 0x0, 0x0, 0x0, 0x0,
    0x8f, 0xf1, 0x0, 0x0, 0x0, 0x0, 0x0, 0x0,
    0x0, 0x0, 0x2b, 0x80, 0x0, 0x0, 0x0, 0x0,

    /* U+E14C "" */
    0x6d, 0x50, 0x0, 0x0, 0x0, 0x0, 0x0, 0x5,
    0xd6, 0xdf, 0xf5, 0x0, 0x0, 0x0, 0x0, 0x0,
    0x5f, 0xfd, 0x5f, 0xff, 0x50, 0x0, 0x0, 0x0,
    0x5, 0xff, 0xf5, 0x5, 0xff, 0xf5, 0x0, 0x0,
    0x0, 0x5f, 0xff, 0x50, 0x0, 0x5f, 0xff, 0x50,
    0x0, 0x5, 0xff, 0xf5, 0x0, 0x0, 0x5, 0xff,
    0xf5, 0x0, 0x5f, 0xff, 0x50, 0x0, 0x0, 0x0,
    0x5f, 0xff, 0x66, 0xff, 0xf5, 0x0, 0x0, 0x0,
    0x0, 0x5, 0xff, 0xff, 0xff, 0x50, 0x0, 0x0,
    0x0, 0x0, 0x0, 0x6f, 0xff, 0xf6, 0x0, 0x0,
    0x0, 0x0, 0x0, 0x0, 0x6f, 0xff, 0xf6, 0x0,
    0x0, 0x0, 0x0, 0x0, 0x5, 0xff, 0xff, 0xff,
    0x50, 0x0, 0x0, 0x0, 0x0, 0x5f, 0xff, 0x55,
    0xff, 0xf5, 0x0, 0x0, 0x0, 0x5, 0xff, 0xf5,
    0x0, 0x5f, 0xff, 0x50, 0x0, 0x0, 0x5f, 0xff,
    0x50, 0x0, 0x5, 0xff, 0xf5, 0x0, 0x5, 0xff,
    0xf5, 0x0, 0x0, 0x0, 0x5f, 0xff, 0x50, 0x5f,
    0xff, 0x50, 0x0, 0x0, 0x0, 0x5, 0xff, 0xf5,
    0xdf, 0xf5, 0x0, 0x0, 0x0, 0x0, 0x0, 0x5f,
    0xfd, 0x6d, 0x50, 0x0, 0x0, 0x0, 0x0, 0x0,
    0x5, 0xd6,

    /* U+E153 "" */
    0x3d, 0xee, 0xee, 0xee, 0xee, 0xee, 0x50, 0x0,
    0x0, 0x0, 0x8, 0xff, 0xff, 0xff, 0xff, 0xff,
    0xfd, 0x0, 0x0, 0x0, 0x0, 0x9f, 0xff, 0xff,
    0xff, 0xff, 0xff, 0xf3, 0x22, 0x22, 0x21, 0x9,
    0xff, 0xff, 0xff, 0xff, 0xff, 0xff, 0xff, 0xff,
    0xff, 0xf9, 0x9f, 0xff, 0xff, 0xff, 0xff, 0xff,
    0xff, 0xff, 0xff, 0xff, 0xe9, 0xff, 0xff, 0xff,
    0xff, 0xff, 0xff, 0xff, 0xff, 0xff, 0xfe, 0x9f,
    0xff, 0xff, 0xff, 0xff, 0xff, 0xff, 0xff, 0xff,
    0xff, 0xe9, 0xff, 0xff, 0xff, 0xff, 0xff, 0xff,
    0xff, 0xff, 0xff, 0xfe, 0x9f, 0xff, 0xff, 0xff,
    0xff, 0xff, 0xff, 0xff, 0xff, 0xff, 0xe9, 0xff,
    0xff, 0xff, 0xff, 0xff, 0xff, 0xff, 0xff, 0xff,
    0xfe, 0x9f, 0xff, 0xff, 0xff, 0xff, 0xff, 0xff,
    0xff, 0xff, 0xff, 0xe9, 0xff, 0xff, 0xff, 0xff,
    0xff, 0xff, 0xff, 0xff, 0xff, 0xfe, 0x9f, 0xff,
    0xff, 0xff, 0xff, 0xff, 0xff, 0xff, 0xff, 0xff,
    0xe9, 0xff, 0x77, 0x77, 0x77, 0x77, 0xff, 0xff,
    0xff, 0xff, 0xfe, 0x9f, 0xf1, 0x0, 0x0, 0x0,
    0xd, 0xff, 0xff, 0xff, 0xff, 0xe9, 0xff, 0x10,
    0x0, 0x0, 0x0, 0x7f, 0xff, 0xff, 0xff, 0xfa,
    0x9f, 0xf1, 0x0, 0x0, 0x0, 0x0, 0x22, 0x22,
    0x22, 0x22, 0x9, 0xff, 0x10, 0x0, 0x0, 0x0,
    0x0, 0x0, 0x0, 0x0, 0x0, 0x9f, 0xf1, 0x0,
    0x0, 0x0, 0x0, 0x0, 0x0, 0x0, 0x0, 0x9,
    0xff, 0x10, 0x0, 0x0, 0x0, 0x0, 0x0, 0x0,
    0x0, 0x0, 0x9f, 0xf1, 0x0, 0x0, 0x0, 0x0,
    0x0, 0x0, 0x0, 0x0, 0x9, 0xff, 0x10, 0x0,
    0x0, 0x0, 0x0, 0x0, 0x0, 0x0, 0x0, 0x6f,
    0xd0, 0x0, 0x0, 0x0, 0x0, 0x0, 0x0, 0x0,
    0x0, 0x0, 0x20, 0x0, 0x0, 0x0, 0x0, 0x0,
    0x0, 0x0, 0x0, 0x0,

    /* U+E156 "" */
    0x0, 0x0, 0x0, 0x0, 0x0, 0x0, 0x0, 0x0,
    0x0, 0x0, 0x0, 0x0, 0x0, 0x2, 0xcf, 0xff,
    0xff, 0xff, 0xff, 0xff, 0xff, 0xff, 0xff, 0xff,
    0xfe, 0x40, 0xc, 0xff, 0xff, 0xff, 0xff, 0xff,
    0xff, 0xff, 0xff, 0xff, 0xff, 0xff, 0xf1, 0xf,
    0xfd, 0xaa, 0xaa, 0xaa, 0xaa, 0xaa, 0xaa, 0xaa,
    0xaa, 0xaa, 0xbf, 0xf5, 0x1f, 0xf9, 0x0, 0x0,
    0x0, 0x0, 0x0, 0x0, 0x0, 0x0, 0x0, 0x4f,
    0xf6, 0x1f, 0xf9, 0x0, 0x0, 0x0, 0x0, 0x0,
    0x0, 0x0, 0x0, 0x0, 0x4f, 0xf6, 0x1f, 0xf9,
    0x0, 0x0, 0x0, 0x0, 0x0, 0x0, 0x0, 0x0,
    0x0, 0x4f, 0xf6, 0x1f, 0xf9, 0x0, 0x0, 0x0,
    0x0, 0x0, 0x0, 0x0, 0x0, 0x0, 0x4f, 0xf6,
    0x1f, 0xf9, 0x0, 0x0, 0x0, 0x0, 0x0, 0x0,
    0x0, 0x0, 0x0, 0x4f, 0xf6, 0x1f, 0xf9, 0x0,
    0x0, 0x0, 0x0, 0x0, 0x0, 0x0, 0x0, 0x0,
    0x4f, 0xf6, 0x1f, 0xf9, 0x0, 0x0, 0x0, 0x0,
    0x0, 0x0, 0x0, 0x0, 0x0, 0x4f, 0xf6, 0x1f,
    0xf9, 0x0, 0x0, 0x0, 0x0, 0x0, 0x0, 0x0,
    0x0, 0x0, 0x4f, 0xf6, 0x1f, 0xf9, 0x0, 0x0,
    0x0, 0x0, 0x0, 0x0, 0x0, 0x0, 0x0, 0x4f,
    0xf6, 0x1f, 0xf9, 0x0, 0x0, 0x0, 0x0, 0x0,
    0x0, 0x0, 0x0, 0x0, 0x4f, 0xf6, 0x1f, 0xf9,
    0x0, 0x0, 0x0, 0x0, 0x0, 0x0, 0x0, 0x0,
    0x0, 0x4f, 0xf6, 0x1f, 0xf9, 0x0, 0x0, 0x0,
    0x0, 0x0, 0x0, 0x0, 0x0, 0x0, 0x4f, 0xf6,
    0x1f, 0xff, 0xff, 0xff, 0xe5, 0x0, 0x0, 0x0,
    0x2c, 0xef, 0xff, 0xff, 0xf6, 0x1f, 0xff, 0xff,
    0xff, 0xff, 0x40, 0x0, 0x1, 0xdf, 0xff, 0xff,
    0xff, 0xf6, 0x1f, 0xff, 0xff, 0xff, 0xff, 0xfa,
    0x54, 0x8e, 0xff, 0xff, 0xff, 0xff, 0xf6, 0x1f,
    0xff, 0xff, 0xff, 0xff, 0xff, 0xff, 0xff, 0xff,
    0xff, 0xff, 0xff, 0xf6, 0x1f, 0xff, 0xff, 0xff,
    0xff, 0xff, 0xff, 0xff, 0xff, 0xff, 0xff, 0xff,
    0xf6, 0x1f, 0xff, 0xff, 0xff, 0xff, 0xff, 0xff,
    0xff, 0xff, 0xff, 0xff, 0xff, 0xf6, 0xf, 0xff,
    0xff, 0xff, 0xff, 0xff, 0xff, 0xff, 0xff, 0xff,
    0xff, 0xff, 0xf5, 0xd, 0xff, 0xff, 0xff, 0xff,
    0xff, 0xff, 0xff, 0xff, 0xff, 0xff, 0xff, 0xf2,
    0x3, 0xef, 0xff, 0xff, 0xff, 0xff, 0xff, 0xff,
    0xff, 0xff, 0xff, 0xff, 0x70, 0x0, 0x3, 0x33,
    0x33, 0x33, 0x33, 0x33, 0x33, 0x33, 0x33, 0x33,
    0x31, 0x0,

    /* U+E157 "" */
    0x0, 0x0, 0x4a, 0xdf, 0xff, 0xfe, 0x70, 0x3,
    0xef, 0xff, 0xfe, 0xb5, 0x0, 0x0, 0x0, 0x1b,
    0xff, 0xff, 0xff, 0xff, 0xd0, 0x8, 0xff, 0xff,
    0xff, 0xff, 0xc1, 0x0, 0x0, 0xcf, 0xff, 0xdb,
    0xbb, 0xbb, 0x40, 0x1, 0xab, 0xbb, 0xbc, 0xff,
    0xfd, 0x0, 0x9, 0xff, 0xc2, 0x0, 0x0, 0x0,
    0x0, 0x0, 0x0, 0x0, 0x0, 0x2c, 0xff, 0x90,
    0x1f, 0xfd, 0x0, 0x0, 0x0, 0x0, 0x0, 0x0,
    0x0, 0x0, 0x0, 0x0, 0xdf, 0xf1, 0x6f, 0xf6,
    0x0, 0x0, 0x1, 0x33, 0x33, 0x33, 0x33, 0x30,
    0x0, 0x0, 0x5f, 0xf6, 0x8f, 0xf2, 0x0, 0x0,
    0x1f, 0xff, 0xff, 0xff, 0xff, 0xf6, 0x0, 0x0,
    0x2f, 0xf8, 0x8f, 0xf2, 0x0, 0x0, 0x1f, 0xff,
    0xff, 0xff, 0xff, 0xf6, 0x0, 0x0, 0x2f, 0xf8,
    0x6f, 0xf6, 0x0, 0x0, 0x1, 0x33, 0x33, 0x33,
    0x33, 0x30, 0x0, 0x0, 0x5f, 0xf6, 0x1f, 0xfd,
    0x0, 0x0, 0x0, 0x0, 0x0, 0x0, 0x0, 0x0,
    0x0, 0x0, 0xdf, 0xf1, 0x9, 0xff, 0xc2, 0x0,
    0x0, 0x0, 0x0, 0x0, 0x0, 0x0, 0x0, 0x2c,
    0xff, 0x90, 0x0, 0xdf, 0xff, 0xdb, 0xbb, 0xbb,
    0x40, 0x1, 0xab, 0xbb, 0xbc, 0xff, 0xfd, 0x10,
    0x0, 0x1b, 0xff, 0xff, 0xff, 0xff, 0xd0, 0x8,
    0xff, 0xff, 0xff, 0xff, 0xc1, 0x0, 0x0, 0x0,
    0x4a, 0xdf, 0xff, 0xfe, 0x70, 0x3, 0xef, 0xff,
    0xfe, 0xb5, 0x0, 0x0,

    /* U+E15B "" */
    0x18, 0x88, 0x88, 0x88, 0x88, 0x88, 0x88, 0x88,
    0x88, 0x60, 0xbf, 0xff, 0xff, 0xff, 0xff, 0xff,
    0xff, 0xff, 0xff, 0xf4, 0x7f, 0xff, 0xff, 0xff,
    0xff, 0xff, 0xff, 0xff, 0xff, 0xf2, 0x1, 0x11,
    0x11, 0x11, 0x11, 0x11, 0x11, 0x11, 0x11, 0x0,

    /* U+E161 "" */
    0x0, 0x3, 0x33, 0x33, 0x33, 0x33, 0x33, 0x33,
    0x33, 0x31, 0x0, 0x0, 0x0, 0x5, 0xff, 0xff,
    0xff, 0xff, 0xff, 0xff, 0xff, 0xff, 0xff, 0x90,
    0x0, 0x0, 0xf, 0xff, 0xff, 0xff, 0xff, 0xff,
    0xff, 0xff, 0xff, 0xff, 0xfb, 0x0, 0x0, 0x3f,
    0xff, 0xff, 0xff, 0xff, 0xff, 0xff, 0xff, 0xff,
    0xff, 0xff, 0xb0, 0x0, 0x3f, 0xff, 0xff, 0xff,
    0xff, 0xff, 0xff, 0xff, 0xff, 0xff, 0xff, 0xfb,
    0x0, 0x3f, 0xff, 0xf5, 0x0, 0x0, 0x0, 0x0,
    0x0, 0x4f, 0xff, 0xff, 0xff, 0xb0, 0x3f, 0xff,
    0xf0, 0x0, 0x0, 0x0, 0x0, 0x0, 0xe, 0xff,
    0xff, 0xff, 0xf4, 0x3f, 0xff, 0xf0, 0x0, 0x0,
    0x0, 0x0, 0x0, 0xe, 0xff, 0xff, 0xff, 0xf6,
    0x3f, 0xff, 0xf0, 0x0, 0x0, 0x0, 0x0, 0x0,
    0xe, 0xff, 0xff, 0xff, 0xf6, 0x3f, 0xff, 0xf5,
    0x0, 0x0, 0x0, 0x0, 0x0, 0x3f, 0xff, 0xff,
    0xff, 0xf6, 0x3f, 0xff, 0xff, 0xff, 0xff, 0xff,
    0xff, 0xff, 0xff, 0xff, 0xff, 0xff, 0xf6, 0x3f,
    0xff, 0xff, 0xff, 0xff, 0xff, 0xff, 0xff, 0xff,
    0xff, 0xff, 0xff, 0xf6, 0x3f, 0xff, 0xff, 0xff,
    0xff, 0xff, 0xff, 0xff, 0xff, 0xff, 0xff, 0xff,
    0xf6, 0x3f, 0xff, 0xff, 0xff, 0xff, 0xfb, 0x66,
    0xaf, 0xff, 0xff, 0xff, 0xff, 0xf6, 0x3f, 0xff,
    0xff, 0xff, 0xff, 0x60, 0x0, 0x3, 0xff, 0xff,
    0xff, 0xff, 0xf6, 0x3f, 0xff, 0xff, 0xff, 0xfa,
    0x0, 0x0, 0x0, 0x7f, 0xff, 0xff, 0xff, 0xf6,
    0x3f, 0xff, 0xff, 0xff, 0xf5, 0x0, 0x0, 0x0,
    0x2f, 0xff, 0xff, 0xff, 0xf6, 0x3f, 0xff, 0xff,
    0xff, 0xf4, 0x0, 0x0, 0x0, 0x1f, 0xff, 0xff,
    0xff, 0xf6, 0x3f, 0xff, 0xff, 0xff, 0xf8, 0x0,
    0x0, 0x0, 0x5f, 0xff, 0xff, 0xff, 0xf6, 0x3f,
    0xff, 0xff, 0xff, 0xff, 0x30, 0x0, 0x1, 0xef,
    0xff, 0xff, 0xff, 0xf6, 0x3f, 0xff, 0xff, 0xff,
    0xff, 0xf8, 0x33, 0x7e, 0xff, 0xff, 0xff, 0xff,
    0xf6, 0x3f, 0xff, 0xff, 0xff, 0xff, 0xff, 0xff,
    0xff, 0xff, 0xff, 0xff, 0xff, 0xf6, 0x3f, 0xff,
    0xff, 0xff, 0xff, 0xff, 0xff, 0xff, 0xff, 0xff,
    0xff, 0xff, 0xf6, 0xf, 0xff, 0xff, 0xff, 0xff,
    0xff, 0xff, 0xff, 0xff, 0xff, 0xff, 0xff, 0xf3,
    0x5, 0xff, 0xff, 0xff, 0xff, 0xff, 0xff, 0xff,
    0xff, 0xff, 0xff, 0xff, 0x70, 0x0, 0x3, 0x33,
    0x33, 0x33, 0x33, 0x33, 0x33, 0x33, 0x33, 0x33,
    0x31, 0x0,

    /* U+E163 "" */
    0x0, 0x10, 0x0, 0x0, 0x0, 0x0, 0x0, 0x0,
    0x0, 0x0, 0x0, 0x0, 0x1, 0xef, 0xb4, 0x0,
    0x0, 0x0, 0x0, 0x0, 0x0, 0x0, 0x0, 0x0,
    0x0, 0x3f, 0xff, 0xfe, 0x71, 0x0, 0x0, 0x0,
    0x0, 0x0, 0x0, 0x0, 0x0, 0x3, 0xff, 0xff,
    0xff, 0xfa, 0x30, 0x0, 0x0, 0x0, 0x0, 0x0,
    0x0, 0x0, 0x3f, 0xf3, 0x2b, 0xff, 0xff, 0xc5,
    0x0, 0x0, 0x0, 0x0, 0x0, 0x0, 0x3, 0xff,
    0x5f, 0xf6, 0x6f, 0xff, 0xfe, 0x81, 0x0, 0x0,
    0x0, 0x0, 0x0, 0x3f, 0xf5, 0xff, 0xff, 0xb1,
    0xdf, 0xff, 0xfa, 0x40, 0x0, 0x0, 0x0, 0x3,
    0xff, 0x5f, 0xff, 0xff, 0xfe, 0x3a, 0xff, 0xff,
    0xd6, 0x0, 0x0, 0x0, 0x6, 0xa5, 0xff, 0xff,
    0xff, 0xff, 0xf7, 0x5f, 0xff, 0xff, 0x92, 0x0,
    0x0, 0x0, 0x2, 0x6b, 0xff, 0xff, 0xff, 0xff,
    0xc0, 0xdf, 0xff, 0xfb, 0x40, 0x0, 0x0, 0x0,
    0x0, 0x37, 0xbf, 0xff, 0xff, 0xff, 0x49, 0xff,
    0xff, 0x50, 0x0, 0x0, 0x0, 0x3, 0x7b, 0xff,
    0xff, 0xff, 0xe4, 0x9f, 0xff, 0xf5, 0x0, 0x0,
    0x37, 0xbf, 0xff, 0xff, 0xff, 0xfb, 0x1d, 0xff,
    0xff, 0xb4, 0x0, 0x6a, 0x5f, 0xff, 0xff, 0xff,
    0xff, 0x76, 0xff, 0xff, 0xf9, 0x20, 0x0, 0x3f,
    0xf5, 0xff, 0xff, 0xff, 0xe2, 0xbf, 0xff, 0xfd,
    0x60, 0x0, 0x0, 0x3, 0xff, 0x5f, 0xff, 0xfa,
    0x2e, 0xff, 0xff, 0xb4, 0x0, 0x0, 0x0, 0x0,
    0x3f, 0xf5, 0xff, 0x58, 0xff, 0xff, 0xe8, 0x10,
    0x0, 0x0, 0x0, 0x0, 0x3, 0xff, 0x20, 0xcf,
    0xff, 0xfc, 0x50, 0x0, 0x0, 0x0, 0x0, 0x0,
    0x0, 0x3f, 0xff, 0xff, 0xff, 0xa3, 0x0, 0x0,
    0x0, 0x0, 0x0, 0x0, 0x0, 0x3, 0xff, 0xff,
    0xe7, 0x10, 0x0, 0x0, 0x0, 0x0, 0x0, 0x0,
    0x0, 0x0, 0x1e, 0xfb, 0x50, 0x0, 0x0, 0x0,
    0x0, 0x0, 0x0, 0x0, 0x0, 0x0, 0x0, 0x1,
    0x0, 0x0, 0x0, 0x0, 0x0, 0x0, 0x0, 0x0,
    0x0, 0x0, 0x0,

    /* U+E166 "" */
    0x0, 0x0, 0x0, 0x52, 0x0, 0x0, 0x0, 0x0,
    0x0, 0x0, 0x0, 0x0, 0x0, 0xa, 0xff, 0x0,
    0x0, 0x0, 0x0, 0x0, 0x0, 0x0, 0x0, 0x0,
    0xaf, 0xfd, 0x0, 0x0, 0x0, 0x0, 0x0, 0x0,
    0x0, 0x0, 0xa, 0xff, 0xe2, 0x0, 0x0, 0x0,
    0x0, 0x0, 0x0, 0x0, 0x0, 0xaf, 0xfe, 0x20,
    0x0, 0x0, 0x0, 0x0, 0x0, 0x0, 0x0, 0xa,
    0xff, 0xfb, 0x99, 0x99, 0x99, 0x99, 0x97, 0x30,
    0x0, 0x0, 0x4f, 0xff, 0xff, 0xff, 0xff, 0xff,
    0xff, 0xff, 0xfc, 0x40, 0x0, 0x1e, 0xff, 0xff,
    0xff, 0xff, 0xff, 0xff, 0xff, 0xff, 0xf7, 0x0,
    0x3, 0xef, 0xf9, 0x0, 0x0, 0x0, 0x0, 0x14,
    0xaf, 0xff, 0x50, 0x0, 0x3e, 0xff, 0x90, 0x0,
    0x0, 0x0, 0x0, 0x5, 0xff, 0xe1, 0x0, 0x3,
    0xef, 0xf8, 0x0, 0x0, 0x0, 0x0, 0x0, 0x7f,
    0xf7, 0x0, 0x0, 0x3e, 0xff, 0x0, 0x0, 0x0,
    0x0, 0x0, 0xf, 0xfb, 0x0, 0x0, 0x3, 0xc8,
    0x0, 0x0, 0x0, 0x0, 0x0, 0xd, 0xfd, 0x0,
    0x0, 0x0, 0x0, 0x0, 0x0, 0x0, 0x0, 0x0,
    0xd, 0xfd, 0x0, 0x0, 0x0, 0x0, 0x0, 0x0,
    0x0, 0x0, 0x0, 0xf, 0xfb, 0x0, 0x0, 0x0,
    0x0, 0x0, 0x0, 0x0, 0x0, 0x0, 0x7f, 0xf7,
    0x0, 0x0, 0x0, 0x0, 0x0, 0x0, 0x0, 0x0,
    0x5, 0xff, 0xf1, 0x0, 0x0, 0x0, 0x0, 0x0,
    0x0, 0x0, 0x14, 0xaf, 0xff, 0x50, 0x0, 0x0,
    0x9f, 0xff, 0xff, 0xff, 0xff, 0xff, 0xff, 0xf7,
    0x0, 0x0, 0x0, 0xdf, 0xff, 0xff, 0xff, 0xff,
    0xff, 0xfd, 0x40, 0x0, 0x0, 0x0, 0x39, 0x99,
    0x99, 0x99, 0x99, 0x97, 0x30, 0x0, 0x0,

    /* U+E16F "" */
    0x3d, 0x70, 0x0, 0x0, 0x0, 0x0, 0x0, 0x0,
    0x0, 0x0, 0x0, 0x0, 0x0, 0x0, 0x8f, 0xf8,
    0x0, 0x0, 0x0, 0x0, 0x0, 0x0, 0x0, 0x0,
    0x0, 0x0, 0x0, 0x0, 0x1d, 0xff, 0x80, 0x0,
    0x0, 0x0, 0x0, 0x0, 0x0, 0x0, 0x0, 0x0,
    0x0, 0x0, 0x1, 0xdf, 0xf8, 0x0, 0x0, 0x0,
    0x0, 0x0, 0x0, 0x0, 0x0, 0x0, 0x0, 0x0,
    0x0, 0x1d, 0xff, 0x80, 0x0, 0x0, 0x0, 0x0,
    0x0, 0x0, 0x0, 0x0, 0x0, 0x0, 0x0, 0x1,
    0xff, 0xf8, 0x0, 0x0, 0x0, 0x2, 0xdf, 0xff,
    0xfe, 0xb5, 0x0, 0x0, 0x0, 0x1c, 0xff, 0xff,
    0x70, 0x0, 0x0, 0x6, 0xff, 0xff, 0xff, 0xff,
    0xc1, 0x0, 0x1, 0xdf, 0xff, 0xff, 0xf7, 0x0,
    0x0, 0x0, 0x9b, 0xbb, 0xbc, 0xff, 0xfd, 0x0,
    0xa, 0xff, 0xc2, 0x1d, 0xff, 0x70, 0x0, 0x0,
    0x0, 0x0, 0x0, 0x2c, 0xff, 0x90, 0x1f, 0xfd,
    0x0, 0x1, 0xdf, 0xf7, 0x0, 0x0, 0x0, 0x0,
    0x0, 0x0, 0xdf, 0xf1, 0x6f, 0xf5, 0x0, 0x0,
    0x1f, 0xff, 0x70, 0x0, 0x22, 0x10, 0x0, 0x0,
    0x5f, 0xf6, 0x8f, 0xf1, 0x0, 0x0, 0x1f, 0xff,
    0xf7, 0x0, 0x3f, 0xf3, 0x0, 0x0, 0x1f, 0xf8,
    0x8f, 0xf1, 0x0, 0x0, 0x1f, 0xff, 0xff, 0x70,
    0x3, 0xf4, 0x0, 0x0, 0x2f, 0xf7, 0x6f, 0xf5,
    0x0, 0x0, 0x1, 0x35, 0xff, 0xf7, 0x0, 0x10,
    0x0, 0x0, 0x6f, 0xf5, 0x1f, 0xfd, 0x0, 0x0,
    0x0, 0x0, 0x1d, 0xff, 0x70, 0x0, 0x0, 0x1,
    0xef, 0xe0, 0x9, 0xff, 0xc2, 0x0, 0x0, 0x0,
    0x1, 0xdf, 0xf7, 0x0, 0x0, 0x4e, 0xff, 0x70,
    0x0, 0xdf, 0xff, 0xdb, 0xbb, 0xbb, 0x30, 0x2e,
    0xff, 0x70, 0x0, 0xdf, 0xfa, 0x0, 0x0, 0x1b,
    0xff, 0xff, 0xff, 0xff, 0xc0, 0x2, 0xef, 0xf7,
    0x0, 0x7e, 0x70, 0x0, 0x0, 0x0, 0x5a, 0xef,
    0xff, 0xfe, 0x60, 0x0, 0x2e, 0xff, 0x60, 0x0,
    0x0, 0x0, 0x0, 0x0, 0x0, 0x0, 0x0, 0x0,
    0x0, 0x0, 0x2, 0xef, 0xf6, 0x0, 0x0, 0x0,
    0x0, 0x0, 0x0, 0x0, 0x0, 0x0, 0x0, 0x0,
    0x0, 0x2e, 0xff, 0x60, 0x0, 0x0, 0x0, 0x0,
    0x0, 0x0, 0x0, 0x0, 0x0, 0x0, 0x0, 0x2,
    0xef, 0xf6, 0x0, 0x0, 0x0, 0x0, 0x0, 0x0,
    0x0, 0x0, 0x0, 0x0, 0x0, 0x0, 0x2e, 0xff,
    0x60, 0x0, 0x0, 0x0, 0x0, 0x0, 0x0, 0x0,
    0x0, 0x0, 0x0, 0x0, 0x2, 0xef, 0xf6, 0x0,
    0x0, 0x0, 0x0, 0x0, 0x0, 0x0, 0x0, 0x0,
    0x0, 0x0, 0x0, 0x2e, 0xfc, 0x0, 0x0, 0x0,
    0x0, 0x0, 0x0, 0x0, 0x0, 0x0, 0x0, 0x0,
    0x0, 0x2, 0x94, 0x0,

    /* U+E192 "" */
    0x0, 0x0, 0x0, 0x0, 0x0, 0x15, 0x78, 0x87,
    0x51, 0x0, 0x0, 0x0, 0x0, 0x0, 0x0, 0x0,
    0x0, 0x0, 0x5c, 0xff, 0xff, 0xff, 0xff, 0xc5,
    0x0, 0x0, 0x0, 0x0, 0x0, 0x0, 0x0, 0x4d,
    0xff, 0xff, 0xff, 0xff, 0xff, 0xff, 0xd4, 0x0,
    0x0, 0x0, 0x0, 0x0, 0x8, 0xff, 0xff, 0xff,
    0xff, 0xff, 0xff, 0xff, 0xff, 0x70, 0x0, 0x0,
    0x0, 0x0, 0xaf, 0xff, 0xff, 0xff, 0xff, 0xff,
    0xff, 0xff, 0xff, 0xfa, 0x0, 0x0, 0x0, 0x8,
    0xff, 0xff, 0xff, 0xff, 0xff, 0xff, 0xff, 0xff,
    0xff, 0xff, 0x70, 0x0, 0x0, 0x4f, 0xff, 0xff,
    0xff, 0xff, 0xff, 0xff, 0xff, 0xff, 0xff, 0xff,
    0xf4, 0x0, 0x0, 0xdf, 0xff, 0xff, 0xff, 0xff,
    0xf5, 0x4f, 0xff, 0xff, 0xff, 0xff, 0xfd, 0x0,
    0x6, 0xff, 0xff, 0xff, 0xff, 0xff, 0xc0, 0xb,
    0xff, 0xff, 0xff, 0xff, 0xff, 0x50, 0xc, 0xff,
    0xff, 0xff, 0xff, 0xff, 0xc0, 0xa, 0xff, 0xff,
    0xff, 0xff, 0xff, 0xc0, 0x1f, 0xff, 0xff, 0xff,
    0xff, 0xff, 0xc0, 0xa, 0xff, 0xff, 0xff, 0xff,
    0xff, 0xf1, 0x5f, 0xff, 0xff, 0xff, 0xff, 0xff,
    0xc0, 0xa, 0xff, 0xff, 0xff, 0xff, 0xff, 0xf5,
    0x7f, 0xff, 0xff, 0xff, 0xff, 0xff, 0xc0, 0xa,
    0xff, 0xff, 0xff, 0xff, 0xff, 0xf7, 0x8f, 0xff,
    0xff, 0xff, 0xff, 0xff, 0xc0, 0x8, 0xff, 0xff,
    0xff, 0xff, 0xff, 0xf8, 0x8f, 0xff, 0xff, 0xff,
    0xff, 0xff, 0xe0, 0x0, 0xaf, 0xff, 0xff, 0xff,
    0xff, 0xf8, 0x7f, 0xff, 0xff, 0xff, 0xff, 0xff,
    0xfb, 0x0, 0xa, 0xff, 0xff, 0xff, 0xff, 0xf7,
    0x5f, 0xff, 0xff, 0xff, 0xff, 0xff, 0xff, 0xb0,
    0x0, 0xaf, 0xff, 0xff, 0xff, 0xf5, 0x1f, 0xff,
    0xff, 0xff, 0xff, 0xff, 0xff, 0xfb, 0x0, 0xa,
    0xff, 0xff, 0xff, 0xf1, 0xc, 0xff, 0xff, 0xff,
    0xff, 0xff, 0xff, 0xff, 0xa0, 0x3, 0xff, 0xff,
    0xff, 0xc0, 0x6, 0xff, 0xff, 0xff, 0xff, 0xff,
    0xff, 0xff, 0xfa, 0x3a, 0xff, 0xff, 0xff, 0x50,
    0x0, 0xdf, 0xff, 0xff, 0xff, 0xff, 0xff, 0xff,
    0xff, 0xff, 0xff, 0xff, 0xfd, 0x0, 0x0, 0x4f,
    0xff, 0xff, 0xff, 0xff, 0xff, 0xff, 0xff, 0xff,
    0xff, 0xff, 0xf4, 0x0, 0x0, 0x8, 0xff, 0xff,
    0xff, 0xff, 0xff, 0xff, 0xff, 0xff, 0xff, 0xff,
    0x80, 0x0, 0x0, 0x0, 0xaf, 0xff, 0xff, 0xff,
    0xff, 0xff, 0xff, 0xff, 0xff, 0xfa, 0x0, 0x0,
    0x0, 0x0, 0x8, 0xff, 0xff, 0xff, 0xff, 0xff,
    0xff, 0xff, 0xff, 0x80, 0x0, 0x0, 0x0, 0x0,
    0x0, 0x4d, 0xff, 0xff, 0xff, 0xff, 0xff, 0xff,
    0xd4, 0x0, 0x0, 0x0, 0x0, 0x0, 0x0, 0x0,
    0x6c, 0xff, 0xff, 0xff, 0xff, 0xc6, 0x0, 0x0,
    0x0, 0x0, 0x0, 0x0, 0x0, 0x0, 0x0, 0x15,
    0x78, 0x87, 0x51, 0x0, 0x0, 0x0, 0x0, 0x0,

    /* U+E19C "" */
    0x0, 0x0, 0x28, 0x99, 0x82, 0x0, 0x0, 0x0,
    0x0, 0xcf, 0xff, 0xfc, 0x0, 0x0, 0x4, 0x44,
    0xdf, 0xff, 0xfd, 0x44, 0x40, 0xcf, 0xff, 0xff,
    0xff, 0xff, 0xff, 0xfc, 0xff, 0xff, 0xff, 0xff,
    0xff, 0xff, 0xff, 0xff, 0xff, 0xff, 0xff, 0xff,
    0xff, 0xff, 0xff, 0xff, 0xff, 0xff, 0xff, 0xff,
    0xff, 0xff, 0xff, 0xff, 0xff, 0xff, 0xff, 0xff,
    0xff, 0xff, 0xff, 0x66, 0xff, 0xff, 0xff, 0xff,
    0xff, 0xfb, 0x0, 0xbf, 0xff, 0xff, 0xff, 0xff,
    0xfb, 0x0, 0xbf, 0xff, 0xff, 0xff, 0xff, 0xfb,
    0x0, 0xbf, 0xff, 0xff, 0xff, 0xff, 0xfb, 0x0,
    0xbf, 0xff, 0xff, 0xff, 0xff, 0xfb, 0x0, 0xbf,
    0xff, 0xff, 0xff, 0xff, 0xfb, 0x0, 0xbf, 0xff,
    0xff, 0xff, 0xff, 0xfb, 0x0, 0xbf, 0xff, 0xff,
    0xff, 0xff, 0xff, 0x44, 0xff, 0xff, 0xff, 0xff,
    0xff, 0xff, 0xff, 0xff, 0xff, 0xff, 0xff, 0xff,
    0xff, 0xff, 0xff, 0xff, 0xff, 0xff, 0xff, 0xff,
    0xaa, 0xff, 0xff, 0xff, 0xff, 0xff, 0xfc, 0x0,
    0xcf, 0xff, 0xff, 0xff, 0xff, 0xfe, 0x22, 0xef,
    0xff, 0xff, 0xff, 0xff, 0xff, 0xff, 0xff, 0xff,
    0xff, 0xff, 0xff, 0xff, 0xff, 0xff, 0xff, 0xff,
    0xff, 0xff, 0xff, 0xff, 0xff, 0xff, 0xff, 0xff,
    0xff, 0xff, 0xff, 0xff, 0xff, 0xff, 0xef, 0xff,
    0xff, 0xff, 0xff, 0xff, 0xfe, 0x38, 0x99, 0x99,
    0x99, 0x99, 0x99, 0x83,

    /* U+E1A3 "" */
    0x0, 0x0, 0x16, 0x77, 0x61, 0x0, 0x0, 0x0,
    0x0, 0x0, 0x0, 0xbf, 0xff, 0xfb, 0x0, 0x0,
    0x0, 0x0, 0x0, 0x0, 0xdf, 0xff, 0xfd, 0x0,
    0x0, 0x0, 0x0, 0xaf, 0xff, 0xff, 0xff, 0xff,
    0xff, 0xfa, 0x0, 0x0, 0xff, 0xff, 0xff, 0xff,
    0xff, 0xff, 0xff, 0x0, 0x0, 0xff, 0xff, 0xff,
    0xff, 0xff, 0xff, 0xff, 0x0, 0x0, 0xff, 0xff,
    0xff, 0xff, 0xff, 0xfe, 0xff, 0x0, 0x0, 0xff,
    0xff, 0xff, 0xff, 0xff, 0xfe, 0xff, 0x0, 0x0,
    0xff, 0xff, 0xff, 0xff, 0xff, 0xfe, 0xff, 0x0,
    0x0, 0xff, 0xff, 0xff, 0xff, 0xff, 0xfe, 0xff,
    0x0, 0x0, 0xff, 0xff, 0xff, 0xff, 0xff, 0xfe,
    0xff, 0x0, 0x0, 0xff, 0xff, 0xff, 0xff, 0xff,
    0xfe, 0xff, 0x0, 0x0, 0xff, 0xff, 0xff, 0xff,
    0xff, 0xfe, 0xff, 0x0, 0x0, 0xff, 0xff, 0xff,
    0xff, 0xff, 0xfe, 0xfc, 0x0, 0x0, 0xff, 0xff,
    0xff, 0xff, 0xff, 0xe7, 0x40, 0x0, 0x0, 0xff,
    0xff, 0xff, 0xff, 0xf7, 0x0, 0x0, 0x0, 0x0,
    0xff, 0xff, 0xff, 0xff, 0x30, 0x0, 0x0, 0x0,
    0x0, 0xff, 0xff, 0xff, 0xf5, 0x0, 0x0, 0x4,
    0x30, 0x0, 0xff, 0xff, 0xff, 0xb0, 0x0, 0x0,
    0x1e, 0x50, 0x0, 0xff, 0xff, 0xff, 0x40, 0x0,
    0x0, 0xaf, 0x50, 0x0, 0xff, 0xff, 0xff, 0x0,
    0x0, 0x4, 0xff, 0x96, 0x40, 0xff, 0xff, 0xfe,
    0x0, 0x0, 0xe, 0xff, 0xff, 0xd0, 0xff, 0xff,
    0xfe, 0x0, 0x0, 0x8f, 0xff, 0xff, 0x40, 0xff,
    0xff, 0xff, 0x0, 0x0, 0x25, 0x6f, 0xf9, 0x0,
    0xff, 0xff, 0xff, 0x50, 0x0, 0x0, 0xf, 0xe0,
    0x0, 0xff, 0xff, 0xff, 0xc0, 0x0, 0x0, 0xf,
    0x40, 0x0, 0xef, 0xff, 0xff, 0xe0, 0x0, 0x0,
    0x7, 0x0, 0x0, 0x38, 0x99, 0x98, 0x40, 0x0,
    0x0, 0x0, 0x0, 0x0,

    /* U+E1A4 "" */
    0x0, 0x0, 0x5, 0x55, 0x50, 0x0, 0x0, 0x0,
    0x0, 0xaf, 0xff, 0xfa, 0x0, 0x0, 0x0, 0x0,
    0xdf, 0xff, 0xfd, 0x0, 0x0, 0x8f, 0xff, 0xff,
    0xff, 0xff, 0xff, 0xf8, 0xff, 0xff, 0xff, 0xff,
    0xff, 0xff, 0xff, 0xff, 0xff, 0xff, 0xff, 0xff,
    0xff, 0xff, 0xff, 0xff, 0xff, 0xff, 0xff, 0xff,
    0xff, 0xff, 0xff, 0xff, 0xff, 0xff, 0xff, 0xff,
    0xff, 0xff, 0xff, 0xff, 0xff, 0xff, 0xff, 0xff,
    0xff, 0xff, 0xff, 0xff, 0xff, 0xff, 0xff, 0xff,
    0xff, 0xff, 0xff, 0xff, 0xff, 0xff, 0xff, 0xff,
    0xff, 0xff, 0xff, 0xff, 0xff, 0xff, 0xff, 0xff,
    0xff, 0xff, 0xff, 0xff, 0xff, 0xff, 0xff, 0xff,
    0xff, 0xff, 0xff, 0xff, 0xff, 0xff, 0xff, 0xff,
    0xff, 0xff, 0xff, 0xff, 0xff, 0xff, 0xff, 0xff,
    0xff, 0xff, 0xff, 0xff, 0xff, 0xff, 0xff, 0xff,
    0xff, 0xff, 0xff, 0xff, 0xff, 0xff, 0xff, 0xff,
    0xff, 0xff, 0xff, 0xff, 0xff, 0xff, 0xff, 0xff,
    0xff, 0xff, 0xff, 0xff, 0xff, 0xff, 0xff, 0xff,
    0xff, 0xff, 0xff, 0xff, 0xff, 0xff, 0xff, 0xff,
    0xff, 0xff, 0xff, 0xff, 0xff, 0xff, 0xff, 0xff,
    0xff, 0xff, 0xff, 0xff, 0xff, 0xff, 0xff, 0xff,
    0xff, 0xff, 0xff, 0xff, 0xff, 0xff, 0xff, 0xff,
    0xff, 0xff, 0xff, 0xff, 0xff, 0xff, 0xff, 0xff,
    0xff, 0xff, 0xff, 0xff, 0xff, 0x6c, 0xcc, 0xcc,
    0xcc, 0xcc, 0xcc, 0xc6,

    /* U+E1AF "" */
    0x0, 0x0, 0x0, 0x0, 0x0, 0x0, 0x0, 0x0,
    0x0, 0x0, 0x0, 0x0, 0x0, 0x0, 0x0, 0x0,
    0x0, 0x0, 0x4a, 0xc7, 0x0, 0x3, 0xef, 0xa4,
    0x0, 0x0, 0x0, 0x0, 0x0, 0x0, 0x0, 0x3c,
    0xff, 0xff, 0x30, 0xc, 0xff, 0xff, 0xb2, 0x0,
    0x0, 0x0, 0x0, 0x0, 0x8, 0xff, 0xff, 0xff,
    0x40, 0xb, 0xff, 0xff, 0xff, 0x50, 0x0, 0x0,
    0x0, 0x0, 0xaf, 0xff, 0xff, 0xfc, 0x0, 0x2,
    0xdf, 0xff, 0xff, 0xf6, 0x0, 0x0, 0x0, 0x9,
    0xff, 0xff, 0xf9, 0x30, 0x0, 0x0, 0x3, 0xbf,
    0xff, 0xff, 0x40, 0x0, 0x0, 0x5f, 0xff, 0xfd,
    0x20, 0x0, 0x0, 0x0, 0x0, 0x6, 0xff, 0xff,
    0xe1, 0x0, 0x1, 0xef, 0xff, 0xd1, 0x0, 0x0,
    0x0, 0x0, 0x0, 0x0, 0x4f, 0xff, 0xf9, 0x0,
    0x7, 0xff, 0xff, 0x20, 0x0, 0x0, 0x0, 0x0,
    0x0, 0x0, 0x7, 0xff, 0xff, 0x10, 0xe, 0xff,
    0xf7, 0x0, 0x0, 0x0, 0x0, 0x0, 0x0, 0x0,
    0x0, 0xdf, 0xff, 0x80, 0x3f, 0xff, 0xf0, 0x0,
    0x0, 0x0, 0x0, 0x0, 0x0, 0x0, 0x0, 0x6f,
    0xff, 0xc0, 0x7f, 0xff, 0xa0, 0x0, 0x0, 0x0,
    0x0, 0x0, 0x0, 0x0, 0x0, 0x1f, 0xff, 0xf0,
    0xaf, 0xff, 0x60, 0x0, 0x0, 0x0, 0x0, 0x0,
    0x0, 0x0, 0x0, 0xe, 0xff, 0xf2, 0xbf, 0xff,
    0x50, 0x0, 0x0, 0x0, 0x0, 0x0, 0x0, 0x0,
    0x0, 0xc, 0xff, 0xf3, 0xcf, 0xff, 0x40, 0x0,
    0x0, 0x0, 0x0, 0x0, 0x0, 0x0, 0x0, 0xc,
    0xff, 0xf3, 0xbf, 0xff, 0x60, 0x0, 0x0, 0x0,
    0x0, 0x0, 0x0, 0x0, 0x0, 0xe, 0xff, 0xf2,
    0x9f, 0xff, 0x80, 0x0, 0x0, 0x0, 0x0, 0x0,
    0x0, 0x0, 0x0, 0xf, 0xff, 0xf0, 0x5f, 0xff,
    0xd0, 0x0, 0x0, 0x0, 0x0, 0x0, 0x0, 0x0,
    0x0, 0xc, 0xff, 0x90, 0x1f, 0xff, 0xf4, 0x0,
    0x0, 0x0, 0x0, 0x0, 0x0, 0x0, 0x0, 0x0,
    0x56, 0x0, 0xb, 0xff, 0xfd, 0x0, 0x0, 0x0,
    0x0, 0x0, 0x0, 0x0, 0x0, 0x0, 0x0, 0x0,
    0x3, 0xff, 0xff, 0xa0, 0x0, 0x0, 0x0, 0x0,
    0x0, 0x0, 0x15, 0x10, 0x0, 0x0, 0x0, 0xaf,
    0xff, 0xfa, 0x0, 0x0, 0x0, 0x0, 0x0, 0x4,
    0xef, 0xe1, 0x0, 0x0, 0x0, 0x1d, 0xff, 0xff,
    0xc4, 0x0, 0x0, 0x0, 0x1, 0x8f, 0xff, 0xf6,
    0x0, 0x0, 0x0, 0x2, 0xef, 0xff, 0xff, 0xd8,
    0x54, 0x56, 0xbf, 0xff, 0xff, 0xf4, 0x0, 0x0,
    0x0, 0x0, 0x2d, 0xff, 0xff, 0xff, 0xff, 0xff,
    0xff, 0xff, 0xff, 0x70, 0x0, 0x0, 0x0, 0x0,
    0x1, 0xaf, 0xff, 0xff, 0xff, 0xff, 0xff, 0xff,
    0xe4, 0x0, 0x0, 0x0, 0x0, 0x0, 0x0, 0x3,
    0xbf, 0xff, 0xff, 0xff, 0xff, 0xe7, 0x0, 0x0,
    0x0, 0x0, 0x0, 0x0, 0x0, 0x0, 0x1, 0x69,
    0xbc, 0xba, 0x73, 0x0, 0x0, 0x0, 0x0, 0x0,

    /* U+E1B3 "" */
    0x0, 0x0, 0x0, 0x0, 0x0, 0x0, 0x0, 0xab,
    0x0, 0x0, 0x0, 0x0, 0x0, 0x0, 0x0, 0x0,
    0x0, 0x0, 0x0, 0x0, 0x0, 0x3, 0xff, 0x40,
    0x0, 0x0, 0x0, 0x0, 0x0, 0x0, 0x0, 0x0,
    0x0, 0x0, 0x0, 0x0, 0x6, 0xff, 0x60, 0x0,
    0x0, 0x0, 0x0, 0x0, 0x0, 0x0, 0x0, 0x0,
    0x0, 0x1, 0x7c, 0xff, 0xff, 0xff, 0xd7, 0x10,
    0x0, 0x0, 0x0, 0x0, 0x0, 0x0, 0x0, 0x0,
    0x7f, 0xff, 0xff, 0xff, 0xff, 0xff, 0xf7, 0x0,
    0x0, 0x0, 0x0, 0x0, 0x0, 0x0, 0x1c, 0xff,
    0xff, 0xa7, 0x66, 0x7a, 0xff, 0xff, 0xc1, 0x0,
    0x0, 0x0, 0x0, 0x0, 0x1, 0xdf, 0xff, 0x70,
    0x0, 0x0, 0x0, 0x7, 0xff, 0xfd, 0x10, 0x0,
    0x0, 0x0, 0x0, 0xc, 0xff, 0xd2, 0x0, 0x0,
    0x0, 0x0, 0x0, 0x2d, 0xff, 0xc0, 0x0, 0x0,
    0x0, 0x0, 0x7f, 0xfd, 0x0, 0x0, 0x0, 0x0,
    0x0, 0x0, 0x1, 0xdf, 0xf7, 0x0, 0x0, 0x0,
    0x1, 0xff, 0xf2, 0x0, 0x0, 0x0, 0x12, 0x0,
    0x0, 0x0, 0x2f, 0xff, 0x10, 0x0, 0x0, 0x7,
    0xff, 0x70, 0x0, 0x0, 0x8e, 0xff, 0xe8, 0x0,
    0x0, 0x7, 0xff, 0x70, 0x0, 0x0, 0xd, 0xff,
    0x0, 0x0, 0xc, 0xff, 0xff, 0xff, 0xc0, 0x0,
    0x0, 0xff, 0xc0, 0x0, 0x0, 0xf, 0xfb, 0x0,
    0x0, 0x8f, 0xff, 0xff, 0xff, 0xf8, 0x0, 0x0,
    0xbf, 0xf0, 0x0, 0x15, 0x7f, 0xf7, 0x0, 0x0,
    0xef, 0xff, 0xff, 0xff, 0xfe, 0x0, 0x0, 0x7f,
    0xf7, 0x51, 0xbf, 0xff, 0xf6, 0x0, 0x2, 0xff,
    0xff, 0xff, 0xff, 0xff, 0x20, 0x0, 0x6f, 0xff,
    0xfb, 0x9f, 0xff, 0xf6, 0x0, 0x2, 0xff, 0xff,
    0xff, 0xff, 0xff, 0x10, 0x0, 0x6f, 0xff, 0xf9,
    0x1, 0x4f, 0xf7, 0x0, 0x0, 0xef, 0xff, 0xff,
    0xff, 0xfe, 0x0, 0x0, 0x7f, 0xf4, 0x10, 0x0,
    0xf, 0xfb, 0x0, 0x0, 0x8f, 0xff, 0xff, 0xff,
    0xf8, 0x0, 0x0, 0xbf, 0xf0, 0x0, 0x0, 0xc,
    0xff, 0x0, 0x0, 0xb, 0xff, 0xff, 0xff, 0xc0,
    0x0, 0x0, 0xff, 0xb0, 0x0, 0x0, 0x6, 0xff,
    0x70, 0x0, 0x0, 0x8e, 0xff, 0xe8, 0x0, 0x0,
    0x7, 0xff, 0x60, 0x0, 0x0, 0x0, 0xef, 0xf2,
    0x0, 0x0, 0x0, 0x22, 0x0, 0x0, 0x0, 0x2f,
    0xfe, 0x0, 0x0, 0x0, 0x0, 0x6f, 0xfd, 0x0,
    0x0, 0x0, 0x0, 0x0, 0x0, 0x1, 0xdf, 0xf6,
    0x0, 0x0, 0x0, 0x0, 0xb, 0xff, 0xd2, 0x0,
    0x0, 0x0, 0x0, 0x0, 0x2d, 0xff, 0xb0, 0x0,
    0x0, 0x0, 0x0, 0x0, 0xcf, 0xfe, 0x70, 0x0,
    0x0, 0x0, 0x7, 0xff, 0xfc, 0x0, 0x0, 0x0,
    0x0, 0x0, 0x0, 0xb, 0xff, 0xff, 0xa7, 0x55,
    0x7a, 0xff, 0xff, 0xb0, 0x0, 0x0, 0x0, 0x0,
    0x0, 0x0, 0x0, 0x7f, 0xff, 0xff, 0xff, 0xff,
    0xff, 0xf7, 0x0, 0x0, 0x0, 0x0, 0x0, 0x0,
    0x0, 0x0, 0x1, 0x7c, 0xff, 0xff, 0xff, 0xd7,
    0x10, 0x0, 0x0, 0x0, 0x0, 0x0, 0x0, 0x0,
    0x0, 0x0, 0x0, 0x6, 0xff, 0x70, 0x0, 0x0,
    0x0, 0x0, 0x0, 0x0, 0x0, 0x0, 0x0, 0x0,
    0x0, 0x0, 0x3, 0xff, 0x40, 0x0, 0x0, 0x0,
    0x0, 0x0, 0x0, 0x0, 0x0, 0x0, 0x0, 0x0,
    0x0, 0x0, 0xbb, 0x0, 0x0, 0x0, 0x0, 0x0,
    0x0, 0x0,

    /* U+E1B8 "" */
    0x0, 0x0, 0x0, 0x0, 0x0, 0x0, 0x23, 0x0,
    0x0, 0x0, 0x0, 0x0, 0x0, 0x0, 0x0, 0x0,
    0x0, 0x0, 0x0, 0xef, 0x50, 0x0, 0x0, 0x0,
    0x0, 0x0, 0x0, 0x0, 0x0, 0x0, 0x0, 0x1,
    0xff, 0x70, 0x0, 0x0, 0x0, 0x0, 0x0, 0x0,
    0x0, 0x0, 0x0, 0x0, 0x1, 0xff, 0x70, 0x0,
    0x0, 0x0, 0x0, 0x0, 0x0, 0x0, 0x0, 0x0,
    0x0, 0x1, 0xff, 0x70, 0x0, 0x0, 0x0, 0x0,
    0x0, 0x0, 0x0, 0x0, 0x0, 0x0, 0x1, 0xff,
    0x70, 0x0, 0x0, 0x0, 0x0, 0x0, 0x0, 0x0,
    0x0, 0x4e, 0x80, 0x1, 0xff, 0x70, 0x4, 0xe8,
    0x0, 0x0, 0x0, 0x0, 0x0, 0x0, 0x9f, 0xf0,
    0x1, 0xff, 0x70, 0xa, 0xfe, 0x0, 0x0, 0x0,
    0x0, 0x0, 0x0, 0x9f, 0xf0, 0x1, 0xff, 0x70,
    0xa, 0xfe, 0x0, 0x0, 0x0, 0x0, 0x0, 0x0,
    0x9f, 0xf0, 0x1, 0xff, 0x70, 0xa, 0xfe, 0x0,
    0x0, 0x0, 0x0, 0x0, 0x0, 0x9f, 0xf0, 0x1,
    0xff, 0x70, 0xa, 0xfe, 0x0, 0x0, 0x0, 0x4,
    0x70, 0x0, 0x9f, 0xf0, 0x1, 0xff, 0x70, 0xa,
    0xfe, 0x0, 0x4, 0x70, 0xf, 0xf6, 0x0, 0x9f,
    0xf0, 0x1, 0xff, 0x70, 0xa, 0xfe, 0x0, 0xf,
    0xf6, 0x1f, 0xf7, 0x0, 0x9f, 0xf0, 0x1, 0xff,
    0x70, 0xa, 0xfe, 0x0, 0x1f, 0xf7, 0x1f, 0xf7,
    0x0, 0x9f, 0xf0, 0x1, 0xff, 0x70, 0xa, 0xfe,
    0x0, 0x1f, 0xf7, 0x1f, 0xf7, 0x0, 0x9f, 0xf0,
    0x1, 0xff, 0x70, 0xa, 0xfe, 0x0, 0x1f, 0xf7,
    0xb, 0xe2, 0x0, 0x9f, 0xf0, 0x1, 0xff, 0x70,
    0xa, 0xfe, 0x0, 0xb, 0xe2, 0x0, 0x0, 0x0,
    0x9f, 0xf0, 0x1, 0xff, 0x70, 0xa, 0xfe, 0x0,
    0x0, 0x0, 0x0, 0x0, 0x0, 0x9f, 0xf0, 0x1,
    0xff, 0x70, 0xa, 0xfe, 0x0, 0x0, 0x0, 0x0,
    0x0, 0x0, 0x9f, 0xf0, 0x1, 0xff, 0x70, 0xa,
    0xfe, 0x0, 0x0, 0x0, 0x0, 0x0, 0x0, 0x9f,
    0xf0, 0x1, 0xff, 0x70, 0xa, 0xfe, 0x0, 0x0,
    0x0, 0x0, 0x0, 0x0, 0x8f, 0xd0, 0x1, 0xff,
    0x70, 0x8, 0xfd, 0x0, 0x0, 0x0, 0x0, 0x0,
    0x0, 0x5, 0x10, 0x1, 0xff, 0x70, 0x0, 0x51,
    0x0, 0x0, 0x0, 0x0, 0x0, 0x0, 0x0, 0x0,
    0x1, 0xff, 0x70, 0x0, 0x0, 0x0, 0x0, 0x0,
    0x0, 0x0, 0x0, 0x0, 0x0, 0x1, 0xff, 0x70,
    0x0, 0x0, 0x0, 0x0, 0x0, 0x0, 0x0, 0x0,
    0x0, 0x0, 0x1, 0xff, 0x70, 0x0, 0x0, 0x0,
    0x0, 0x0, 0x0, 0x0, 0x0, 0x0, 0x0, 0x0,
    0xff, 0x60, 0x0, 0x0, 0x0, 0x0, 0x0, 0x0,
    0x0, 0x0, 0x0, 0x0, 0x0, 0x8b, 0x10, 0x0,
    0x0, 0x0, 0x0, 0x0,

    /* U+E1C2 "" */
    0x0, 0x0, 0x0, 0x0, 0x7a, 0xaa, 0xaa, 0xaa,
    0xaa, 0xa9, 0x40, 0x0, 0x0, 0x0, 0x1d, 0xff,
    0xff, 0xff, 0xff, 0xff, 0xff, 0xf5, 0x0, 0x0,
    0x1, 0xdf, 0xff, 0xff, 0xff, 0xff, 0xff, 0xff,
    0xfc, 0x0, 0x0, 0x1d, 0xff, 0xff, 0xff, 0xff,
    0xff, 0xff, 0xff, 0xfe, 0x0, 0x1, 0xdf, 0xff,
    0xff, 0xff, 0xff, 0xff, 0xff, 0xff, 0xfe, 0x0,
    0x1d, 0xff, 0xff, 0xff, 0xff, 0xff, 0xff, 0xff,
    0xff, 0xfe, 0x1, 0xdf, 0xff, 0xff, 0xff, 0xff,
    0xff, 0xff, 0xff, 0xff, 0xfe, 0x1d, 0xff, 0xff,
    0xfb, 0x4e, 0xf9, 0x4e, 0xf9, 0x4d, 0xff, 0xfe,
    0x9f, 0xff, 0xff, 0xf5, 0x9, 0xf1, 0x9, 0xf1,
    0x6, 0xff, 0xfe, 0xdf, 0xff, 0xff, 0xf5, 0x8,
    0xf1, 0x8, 0xf1, 0x6, 0xff, 0xfe, 0xef, 0xff,
    0xff, 0xf5, 0x8, 0xf1, 0x8, 0xf1, 0x6, 0xff,
    0xfe, 0xef, 0xff, 0xff, 0xf5, 0x9, 0xf1, 0x9,
    0xf1, 0x7, 0xff, 0xfe, 0xef, 0xff, 0xff, 0xfd,
    0x6e, 0xfb, 0x7f, 0xfb, 0x6e, 0xff, 0xfe, 0xef,
    0xff, 0xff, 0xff, 0xff, 0xff, 0xff, 0xff, 0xff,
    0xff, 0xfe, 0xef, 0xff, 0xff, 0xff, 0xff, 0xff,
    0xff, 0xff, 0xff, 0xff, 0xfe, 0xef, 0xff, 0xff,
    0xff, 0xff, 0xff, 0xff, 0xff, 0xff, 0xff, 0xfe,
    0xef, 0xff, 0xff, 0xff, 0xff, 0xff, 0xff, 0xff,
    0xff, 0xff, 0xfe, 0xef, 0xff, 0xff, 0xff, 0xff,
    0xff, 0xff, 0xff, 0xff, 0xff, 0xfe, 0xef, 0xff,
    0xff, 0xff, 0xff, 0xff, 0xff, 0xff, 0xff, 0xff,
    0xfe, 0xef, 0xff, 0xff, 0xff, 0xff, 0xff, 0xff,
    0xff, 0xff, 0xff, 0xfe, 0xef, 0xff, 0xff, 0xff,
    0xff, 0xff, 0xff, 0xff, 0xff, 0xff, 0xfe, 0xef,
    0xff, 0xff, 0xff, 0xff, 0xff, 0xff, 0xff, 0xff,
    0xff, 0xfe, 0xef, 0xff, 0xff, 0xff, 0xff, 0xff,
    0xff, 0xff, 0xff, 0xff, 0xfe, 0xef, 0xff, 0xff,
    0xff, 0xff, 0xff, 0xff, 0xff, 0xff, 0xff, 0xfe,
    0xef, 0xff, 0xff, 0xff, 0xff, 0xff, 0xff, 0xff,
    0xff, 0xff, 0xfe, 0xcf, 0xff, 0xff, 0xff, 0xff,
    0xff, 0xff, 0xff, 0xff, 0xff, 0xfc, 0x4f, 0xff,
    0xff, 0xff, 0xff, 0xff, 0xff, 0xff, 0xff, 0xff,
    0xf4, 0x3, 0x89, 0x99, 0x99, 0x99, 0x99, 0x99,
    0x99, 0x99, 0x98, 0x30,

    /* U+E1D5 "" */
    0x0, 0x0, 0x0, 0x0, 0x3, 0x78, 0x30, 0x0,
    0x0, 0x0, 0x0, 0x0, 0x0, 0x0, 0x17, 0xdf,
    0xff, 0xfd, 0x71, 0x0, 0x0, 0x0, 0x0, 0x0,
    0x5b, 0xff, 0xff, 0xff, 0xff, 0xff, 0xb5, 0x0,
    0x0, 0x2, 0x9f, 0xff, 0xff, 0xff, 0xff, 0xff,
    0xff, 0xff, 0xf9, 0x20, 0x4f, 0xff, 0xff, 0xff,
    0xff, 0xff, 0xff, 0xff, 0xff, 0xff, 0xf4, 0xcf,
    0xff, 0xff, 0xff, 0xff, 0xff, 0xff, 0xff, 0xff,
    0xff, 0xfc, 0xef, 0xff, 0xff, 0xff, 0xff, 0xff,
    0xff, 0xff, 0xff, 0xff, 0xfe, 0xef, 0xff, 0xff,
    0xff, 0xff, 0xff, 0xff, 0xff, 0xff, 0xff, 0xfe,
    0xef, 0xff, 0xff, 0xff, 0xfa, 0x22, 0xaf, 0xff,
    0xff, 0xff, 0xfe, 0xef, 0xff, 0xff, 0xff, 0xf5,
    0x0, 0x5f, 0xff, 0xff, 0xff, 0xfe, 0xef, 0xff,
    0xff, 0xff, 0xf5, 0x0, 0x5f, 0xff, 0xff, 0xff,
    0xfe, 0xef, 0xff, 0xff, 0xa7, 0x72, 0x0, 0x27,
    0x7a, 0xff, 0xff, 0xfe, 0xef, 0xff, 0xff, 0x0,
    0x0, 0x0, 0x0, 0x0, 0xff, 0xff, 0xfe, 0xdf,
    0xff, 0xff, 0x0, 0x0, 0x0, 0x0, 0x0, 0xff,
    0xff, 0xfd, 0xcf, 0xff, 0xff, 0x63, 0x30, 0x0,
    0x3, 0x36, 0xff, 0xff, 0xfc, 0x9f, 0xff, 0xff,
    0xff, 0xf5, 0x0, 0x5f, 0xff, 0xff, 0xff, 0xf9,
    0x5f, 0xff, 0xff, 0xff, 0xf5, 0x0, 0x5f, 0xff,
    0xff, 0xff, 0xf5, 0x1f, 0xff, 0xff, 0xff, 0xf7,
    0x0, 0x7f, 0xff, 0xff, 0xff, 0xf1, 0xb, 0xff,
    0xff, 0xff, 0xff, 0xdd, 0xff, 0xff, 0xff, 0xff,
    0xb0, 0x4, 0xff, 0xff, 0xff, 0xff, 0xff, 0xff,
    0xff, 0xff, 0xff, 0x40, 0x0, 0xbf, 0xff, 0xff,
    0xff, 0xff, 0xff, 0xff, 0xff, 0xfb, 0x0, 0x0,
    0x2f, 0xff, 0xff, 0xff, 0xff, 0xff, 0xff, 0xff,
    0xf2, 0x0, 0x0, 0x5, 0xff, 0xff, 0xff, 0xff,
    0xff, 0xff, 0xff, 0x50, 0x0, 0x0, 0x0, 0x8f,
    0xff, 0xff, 0xff, 0xff, 0xff, 0xf7, 0x0, 0x0,
    0x0, 0x0, 0x6, 0xff, 0xff, 0xff, 0xff, 0xff,
    0x60, 0x0, 0x0, 0x0, 0x0, 0x0, 0x3d, 0xff,
    0xff, 0xff, 0xd3, 0x0, 0x0, 0x0, 0x0, 0x0,
    0x0, 0x0, 0x6c, 0xff, 0xc6, 0x0, 0x0, 0x0,
    0x0, 0x0, 0x0, 0x0, 0x0, 0x0, 0x22, 0x0,
    0x0, 0x0, 0x0, 0x0,

    /* U+E1DB "" */
    0x0, 0x2, 0x33, 0x33, 0x33, 0x33, 0x33, 0x33,
    0x33, 0x33, 0x33, 0x30, 0x0, 0x4, 0xef, 0xff,
    0xff, 0xff, 0xff, 0xff, 0xff, 0xff, 0xff, 0xff,
    0xff, 0x60, 0xe, 0xfe, 0x59, 0xff, 0xff, 0xff,
    0xff, 0xff, 0xff, 0xff, 0xff, 0xff, 0xf2, 0x2f,
    0xf7, 0x0, 0xff, 0xff, 0xff, 0xff, 0xff, 0xff,
    0xff, 0xff, 0xff, 0xf5, 0x1f, 0xfc, 0x26, 0xff,
    0xff, 0xff, 0xff, 0xff, 0xff, 0xff, 0xff, 0xff,
    0xf3, 0x6, 0xff, 0xff, 0xff, 0xff, 0xff, 0xff,
    0xff, 0xff, 0xff, 0xff, 0xff, 0x80, 0x0, 0x15,
    0x55, 0x55, 0x55, 0x55, 0x55, 0x55, 0x55, 0x55,
    0x55, 0x52, 0x0, 0x0, 0x0, 0x0, 0x0, 0x0,
    0x0, 0x0, 0x0, 0x0, 0x0, 0x0, 0x0, 0x0,
    0x0, 0x0, 0x0, 0x0, 0x0, 0x0, 0x0, 0x0,
    0x0, 0x0, 0x0, 0x0, 0x0, 0x1, 0xae, 0xff,
    0xff, 0xff, 0xff, 0xff, 0xff, 0xff, 0xff, 0xff,
    0xfc, 0x30, 0xc, 0xff, 0x9c, 0xff, 0xff, 0xff,
    0xff, 0xff, 0xff, 0xff, 0xff, 0xff, 0xe1, 0x2f,
    0xf8, 0x1, 0xff, 0xff, 0xff, 0xff, 0xff, 0xff,
    0xff, 0xff, 0xff, 0xf5, 0x2f, 0xf8, 0x1, 0xff,
    0xff, 0xff, 0xff, 0xff, 0xff, 0xff, 0xff, 0xff,
    0xf5, 0xc, 0xff, 0x9c, 0xff, 0xff, 0xff, 0xff,
    0xff, 0xff, 0xff, 0xff, 0xff, 0xe1, 0x1, 0xbe,
    0xff, 0xff, 0xff, 0xff, 0xff, 0xff, 0xff, 0xff,
    0xff, 0xfc, 0x30, 0x0, 0x0, 0x0, 0x0, 0x0,
    0x0, 0x0, 0x0, 0x0, 0x0, 0x0, 0x0, 0x0,
    0x0, 0x0, 0x0, 0x0, 0x0, 0x0, 0x0, 0x0,
    0x0, 0x0, 0x0, 0x0, 0x0, 0x0, 0x15, 0x55,
    0x55, 0x55, 0x55, 0x55, 0x55, 0x55, 0x55, 0x55,
    0x52, 0x0, 0x6, 0xff, 0xff, 0xff, 0xff, 0xff,
    0xff, 0xff, 0xff, 0xff, 0xff, 0xff, 0x80, 0xf,
    0xfc, 0x26, 0xff, 0xff, 0xff, 0xff, 0xff, 0xff,
    0xff, 0xff, 0xff, 0xf3, 0x2f, 0xf7, 0x0, 0xff,
    0xff, 0xff, 0xff, 0xff, 0xff, 0xff, 0xff, 0xff,
    0xf5, 0xe, 0xfd, 0x59, 0xff, 0xff, 0xff, 0xff,
    0xff, 0xff, 0xff, 0xff, 0xff, 0xf2, 0x4, 0xef,
    0xff, 0xff, 0xff, 0xff, 0xff, 0xff, 0xff, 0xff,
    0xff, 0xff, 0x60, 0x0, 0x2, 0x33, 0x33, 0x33,
    0x33, 0x33, 0x33, 0x33, 0x33, 0x33, 0x30, 0x0,

    /* U+E1E0 "" */
    0x0, 0x0, 0x0, 0x0, 0x0, 0x0, 0x0, 0x0,
    0x0, 0x0, 0x0, 0x0, 0x0, 0x0, 0x9, 0xe1,
    0x0, 0x0, 0x0, 0x0, 0x0, 0x0, 0x0, 0x0,
    0x5f, 0xfb, 0x0, 0x0, 0x0, 0x0, 0x0, 0x0,
    0x0, 0x2, 0xff, 0xff, 0x70, 0x0, 0x0, 0x0,
    0x0, 0x0, 0x0, 0xd, 0xff, 0xff, 0xf3, 0x0,
    0x0, 0x0, 0x0, 0x0, 0x0, 0x1d, 0xdf, 0xfe,
    0xd6, 0x0, 0x0, 0x0, 0x0, 0x0, 0x0, 0x0,
    0x1f, 0xf7, 0x0, 0x0, 0x0, 0x0, 0x0, 0x0,
    0x0, 0x0, 0x1f, 0xf7, 0x0, 0x0, 0x0, 0x0,
    0x0, 0x44, 0x0, 0x0, 0x1f, 0xf7, 0x0, 0x36,
    0x66, 0x50, 0xc, 0xff, 0xe2, 0x0, 0x1f, 0xf7,
    0x0, 0xef, 0xff, 0xf5, 0x5f, 0xff, 0xf9, 0x0,
    0x1f, 0xf7, 0x0, 0xef, 0xff, 0xf5, 0x7f, 0xff,
    0xfb, 0x0, 0x1f, 0xf7, 0x0, 0xef, 0xff, 0xf5,
    0x3f, 0xff, 0xf7, 0x0, 0x1f, 0xf7, 0x0, 0xef,
    0xff, 0xf5, 0x5, 0xff, 0x90, 0x0, 0x1f, 0xf7,
    0x0, 0xbf, 0xff, 0xd3, 0x2, 0xff, 0x60, 0x0,
    0x1f, 0xf7, 0x0, 0x9, 0xff, 0x0, 0x2, 0xff,
    0x60, 0x0, 0x1f, 0xf7, 0x0, 0x9, 0xff, 0x0,
    0x2, 0xff, 0x72, 0x22, 0x3f, 0xf8, 0x22, 0x29,
    0xff, 0x0, 0x0, 0xff, 0xff, 0xff, 0xff, 0xff,
    0xff, 0xff, 0xfd, 0x0, 0x0, 0x6f, 0xff, 0xff,
    0xff, 0xff, 0xff, 0xff, 0xf5, 0x0, 0x0, 0x2,
    0x56, 0x66, 0x7f, 0xfa, 0x66, 0x65, 0x20, 0x0,
    0x0, 0x0, 0x0, 0x0, 0x1f, 0xf7, 0x0, 0x0,
    0x0, 0x0, 0x0, 0x0, 0x0, 0x0, 0x1f, 0xf7,
    0x0, 0x0, 0x0, 0x0, 0x0, 0x0, 0x0, 0x0,
    0x2f, 0xf8, 0x0, 0x0, 0x0, 0x0, 0x0, 0x0,
    0x0, 0x1, 0xef, 0xff, 0x50, 0x0, 0x0, 0x0,
    0x0, 0x0, 0x0, 0x6, 0xff, 0xff, 0xc0, 0x0,
    0x0, 0x0, 0x0, 0x0, 0x0, 0x5, 0xff, 0xff,
    0xb0, 0x0, 0x0, 0x0, 0x0, 0x0, 0x0, 0x0,
    0xdf, 0xff, 0x40, 0x0, 0x0, 0x0, 0x0, 0x0,
    0x0, 0x0, 0x17, 0x83, 0x0, 0x0, 0x0, 0x0,

    /* U+E1FF "" */
    0x0, 0x0, 0x4, 0x88, 0x40, 0x0, 0x0, 0x0,
    0x0, 0xaf, 0xff, 0xfa, 0x0, 0x0, 0x0, 0x8,
    0xff, 0xff, 0xff, 0x80, 0x0, 0x0, 0xe, 0xfe,
    0x33, 0xef, 0xe0, 0x0, 0x0, 0x1f, 0xf9, 0x0,
    0x9f, 0xf1, 0x0, 0x0, 0x1f, 0xf9, 0x3, 0xbf,
    0xf1, 0x0, 0x0, 0x1f, 0xf9, 0xf, 0xff, 0xf1,
    0x0, 0x0, 0x1f, 0xf9, 0x2, 0xaf, 0xf1, 0x0,
    0x0, 0x1f, 0xf9, 0x0, 0x9f, 0xf1, 0x0, 0x0,
    0x1f, 0xf9, 0x2, 0xaf, 0xf1, 0x0, 0x0, 0x1f,
    0xf9, 0xf, 0xff, 0xf1, 0x0, 0x0, 0x1f, 0xf9,
    0x3, 0xbf, 0xf1, 0x0, 0x0, 0x1f, 0xf9, 0x0,
    0x9f, 0xf1, 0x0, 0x0, 0x1f, 0xff, 0xff, 0xff,
    0xf1, 0x0, 0x0, 0x1f, 0xff, 0xff, 0xff, 0xf1,
    0x0, 0x0, 0x5f, 0xff, 0xff, 0xff, 0xf5, 0x0,
    0x5, 0xff, 0xff, 0xff, 0xff, 0xff, 0x50, 0x1e,
    0xff, 0xff, 0xff, 0xff, 0xff, 0xe1, 0x7f, 0xff,
    0xff, 0xff, 0xff, 0xff, 0xf7, 0xbf, 0xff, 0xff,
    0xff, 0xff, 0xff, 0xfb, 0xdf, 0xff, 0xff, 0xff,
    0xff, 0xff, 0xfd, 0xdf, 0xff, 0xff, 0xff, 0xff,
    0xff, 0xfd, 0xbf, 0xff, 0xff, 0xff, 0xff, 0xff,
    0xfb, 0x6f, 0xff, 0xff, 0xff, 0xff, 0xff, 0xf5,
    0xd, 0xff, 0xff, 0xff, 0xff, 0xff, 0xd0, 0x2,
    0xef, 0xff, 0xff, 0xff, 0xfe, 0x20, 0x0, 0x2c,
    0xff, 0xff, 0xff, 0xc2, 0x0, 0x0, 0x0, 0x49,
    0xbb, 0x94, 0x0, 0x0,

    /* U+E202 "" */
    0x0, 0x0, 0x0, 0x0, 0x0, 0x0, 0x0, 0x0,
    0x1b, 0xd6, 0x0, 0x0, 0x0, 0x0, 0x0, 0x0,
    0x0, 0x0, 0x9, 0xff, 0xf1, 0x0, 0x0, 0x0,
    0x0, 0x0, 0x0, 0x0, 0x0, 0xbf, 0xff, 0x30,
    0x0, 0x0, 0x0, 0x0, 0x0, 0x0, 0x0, 0xc,
    0xff, 0xf4, 0x0, 0x0, 0x0, 0x0, 0x0, 0x0,
    0x0, 0x0, 0xcf, 0xff, 0x40, 0x0, 0x0, 0x0,
    0x0, 0x0, 0x0, 0x0, 0xc, 0xff, 0xf4, 0x0,
    0x0, 0x0, 0x0, 0x0, 0x0, 0x0, 0x0, 0xcf,
    0xff, 0x40, 0x0, 0x0, 0x0, 0x0, 0x57, 0x10,
    0x0, 0xc, 0xff, 0xf4, 0x0, 0x0, 0x0, 0x0,
    0x6f, 0xfe, 0x0, 0x0, 0xcf, 0xff, 0x40, 0x0,
    0x0, 0x0, 0xb, 0xff, 0xf3, 0x0, 0xc, 0xff,
    0xf4, 0x0, 0x0, 0x0, 0x0, 0xbf, 0xff, 0x40,
    0x0, 0xcf, 0xff, 0x40, 0x0, 0x0, 0x0, 0xb,
    0xff, 0xf4, 0x0, 0xc, 0xff, 0xf4, 0x0, 0x0,
    0x0, 0x0, 0xbf, 0xff, 0x40, 0x0, 0xcf, 0xff,
    0x40, 0x0, 0x0, 0x0, 0xb, 0xff, 0xf4, 0x0,
    0xc, 0xff, 0xf4, 0x1a, 0xc6, 0x0, 0x0, 0xbf,
    0xff, 0x40, 0x0, 0xcf, 0xff, 0x49, 0xff, 0xf2,
    0x0, 0xb, 0xff, 0xf4, 0x0, 0xc, 0xff, 0xf4,
    0xbf, 0xff, 0x40, 0x0, 0xbf, 0xff, 0x40, 0x0,
    0xcf, 0xff, 0x4b, 0xff, 0xf4, 0x0, 0xb, 0xff,
    0xf4, 0x0, 0xc, 0xff, 0xf4, 0xbf, 0xff, 0x40,
    0x0, 0xbf, 0xff, 0x40, 0x0, 0xcf, 0xff, 0x4b,
    0xff, 0xf4, 0x0, 0xb, 0xff, 0xf4, 0x0, 0xb,
    0xff, 0xf3, 0x9f, 0xff, 0x20, 0x0, 0x9f, 0xff,
    0x20, 0x0, 0x9f, 0xff, 0x11, 0xbd, 0x60, 0x0,
    0x1, 0xbd, 0x60, 0x0, 0x1, 0xbd, 0x60,

    /* U+E26B "" */
    0x0, 0x0, 0x0, 0x0, 0x5d, 0xdd, 0xb0, 0x0,
    0x0, 0x0, 0x0, 0x0, 0x0, 0x0, 0x0, 0xcf,
    0xff, 0xf5, 0x0, 0x0, 0x0, 0x0, 0x0, 0x0,
    0x0, 0x0, 0xdf, 0xff, 0xf5, 0x0, 0x0, 0x0,
    0x0, 0x0, 0x0, 0x0, 0x0, 0xdf, 0xff, 0xf5,
    0x0, 0x0, 0x0, 0x0, 0x0, 0x0, 0x0, 0x0,
    0xdf, 0xff, 0xf5, 0x0, 0x0, 0x0, 0x0, 0x0,
    0x0, 0x0, 0x0, 0xdf, 0xff, 0xf5, 0x0, 0x0,
    0x0, 0x0, 0x2, 0x32, 0x10, 0x0, 0xdf, 0xff,
    0xf5, 0x0, 0x0, 0x0, 0x0, 0xbf, 0xff, 0xf1,
    0x0, 0xdf, 0xff, 0xf5, 0x0, 0x0, 0x0, 0x0,
    0xef, 0xff, 0xf4, 0x0, 0xdf, 0xff, 0xf5, 0x0,
    0x0, 0x0, 0x0, 0xef, 0xff, 0xf4, 0x0, 0xdf,
    0xff, 0xf5, 0x0, 0x0, 0x0, 0x0, 0xef, 0xff,
    0xf4, 0x0, 0xdf, 0xff, 0xf5, 0x0, 0x0, 0x0,
    0x0, 0xef, 0xff, 0xf4, 0x0, 0xdf, 0xff, 0xf5,
    0x0, 0x0, 0x0, 0x0, 0xef, 0xff, 0xf4, 0x0,
    0xdf, 0xff, 0xf5, 0x0, 0x3a, 0xbb, 0x91, 0xef,
    0xff, 0xf4, 0x0, 0xdf, 0xff, 0xf5, 0x0, 0xbf,
    0xff, 0xf6, 0xef, 0xff, 0xf4, 0x0, 0xdf, 0xff,
    0xf5, 0x0, 0xbf, 0xff, 0xf7, 0xef, 0xff, 0xf4,
    0x0, 0xdf, 0xff, 0xf5, 0x0, 0xbf, 0xff, 0xf7,
    0xef, 0xff, 0xf4, 0x0, 0xdf, 0xff, 0xf5, 0x0,
    0xbf, 0xff, 0xf7, 0xef, 0xff, 0xf4, 0x0, 0xdf,
    0xff, 0xf5, 0x0, 0xbf, 0xff, 0xf7, 0xef, 0xff,
    0xf4, 0x0, 0xdf, 0xff, 0xf5, 0x0, 0xbf, 0xff,
    0xf7, 0xef, 0xff, 0xf4, 0x0, 0xdf, 0xff, 0xf5,
    0x0, 0xbf, 0xff, 0xf7, 0xef, 0xff, 0xf4, 0x0,
    0xdf, 0xff, 0xf5, 0x0, 0xbf, 0xff, 0xf7, 0x8e,
    0xff, 0xc0, 0x0, 0x6e, 0xff, 0xd1, 0x0, 0x5e,
    0xff, 0xd2,

    /* U+E28E "" */
    0x0, 0x0, 0x0, 0x0, 0x0, 0x0, 0x11, 0x0,
    0x0, 0x0, 0x0, 0x0, 0x0, 0x0, 0x10, 0x0,
    0x0, 0x5a, 0xef, 0xff, 0xfd, 0x82, 0x0, 0x0,
    0x0, 0x0, 0xb, 0xf4, 0x0, 0x5e, 0xff, 0xff,
    0xff, 0xff, 0xff, 0xa2, 0x0, 0x0, 0x0, 0xe,
    0xf8, 0xb, 0xff, 0xff, 0xda, 0x99, 0xbe, 0xff,
    0xff, 0x60, 0x0, 0x0, 0xe, 0xf9, 0xcf, 0xff,
    0x93, 0x0, 0x0, 0x0, 0x3b, 0xff, 0xf8, 0x0,
    0x0, 0xe, 0xff, 0xff, 0xd3, 0x0, 0x0, 0x0,
    0x0, 0x0, 0x5f, 0xff, 0x60, 0x0, 0xe, 0xff,
    0xfd, 0x10, 0x0, 0x1, 0xb9, 0x0, 0x0, 0x3,
    0xff, 0xf2, 0x0, 0xe, 0xff, 0xff, 0xfe, 0x60,
    0x5, 0xff, 0x10, 0x0, 0x0, 0x5f, 0xfb, 0x0,
    0xd, 0xff, 0xff, 0xff, 0xa0, 0x5, 0xff, 0x10,
    0x0, 0x0, 0xb, 0xff, 0x30, 0x2, 0x77, 0x77,
    0x77, 0x10, 0x5, 0xff, 0x10, 0x0, 0x0, 0x3,
    0xff, 0x80, 0x0, 0x0, 0x0, 0x0, 0x0, 0x5,
    0xff, 0x10, 0x0, 0x0, 0x0, 0xef, 0xd0, 0x0,
    0x0, 0x0, 0x0, 0x0, 0x5, 0xff, 0x10, 0x0,
    0x0, 0x0, 0xbf, 0xf0, 0x0, 0x0, 0x0, 0x0,
    0x0, 0x5, 0xff, 0x40, 0x0, 0x0, 0x0, 0x9f,
    0xf0, 0x2, 0x30, 0x0, 0x0, 0x0, 0x2, 0xff,
    0xf3, 0x0, 0x0, 0x0, 0x9f, 0xf0, 0xf, 0xf5,
    0x0, 0x0, 0x0, 0x0, 0x4f, 0xff, 0x40, 0x0,
    0x0, 0xbf, 0xf0, 0xf, 0xfb, 0x0, 0x0, 0x0,
    0x0, 0x4, 0xff, 0xf4, 0x0, 0x0, 0xef, 0xd0,
    0xc, 0xff, 0x10, 0x0, 0x0, 0x0, 0x0, 0x4f,
    0xfe, 0x0, 0x3, 0xff, 0x80, 0x7, 0xff, 0x70,
    0x0, 0x0, 0x0, 0x0, 0x4, 0xea, 0x0, 0xb,
    0xff, 0x30, 0x0, 0xff, 0xf2, 0x0, 0x0, 0x0,
    0x0, 0x0, 0x0, 0x0, 0x6f, 0xfb, 0x0, 0x0,
    0x6f, 0xfd, 0x10, 0x0, 0x0, 0x0, 0x0, 0x0,
    0x3, 0xff, 0xf2, 0x0, 0x0, 0xb, 0xff, 0xd3,
    0x0, 0x0, 0x0, 0x0, 0x0, 0x5f, 0xff, 0x60,
    0x0, 0x0, 0x0, 0xcf, 0xff, 0x81, 0x0, 0x0,
    0x0, 0x3b, 0xff, 0xf8, 0x0, 0x0, 0x0, 0x0,
    0xa, 0xff, 0xff, 0xda, 0x89, 0xae, 0xff, 0xff,
    0x60, 0x0, 0x0, 0x0, 0x0, 0x0, 0x5e, 0xff,
    0xff, 0xff, 0xff, 0xff, 0xb2, 0x0, 0x0, 0x0,
    0x0, 0x0, 0x0, 0x0, 0x5a, 0xef, 0xff, 0xfd,
    0x83, 0x0, 0x0, 0x0, 0x0, 0x0, 0x0, 0x0,
    0x0, 0x0, 0x0, 0x11, 0x0, 0x0, 0x0, 0x0,
    0x0, 0x0,

    /* U+E2BF "" */
    0x0, 0x0, 0x0, 0x0, 0x0, 0x3, 0x8c, 0xdd,
    0xc8, 0x30, 0x0, 0x0, 0x0, 0x0, 0x0, 0x0,
    0x0, 0x0, 0x0, 0x1, 0xbf, 0xff, 0xff, 0xff,
    0xfb, 0x20, 0x0, 0x0, 0x0, 0x0, 0x0, 0x0,
    0x0, 0x0, 0x3e, 0xff, 0xff, 0xff, 0xff, 0xff,
    0xe4, 0x0, 0x0, 0x0, 0x0, 0x0, 0x0, 0x0,
    0x2, 0xff, 0xff, 0xff, 0xff, 0xff, 0xff, 0xff,
    0x20, 0x0, 0x0, 0x0, 0x0, 0x0, 0x0, 0xd,
    0xff, 0xff, 0xff, 0xff, 0xff, 0xff, 0xff, 0xd0,
    0x0, 0x0, 0x0, 0x0, 0x0, 0x0, 0x6f, 0xff,
    0xff, 0xff, 0xff, 0xff, 0xff, 0xff, 0xf6, 0x0,
    0x0, 0x0, 0x0, 0x0, 0x0, 0xcf, 0xff, 0xff,
    0xff, 0xff, 0xff, 0xff, 0xff, 0xfc, 0x0, 0x0,
    0x0, 0x0, 0x0, 0x49, 0xff, 0xff, 0xff, 0xff,
    0xff, 0xff, 0xff, 0xff, 0xff, 0x10, 0x0, 0x0,
    0x0, 0x1b, 0xff, 0xff, 0xff, 0xff, 0xff, 0xff,
    0xff, 0xdf, 0xff, 0xff, 0x30, 0x0, 0x0, 0x1,
    0xdf, 0xff, 0xff, 0xff, 0xff, 0xff, 0xff, 0xf8,
    0x4, 0xff, 0xff, 0x60, 0x0, 0x0, 0xa, 0xff,
    0xff, 0xff, 0xff, 0xff, 0xff, 0xff, 0x80, 0x4,
    0xff, 0xff, 0xfe, 0x91, 0x0, 0x3f, 0xff, 0xff,
    0xff, 0xfc, 0xef, 0xff, 0xf8, 0x0, 0x2e, 0xff,
    0xff, 0xff, 0xfd, 0x20, 0x9f, 0xff, 0xff, 0xff,
    0x90, 0x2e, 0xff, 0x80, 0x2, 0xef, 0xff, 0xff,
    0xff, 0xff, 0xd0, 0xcf, 0xff, 0xff, 0xff, 0xa0,
    0x2, 0xe8, 0x0, 0x2e, 0xff, 0xff, 0xff, 0xff,
    0xff, 0xf6, 0xdf, 0xff, 0xff, 0xff, 0xf8, 0x0,
    0x10, 0x2, 0xef, 0xff, 0xff, 0xff, 0xff, 0xff,
    0xfb, 0xcf, 0xff, 0xff, 0xff, 0xff, 0x80, 0x0,
    0x2e, 0xff, 0xff, 0xff, 0xff, 0xff, 0xff, 0xfd,
    0x9f, 0xff, 0xff, 0xff, 0xff, 0xf8, 0x2, 0xef,
    0xff, 0xff, 0xff, 0xff, 0xff, 0xff, 0xfc, 0x4f,
    0xff, 0xff, 0xff, 0xff, 0xff, 0xef, 0xff, 0xff,
    0xff, 0xff, 0xff, 0xff, 0xff, 0xf9, 0xb, 0xff,
    0xff, 0xff, 0xff, 0xff, 0xff, 0xff, 0xff, 0xff,
    0xff, 0xff, 0xff, 0xff, 0xf3, 0x1, 0xdf, 0xff,
    0xff, 0xff, 0xff, 0xff, 0xff, 0xff, 0xff, 0xff,
    0xff, 0xff, 0xff, 0x90, 0x0, 0x1b, 0xff, 0xff,
    0xff, 0xff, 0xff, 0xff, 0xff, 0xff, 0xff, 0xff,
    0xff, 0xfa, 0x0, 0x0, 0x0, 0x49, 0xde, 0xee,
    0xee, 0xee, 0xee, 0xee, 0xee, 0xee, 0xee, 0xda,
    0x40, 0x0,

    /* U+E2C1 "" */
    0x3, 0xc7, 0x0, 0x0, 0x0, 0x0, 0x0, 0x0,
    0x0, 0x0, 0x0, 0x0, 0x0, 0x0, 0x0, 0x8,
    0xff, 0x70, 0x0, 0x0, 0x0, 0x58, 0xa9, 0x84,
    0x0, 0x0, 0x0, 0x0, 0x0, 0x0, 0x1, 0xdf,
    0xf7, 0x0, 0x0, 0x7e, 0xff, 0xff, 0xff, 0xf7,
    0x0, 0x0, 0x0, 0x0, 0x0, 0x0, 0x1d, 0xff,
    0x70, 0x2, 0xef, 0xff, 0xff, 0xff, 0xff, 0xc1,
    0x0, 0x0, 0x0, 0x0, 0x0, 0x1, 0xdf, 0xf7,
    0x0, 0x3e, 0xff, 0xff, 0xff, 0xff, 0xfd, 0x10,
    0x0, 0x0, 0x0, 0x0, 0x0, 0x1d, 0xff, 0x70,
    0x3, 0xef, 0xff, 0xff, 0xff, 0xff, 0xb0, 0x0,
    0x0, 0x0, 0x0, 0x0, 0x1, 0xdf, 0xf7, 0x0,
    0x3e, 0xff, 0xff, 0xff, 0xff, 0xf5, 0x0, 0x0,
    0x0, 0x0, 0x0, 0x0, 0xdf, 0xff, 0x70, 0x3,
    0xef, 0xff, 0xff, 0xff, 0xfc, 0x0, 0x0, 0x0,
    0x0, 0x0, 0x38, 0xff, 0xff, 0xf7, 0x0, 0x3e,
    0xff, 0xff, 0xff, 0xff, 0x10, 0x0, 0x0, 0x0,
    0x1a, 0xff, 0xff, 0xff, 0xff, 0x70, 0x3, 0xef,
    0xff, 0xff, 0xff, 0x30, 0x0, 0x0, 0x1, 0xdf,
    0xff, 0xff, 0xff, 0xff, 0xf7, 0x0, 0x3e, 0xff,
    0xff, 0xff, 0x50, 0x0, 0x0, 0xb, 0xff, 0xff,
    0xff, 0xff, 0xff, 0xff, 0x70, 0x3, 0xef, 0xff,
    0xff, 0xfe, 0x80, 0x0, 0x3f, 0xff, 0xff, 0xff,
    0xff, 0xff, 0xff, 0xf7, 0x0, 0x2e, 0xff, 0xff,
    0xff, 0xfd, 0x20, 0x9f, 0xff, 0xff, 0xff, 0xff,
    0xff, 0xff, 0xff, 0x70, 0x2, 0xef, 0xff, 0xff,
    0xff, 0xd0, 0xcf, 0xff, 0xff, 0xff, 0xff, 0xff,
    0xff, 0xff, 0xf7, 0x0, 0x2e, 0xff, 0xff, 0xff,
    0xf6, 0xdf, 0xff, 0xff, 0xff, 0xff, 0xff, 0xff,
    0xff, 0xff, 0x70, 0x2, 0xef, 0xff, 0xff, 0xfb,
    0xcf, 0xff, 0xff, 0xff, 0xff, 0xff, 0xff, 0xff,
    0xff, 0xf7, 0x0, 0x2e, 0xff, 0xff, 0xfd, 0x8f,
    0xff, 0xff, 0xff, 0xff, 0xff, 0xff, 0xff, 0xff,
    0xff, 0x70, 0x2, 0xef, 0xff, 0xfc, 0x3f, 0xff,
    0xff, 0xff, 0xff, 0xff, 0xff, 0xff, 0xff, 0xff,
    0xf7, 0x0, 0x2e, 0xff, 0xf9, 0xa, 0xff, 0xff,
    0xff, 0xff, 0xff, 0xff, 0xff, 0xff, 0xff, 0xff,
    0x70, 0x2, 0xef, 0xf2, 0x0, 0xcf, 0xff, 0xff,
    0xff, 0xff, 0xff, 0xff, 0xff, 0xff, 0xff, 0xf7,
    0x0, 0x2e, 0x80, 0x0, 0x9, 0xff, 0xff, 0xff,
    0xff, 0xff, 0xff, 0xff, 0xff, 0xff, 0xff, 0x70,
    0x1, 0x0, 0x0, 0x0, 0x27, 0xab, 0xbb, 0xbb,
    0xbb, 0xbb, 0xbb, 0xbb, 0xbb, 0xef, 0xf7, 0x0,
    0x0, 0x0, 0x0, 0x0, 0x0, 0x0, 0x0, 0x0,
    0x0, 0x0, 0x0, 0x0, 0x1d, 0xff, 0x70, 0x0,
    0x0, 0x0, 0x0, 0x0, 0x0, 0x0, 0x0, 0x0,
    0x0, 0x0, 0x0, 0x1, 0xdf, 0xf1, 0x0, 0x0,
    0x0, 0x0, 0x0, 0x0, 0x0, 0x0, 0x0, 0x0,
    0x0, 0x0, 0x0, 0x1c, 0xb0, 0x0,

    /* U+E2C3 "" */
    0x0, 0x0, 0x0, 0x0, 0x0, 0x1, 0x7a, 0xcc,
    0xa7, 0x20, 0x0, 0x0, 0x0, 0x0, 0x0, 0x0,
    0x0, 0x0, 0x0, 0x1, 0x9f, 0xff, 0xff, 0xff,
    0xfa, 0x10, 0x0, 0x0, 0x0, 0x0, 0x0, 0x0,
    0x0, 0x0, 0x2e, 0xff, 0xff, 0xde, 0xff, 0xff,
    0xe3, 0x0, 0x0, 0x0, 0x0, 0x0, 0x0, 0x0,
    0x2, 0xef, 0xfb, 0x4d, 0xff, 0xd3, 0xbf, 0xfe,
    0x20, 0x0, 0x0, 0x0, 0x0, 0x0, 0x0, 0xc,
    0xff, 0x4f, 0xff, 0xff, 0xff, 0xe5, 0xff, 0xd0,
    0x0, 0x0, 0x0, 0x0, 0x0, 0x0, 0x5f, 0xf6,
    0xff, 0xff, 0xff, 0xff, 0xff, 0x7f, 0xf6, 0x0,
    0x0, 0x0, 0x0, 0x0, 0x0, 0xcf, 0xed, 0xff,
    0xff, 0xff, 0xff, 0xff, 0xcf, 0xfc, 0x0, 0x0,
    0x0, 0x0, 0x0, 0x38, 0xff, 0x3f, 0xff, 0xff,
    0xff, 0xff, 0xff, 0xf5, 0xff, 0x10, 0x0, 0x0,
    0x0, 0x1a, 0xff, 0xff, 0x5f, 0xff, 0xfc, 0x11,
    0xcf, 0xff, 0xf2, 0xff, 0x30, 0x0, 0x0, 0x1,
    0xdf, 0xff, 0xb7, 0xaf, 0xff, 0xc0, 0x0, 0xc,
    0xff, 0xf5, 0xff, 0x60, 0x0, 0x0, 0xa, 0xff,
    0x99, 0xff, 0xff, 0xfc, 0x0, 0x0, 0x0, 0xbf,
    0xf6, 0xff, 0xfe, 0x91, 0x0, 0x3f, 0xf9, 0xef,
    0xff, 0xff, 0xc0, 0x0, 0x0, 0x0, 0xb, 0xf6,
    0xff, 0xff, 0xfd, 0x20, 0x8f, 0xf9, 0xff, 0xff,
    0xff, 0x20, 0x9, 0x0, 0x80, 0x1, 0xfb, 0x11,
    0x2c, 0xff, 0xd0, 0xcf, 0xcf, 0xff, 0xff, 0xff,
    0x71, 0xae, 0x0, 0xcc, 0x27, 0xff, 0xff, 0xfd,
    0x8f, 0xf6, 0xdf, 0x9f, 0xff, 0xff, 0xff, 0xff,
    0xfe, 0x0, 0xcf, 0xff, 0xff, 0xff, 0xff, 0xcf,
    0xfb, 0xcf, 0xcf, 0xff, 0xff, 0xff, 0xff, 0xfe,
    0x0, 0xcf, 0xff, 0xff, 0xff, 0xff, 0xfb, 0xfd,
    0x9f, 0xf8, 0xff, 0xff, 0xff, 0xff, 0xfe, 0x0,
    0xcf, 0xff, 0xff, 0xff, 0xff, 0xfc, 0xfc, 0x3f,
    0xfa, 0xef, 0xff, 0xff, 0xff, 0xfe, 0x0, 0xcf,
    0xff, 0xff, 0xff, 0xff, 0x7f, 0xf9, 0xa, 0xff,
    0xa8, 0xff, 0xff, 0xff, 0xfe, 0x0, 0xcf, 0xff,
    0xff, 0xff, 0xf8, 0xcf, 0xf3, 0x0, 0xdf, 0xff,
    0xc8, 0x88, 0x82, 0xfe, 0x0, 0x48, 0x88, 0x88,
    0x88, 0xbf, 0xff, 0xa0, 0x0, 0xa, 0xff, 0xff,
    0xff, 0xf1, 0xfe, 0x0, 0x9f, 0xff, 0xff, 0xff,
    0xff, 0xfa, 0x0, 0x0, 0x0, 0x39, 0xce, 0xee,
    0xe2, 0xdc, 0x0, 0x9e, 0xee, 0xee, 0xee, 0xda,
    0x40, 0x0,

    /* U+E2E6 "" */
    0x0, 0x0, 0x0, 0x0, 0x0, 0x15, 0x78, 0x87,
    0x41, 0x0, 0x0, 0x0, 0x0, 0x0, 0x0, 0x0,
    0x0, 0x0, 0x6d, 0xff, 0xff, 0xff, 0xff, 0xb5,
    0x0, 0x0, 0x0, 0x0, 0x0, 0x0, 0x0, 0x5d,
    0xff, 0xff, 0xff, 0xff, 0xff, 0xff, 0xc0, 0x0,
    0x0, 0x0, 0x0, 0x0, 0x8, 0xff, 0xff, 0xa6,
    0x32, 0x23, 0x6b, 0xff, 0xf1, 0x0, 0x19, 0x40,
    0x0, 0x0, 0xbf, 0xff, 0x81, 0x0, 0x0, 0x0,
    0x0, 0x27, 0x40, 0x1, 0xdf, 0xf0, 0x0, 0x9,
    0xff, 0xe3, 0x0, 0x0, 0x0, 0x0, 0x0, 0x0,
    0x0, 0x1d, 0xff, 0xb0, 0x0, 0x5f, 0xfe, 0x20,
    0x0, 0x0, 0x0, 0x0, 0x0, 0x0, 0x1, 0xdf,
    0xfc, 0x0, 0x0, 0xdf, 0xf3, 0x0, 0x0, 0x0,
    0x0, 0x0, 0x0, 0x0, 0x1d, 0xff, 0xc0, 0x0,
    0x6, 0xff, 0x80, 0x0, 0x0, 0x0, 0x0, 0x0,
    0x0, 0x1, 0xdf, 0xfc, 0x0, 0x0, 0xd, 0xff,
    0x10, 0x0, 0x0, 0x0, 0x0, 0x0, 0x0, 0x1d,
    0xff, 0xc0, 0x0, 0x0, 0x1f, 0xfa, 0x0, 0x0,
    0x0, 0x0, 0x0, 0x0, 0x1, 0xdf, 0xfc, 0x0,
    0x1, 0x10, 0x5f, 0xf6, 0x0, 0x0, 0x0, 0x0,
    0x0, 0x0, 0x1d, 0xff, 0xc0, 0x0, 0xe, 0xf3,
    0x7f, 0xf3, 0x0, 0x0, 0x0, 0x0, 0x0, 0x1,
    0xdf, 0xfc, 0x0, 0x0, 0x3f, 0xf7, 0x8f, 0xf2,
    0x0, 0x7, 0xb2, 0x0, 0x0, 0x1d, 0xff, 0xc0,
    0x0, 0x0, 0x1f, 0xf8, 0x8f, 0xf2, 0x0, 0xf,
    0xfe, 0x20, 0x1, 0xdf, 0xfc, 0x0, 0x0, 0x0,
    0x2f, 0xf8, 0x7f, 0xf3, 0x0, 0xa, 0xff, 0xe2,
    0x1d, 0xff, 0xc0, 0x0, 0x0, 0x0, 0x3f, 0xf7,
    0x5f, 0xf6, 0x0, 0x0, 0xaf, 0xfe, 0xdf, 0xfc,
    0x0, 0x0, 0x0, 0x0, 0x6f, 0xf5, 0x1f, 0xfa,
    0x0, 0x0, 0xa, 0xff, 0xff, 0xc0, 0x0, 0x0,
    0x0, 0x0, 0xaf, 0xf1, 0xd, 0xff, 0x10, 0x0,
    0x0, 0xaf, 0xfc, 0x0, 0x0, 0x0, 0x0, 0x1,
    0xff, 0xd0, 0x6, 0xff, 0x80, 0x0, 0x0, 0x8,
    0x90, 0x0, 0x0, 0x0, 0x0, 0x8, 0xff, 0x60,
    0x0, 0xdf, 0xf3, 0x0, 0x0, 0x0, 0x0, 0x0,
    0x0, 0x0, 0x0, 0x3f, 0xfd, 0x0, 0x0, 0x5f,
    0xfe, 0x20, 0x0, 0x0, 0x0, 0x0, 0x0, 0x0,
    0x2, 0xef, 0xf5, 0x0, 0x0, 0x9, 0xff, 0xe3,
    0x0, 0x0, 0x0, 0x0, 0x0, 0x0, 0x3e, 0xff,
    0x80, 0x0, 0x0, 0x0, 0xbf, 0xff, 0x81, 0x0,
    0x0, 0x0, 0x0, 0x18, 0xff, 0xfb, 0x0, 0x0,
    0x0, 0x0, 0x9, 0xff, 0xff, 0xa6, 0x32, 0x23,
    0x6a, 0xff, 0xff, 0x90, 0x0, 0x0, 0x0, 0x0,
    0x0, 0x5d, 0xff, 0xff, 0xff, 0xff, 0xff, 0xff,
    0xd5, 0x0, 0x0, 0x0, 0x0, 0x0, 0x0, 0x0,
    0x6d, 0xff, 0xff, 0xff, 0xff, 0xd6, 0x0, 0x0,
    0x0, 0x0, 0x0, 0x0, 0x0, 0x0, 0x0, 0x15,
    0x78, 0x87, 0x51, 0x0, 0x0, 0x0, 0x0, 0x0,

    /* U+E30A "" */
    0x0, 0x1, 0x33, 0x33, 0x33, 0x33, 0x33, 0x33,
    0x33, 0x33, 0x33, 0x33, 0x33, 0x10, 0x0, 0x0,
    0xaf, 0xff, 0xff, 0xff, 0xff, 0xff, 0xff, 0xff,
    0xff, 0xff, 0xff, 0xff, 0xfa, 0x0, 0x5, 0xff,
    0xff, 0xff, 0xff, 0xff, 0xff, 0xff, 0xff, 0xff,
    0xff, 0xff, 0xff, 0xff, 0x50, 0x8, 0xff, 0xff,
    0xff, 0xff, 0xff, 0xff, 0xff, 0xff, 0xff, 0xff,
    0xff, 0xff, 0xff, 0x80, 0x9, 0xff, 0xff, 0xff,
    0xff, 0xff, 0xff, 0xff, 0xff, 0xff, 0xff, 0xff,
    0xff, 0xff, 0x90, 0x9, 0xff, 0xff, 0xff, 0xff,
    0xff, 0xff, 0xff, 0xff, 0xff, 0xff, 0xff, 0xff,
    0xff, 0x90, 0x9, 0xff, 0xff, 0xff, 0xff, 0xff,
    0xff, 0xff, 0xff, 0xff, 0xff, 0xff, 0xff, 0xff,
    0x90, 0x9, 0xff, 0xff, 0xff, 0xff, 0xff, 0xff,
    0xff, 0xff, 0xff, 0xff, 0xff, 0xff, 0xff, 0x90,
    0x9, 0xff, 0xff, 0xff, 0xff, 0xff, 0xff, 0xff,
    0xff, 0xff, 0xff, 0xff, 0xff, 0xff, 0x90, 0x9,
    0xff, 0xff, 0xff, 0xff, 0xff, 0xff, 0xff, 0xff,
    0xff, 0xff, 0xff, 0xff, 0xff, 0x90, 0x9, 0xff,
    0xff, 0xff, 0xff, 0xff, 0xff, 0xff, 0xff, 0xff,
    0xff, 0xff, 0xff, 0xff, 0x90, 0x9, 0xff, 0xff,
    0xff, 0xff, 0xff, 0xff, 0xff, 0xff, 0xff, 0xff,
    0xff, 0xff, 0xff, 0x90, 0x9, 0xff, 0xff, 0xff,
    0xff, 0xff, 0xff, 0xff, 0xff, 0xff, 0xff, 0xff,
    0xff, 0xff, 0x90, 0x9, 0xff, 0xff, 0xff, 0xff,
    0xff, 0xff, 0xff, 0xff, 0xff, 0xff, 0xff, 0xff,
    0xff, 0x90, 0x9, 0xff, 0xff, 0xff, 0xff, 0xff,
    0xff, 0xff, 0xff, 0xff, 0xff, 0xff, 0xff, 0xff,
    0x90, 0x9, 0xff, 0xff, 0xff, 0xff, 0xff, 0xff,
    0xff, 0xff, 0xff, 0xff, 0xff, 0xff, 0xff, 0x90,
    0x9, 0xff, 0xff, 0xff, 0xff, 0xff, 0xff, 0xff,
    0xff, 0xff, 0xff, 0xff, 0xff, 0xff, 0x90, 0x9,
    0xff, 0xff, 0xff, 0xff, 0xff, 0xff, 0xff, 0xff,
    0xff, 0xff, 0xff, 0xff, 0xff, 0x90, 0x8, 0xff,
    0xff, 0xff, 0xff, 0xff, 0xff, 0xff, 0xff, 0xff,
    0xff, 0xff, 0xff, 0xff, 0x80, 0x5, 0xff, 0xff,
    0xff, 0xff, 0xff, 0xff, 0xff, 0xff, 0xff, 0xff,
    0xff, 0xff, 0xff, 0x50, 0x0, 0xaf, 0xff, 0xff,
    0xff, 0xff, 0xff, 0xff, 0xff, 0xff, 0xff, 0xff,
    0xff, 0xfa, 0x0, 0x0, 0x1, 0x33, 0x33, 0x33,
    0x33, 0x33, 0x33, 0x33, 0x33, 0x33, 0x33, 0x33,
    0x10, 0x0, 0x1, 0x11, 0x11, 0x11, 0x11, 0x11,
    0x11, 0x11, 0x11, 0x11, 0x11, 0x11, 0x11, 0x11,
    0x10, 0x9f, 0xff, 0xff, 0xff, 0xff, 0xff, 0xff,
    0xff, 0xff, 0xff, 0xff, 0xff, 0xff, 0xff, 0xf9,
    0xcf, 0xff, 0xff, 0xff, 0xff, 0xff, 0xff, 0xff,
    0xff, 0xff, 0xff, 0xff, 0xff, 0xff, 0xfb, 0x15,
    0x55, 0x55, 0x55, 0x55, 0x55, 0x55, 0x55, 0x55,
    0x55, 0x55, 0x55, 0x55, 0x55, 0x51,

    /* U+E30D "" */
    0x0, 0x13, 0x33, 0x33, 0x33, 0x33, 0x33, 0x33,
    0x33, 0x33, 0x33, 0x30, 0x0, 0x0, 0x8, 0xff,
    0xff, 0xff, 0xff, 0xff, 0xff, 0xff, 0xff, 0xff,
    0xff, 0xfe, 0x30, 0x0, 0x3f, 0xff, 0xff, 0xff,
    0xff, 0xff, 0xff, 0xff, 0xff, 0xff, 0xff, 0xff,
    0xc0, 0x0, 0x7f, 0xff, 0xff, 0xff, 0xff, 0xff,
    0xff, 0xff, 0xff, 0xff, 0xff, 0xff, 0xf0, 0x0,
    0x7f, 0xff, 0xff, 0xff, 0xff, 0xff, 0xff, 0xff,
    0xff, 0xff, 0xff, 0xff, 0xf0, 0x0, 0x7f, 0xff,
    0xff, 0xba, 0xaa, 0xaa, 0xef, 0xfb, 0xaa, 0xae,
    0xff, 0xff, 0xf5, 0x40, 0x7f, 0xff, 0xf9, 0x0,
    0x0, 0x0, 0x2f, 0x50, 0x0, 0x1, 0xff, 0xff,
    0xff, 0xf5, 0x7f, 0xff, 0xf7, 0x0, 0x0, 0x0,
    0xf, 0x20, 0x0, 0x0, 0xef, 0xff, 0xff, 0xf3,
    0x7f, 0xff, 0xf7, 0x0, 0x0, 0x0, 0xf, 0x20,
    0x0, 0x0, 0xef, 0xff, 0xf1, 0x0, 0x7f, 0xff,
    0xf7, 0x0, 0x0, 0x0, 0xf, 0x70, 0x0, 0x3,
    0xff, 0xff, 0xf0, 0x0, 0x7f, 0xff, 0xf7, 0x0,
    0x0, 0x0, 0xf, 0xff, 0xff, 0xff, 0xff, 0xff,
    0xf0, 0x0, 0x7f, 0xff, 0xf7, 0x0, 0x0, 0x0,
    0xf, 0xb3, 0x33, 0x38, 0xff, 0xff, 0xf4, 0x30,
    0x7f, 0xff, 0xfb, 0x0, 0x0, 0x0, 0x5f, 0x30,
    0x0, 0x0, 0xff, 0xff, 0xff, 0xf5, 0x7f, 0xff,
    0xff, 0xff, 0xff, 0xff, 0xff, 0x20, 0x0, 0x0,
    0xef, 0xff, 0xff, 0xf4, 0x7f, 0xff, 0xfd, 0x43,
    0x33, 0x33, 0x9f, 0x20, 0x0, 0x0, 0xef, 0xff,
    0xf2, 0x0, 0x7f, 0xff, 0xf7, 0x0, 0x0, 0x0,
    0xf, 0x20, 0x0, 0x0, 0xef, 0xff, 0xf0, 0x0,
    0x7f, 0xff, 0xf7, 0x0, 0x0, 0x0, 0xf, 0x20,
    0x0, 0x0, 0xef, 0xff, 0xf0, 0x0, 0x7f, 0xff,
    0xf7, 0x0, 0x0, 0x0, 0xf, 0x20, 0x0, 0x0,
    0xef, 0xff, 0xf1, 0x0, 0x7f, 0xff, 0xf7, 0x0,
    0x0, 0x0, 0xf, 0x20, 0x0, 0x0, 0xef, 0xff,
    0xff, 0xf3, 0x7f, 0xff, 0xf9, 0x0, 0x0, 0x0,
    0x2f, 0x50, 0x0, 0x1, 0xff, 0xff, 0xff, 0xf5,
    0x7f, 0xff, 0xff, 0xba, 0xaa, 0xaa, 0xef, 0xfb,
    0xaa, 0xae, 0xff, 0xff, 0xf5, 0x40, 0x7f, 0xff,
    0xff, 0xff, 0xff, 0xff, 0xff, 0xff, 0xff, 0xff,
    0xff, 0xff, 0xf0, 0x0, 0x7f, 0xff, 0xff, 0xff,
    0xff, 0xff, 0xff, 0xff, 0xff, 0xff, 0xff, 0xff,
    0xf0, 0x0, 0x4f, 0xff, 0xff, 0xff, 0xff, 0xff,
    0xff, 0xff, 0xff, 0xff, 0xff, 0xff, 0xc0, 0x0,
    0x8, 0xff, 0xff, 0xff, 0xff, 0xff, 0xff, 0xff,
    0xff, 0xff, 0xff, 0xfe, 0x30, 0x0, 0x0, 0x13,
    0x33, 0x33, 0x33, 0x33, 0x33, 0x33, 0x33, 0x33,
    0x33, 0x30, 0x0, 0x0,

    /* U+E312 "" */
    0x2, 0x9a, 0xaa, 0xaa, 0xaa, 0xaa, 0xaa, 0xaa,
    0xaa, 0xaa, 0xaa, 0xaa, 0xa9, 0x30, 0x2f, 0xff,
    0xff, 0xff, 0xff, 0xff, 0xff, 0xff, 0xff, 0xff,
    0xff, 0xff, 0xff, 0xf3, 0x9f, 0xff, 0xff, 0xff,
    0xff, 0xff, 0xff, 0xff, 0xff, 0xff, 0xff, 0xff,
    0xff, 0xfa, 0xaf, 0xff, 0xff, 0xff, 0xff, 0xff,
    0xff, 0xff, 0xff, 0xff, 0xff, 0xff, 0xef, 0xfb,
    0xaf, 0xff, 0xfd, 0xef, 0xfd, 0xef, 0xfe, 0xef,
    0xfe, 0xdf, 0xfe, 0xdf, 0xef, 0xfb, 0xaf, 0xff,
    0xd0, 0x1f, 0xe0, 0xf, 0xe0, 0xe, 0xf1, 0xe,
    0xf1, 0xc, 0xef, 0xfb, 0xaf, 0xff, 0xe1, 0x2f,
    0xe1, 0x2f, 0xf1, 0x1f, 0xf2, 0x1e, 0xf3, 0xd,
    0xef, 0xfb, 0xaf, 0xff, 0xff, 0xff, 0xff, 0xff,
    0xff, 0xff, 0xff, 0xff, 0xff, 0xff, 0xef, 0xfb,
    0xaf, 0xff, 0xfe, 0xff, 0xfe, 0xff, 0xfe, 0xef,
    0xff, 0xef, 0xff, 0xef, 0xef, 0xfb, 0xaf, 0xff,
    0xe0, 0x2f, 0xe0, 0x1f, 0xe1, 0x1f, 0xf1, 0xe,
    0xf2, 0xc, 0xef, 0xfb, 0xaf, 0xff, 0xd0, 0x1f,
    0xe0, 0x1f, 0xe0, 0xe, 0xf1, 0xe, 0xf2, 0xc,
    0xef, 0xfb, 0xaf, 0xff, 0xfe, 0xef, 0xfe, 0xef,
    0xfe, 0xef, 0xfe, 0xef, 0xff, 0xdf, 0xef, 0xfb,
    0xaf, 0xff, 0xff, 0xff, 0xff, 0xff, 0xff, 0xff,
    0xff, 0xff, 0xff, 0xff, 0xef, 0xfb, 0xaf, 0xff,
    0xff, 0xff, 0x90, 0x0, 0x0, 0x0, 0x0, 0x8,
    0xff, 0xff, 0xef, 0xfb, 0xaf, 0xff, 0xff, 0xff,
    0x70, 0x0, 0x0, 0x0, 0x0, 0x6, 0xff, 0xff,
    0xef, 0xfb, 0xaf, 0xff, 0xff, 0xff, 0xfc, 0xcc,
    0xcc, 0xcc, 0xcc, 0xcf, 0xff, 0xff, 0xef, 0xfb,
    0xaf, 0xff, 0xff, 0xff, 0xff, 0xff, 0xff, 0xff,
    0xff, 0xff, 0xff, 0xff, 0xef, 0xfb, 0x9f, 0xff,
    0xff, 0xff, 0xff, 0xff, 0xff, 0xff, 0xff, 0xff,
    0xff, 0xff, 0xff, 0xfa, 0x2f, 0xff, 0xff, 0xff,
    0xff, 0xff, 0xff, 0xff, 0xff, 0xff, 0xff, 0xff,
    0xff, 0xf3, 0x2, 0x9a, 0xaa, 0xaa, 0xaa, 0xaa,
    0xaa, 0xaa, 0xaa, 0xaa, 0xaa, 0xaa, 0xa9, 0x30,

    /* U+E313 "" */
    0x4b, 0x50, 0x0, 0x0, 0x0, 0x0, 0x7, 0xb2,
    0xbf, 0xf6, 0x0, 0x0, 0x0, 0x0, 0x9f, 0xf8,
    0x5f, 0xff, 0x60, 0x0, 0x0, 0x9, 0xff, 0xe2,
    0x5, 0xff, 0xf6, 0x0, 0x0, 0x9f, 0xff, 0x30,
    0x0, 0x5f, 0xff, 0x60, 0x9, 0xff, 0xf3, 0x0,
    0x0, 0x5, 0xff, 0xf6, 0x9f, 0xff, 0x30, 0x0,
    0x0, 0x0, 0x5f, 0xff, 0xff, 0xf3, 0x0, 0x0,
    0x0, 0x0, 0x5, 0xff, 0xff, 0x30, 0x0, 0x0,
    0x0, 0x0, 0x0, 0x5f, 0xf3, 0x0, 0x0, 0x0,
    0x0, 0x0, 0x0, 0x1, 0x10, 0x0, 0x0, 0x0,

    /* U+E322 "" */
    0x0, 0x0, 0x0, 0x0, 0x2, 0x30, 0x0, 0x2,
    0x20, 0x0, 0x0, 0x0, 0x0, 0x0, 0x0, 0x0,
    0x0, 0x1f, 0xf2, 0x0, 0x1f, 0xf1, 0x0, 0x0,
    0x0, 0x0, 0x0, 0x0, 0x0, 0x0, 0x3f, 0xf4,
    0x0, 0x3f, 0xf3, 0x0, 0x0, 0x0, 0x0, 0x0,
    0x0, 0x18, 0xaa, 0xbf, 0xfb, 0xaa, 0xbf, 0xfb,
    0xaa, 0x82, 0x0, 0x0, 0x0, 0x1, 0xef, 0xff,
    0xff, 0xff, 0xff, 0xff, 0xff, 0xff, 0xfe, 0x10,
    0x0, 0x0, 0x7, 0xff, 0xff, 0xff, 0xff, 0xff,
    0xff, 0xff, 0xff, 0xff, 0x80, 0x0, 0x0, 0x9,
    0xff, 0x10, 0x0, 0x0, 0x0, 0x0, 0x0, 0x1,
    0xff, 0x90, 0x0, 0x0, 0x9, 0xff, 0x10, 0x0,
    0x0, 0x0, 0x0, 0x0, 0x0, 0xff, 0xa0, 0x0,
    0x2, 0x3a, 0xff, 0x10, 0x0, 0x0, 0x0, 0x0,
    0x0, 0x0, 0xff, 0xb3, 0x20, 0x3f, 0xff, 0xff,
    0x10, 0x2, 0xab, 0xbb, 0xba, 0x20, 0x0, 0xff,
    0xff, 0xf2, 0x3f, 0xff, 0xff, 0x10, 0xa, 0xff,
    0xff, 0xff, 0xa0, 0x0, 0xff, 0xff, 0xf2, 0x1,
    0x3a, 0xff, 0x10, 0xb, 0xff, 0xff, 0xff, 0xb0,
    0x0, 0xff, 0xb3, 0x10, 0x0, 0x9, 0xff, 0x10,
    0xb, 0xff, 0xff, 0xff, 0xb0, 0x0, 0xff, 0xa0,
    0x0, 0x0, 0x9, 0xff, 0x10, 0xb, 0xff, 0xff,
    0xff, 0xb0, 0x0, 0xff, 0xa0, 0x0, 0x2, 0x4b,
    0xff, 0x10, 0xb, 0xff, 0xff, 0xff, 0xb0, 0x0,
    0xff, 0xb4, 0x20, 0x3f, 0xff, 0xff, 0x10, 0xa,
    0xff, 0xff, 0xff, 0xa0, 0x0, 0xff, 0xff, 0xf2,
    0x2f, 0xff, 0xff, 0x10, 0x3, 0xab, 0xbb, 0xba,
    0x20, 0x0, 0xff, 0xff, 0xf2, 0x1, 0x2a, 0xff,
    0x10, 0x0, 0x0, 0x0, 0x0, 0x0, 0x0, 0xff,
    0xb2, 0x10, 0x0, 0x9, 0xff, 0x10, 0x0, 0x0,
    0x0, 0x0, 0x0, 0x0, 0xff, 0xa0, 0x0, 0x0,
    0x9, 0xff, 0x10, 0x0, 0x0, 0x0, 0x0, 0x0,
    0x1, 0xff, 0x90, 0x0, 0x0, 0x7, 0xff, 0xff,
    0xff, 0xff, 0xff, 0xff, 0xff, 0xff, 0xff, 0x80,
    0x0, 0x0, 0x1, 0xef, 0xff, 0xff, 0xff, 0xff,
    0xff, 0xff, 0xff, 0xfe, 0x10, 0x0, 0x0, 0x0,
    0x17, 0x99, 0xaf, 0xfb, 0x99, 0xbf, 0xfb, 0x99,
    0x81, 0x0, 0x0, 0x0, 0x0, 0x0, 0x0, 0x3f,
    0xf4, 0x0, 0x3f, 0xf3, 0x0, 0x0, 0x0, 0x0,
    0x0, 0x0, 0x0, 0x0, 0x1f, 0xf2, 0x0, 0x2f,
    0xf2, 0x0, 0x0, 0x0, 0x0, 0x0, 0x0, 0x0,
    0x0, 0x3, 0x30, 0x0, 0x3, 0x30, 0x0, 0x0,
    0x0, 0x0,

    /* U+E328 "" */
    0x0, 0x0, 0x0, 0x0, 0x0, 0x0, 0x0, 0x2,
    0x67, 0x87, 0x50, 0x0, 0x0, 0x0, 0x0, 0x0,
    0x0, 0x0, 0x0, 0x5, 0xcf, 0xff, 0xff, 0xff,
    0xa3, 0x0, 0x0, 0x0, 0x0, 0x0, 0x0, 0x1,
    0xcf, 0xff, 0xfe, 0xef, 0xff, 0xff, 0x90, 0x0,
    0x0, 0x0, 0x0, 0x0, 0x7, 0xff, 0xd6, 0x10,
    0x0, 0x28, 0xff, 0xf2, 0x0, 0x0, 0x0, 0x0,
    0x0, 0x1, 0x96, 0x0, 0x0, 0x10, 0x0, 0x18,
    0x70, 0x0, 0x0, 0x0, 0x0, 0x0, 0x0, 0x0,
    0x5, 0xcf, 0xff, 0xa2, 0x0, 0x0, 0x0, 0x0,
    0x0, 0x0, 0x0, 0x0, 0x0, 0x4f, 0xff, 0xff,
    0xff, 0x0, 0x0, 0x0, 0x0, 0x0, 0x0, 0x0,
    0x0, 0x0, 0x1b, 0xc7, 0x58, 0xc9, 0x0, 0x0,
    0x0, 0x0, 0x0, 0x0, 0x0, 0x0, 0x0, 0x0,
    0x0, 0x0, 0x0, 0x0, 0x0, 0x0, 0x0, 0x0,
    0x0, 0x0, 0x0, 0x0, 0x0, 0x0, 0x20, 0x0,
    0x0, 0x0, 0x0, 0x0, 0x0, 0x0, 0x0, 0x0,
    0x0, 0x0, 0xc, 0xf7, 0x0, 0x0, 0x0, 0x0,
    0x0, 0x0, 0x0, 0x0, 0x0, 0x0, 0x0, 0xf,
    0xfa, 0x0, 0x0, 0x0, 0x0, 0x0, 0x0, 0x0,
    0x0, 0x0, 0x0, 0x0, 0xf, 0xfa, 0x0, 0x0,
    0x0, 0x0, 0x0, 0x0, 0x0, 0x0, 0x0, 0x0,
    0x0, 0xf, 0xfa, 0x0, 0x0, 0x0, 0x0, 0x1,
    0x22, 0x22, 0x22, 0x22, 0x22, 0x22, 0x2f, 0xfb,
    0x22, 0x10, 0x0, 0x4, 0xef, 0xff, 0xff, 0xff,
    0xff, 0xff, 0xff, 0xff, 0xff, 0xff, 0xfe, 0x40,
    0xe, 0xff, 0xff, 0xff, 0xff, 0xff, 0xff, 0xff,
    0xff, 0xff, 0xff, 0xff, 0xe0, 0x3f, 0xff, 0xff,
    0xff, 0xff, 0xff, 0xff, 0xff, 0xff, 0xff, 0xff,
    0xff, 0xf3, 0x3f, 0xff, 0xff, 0xff, 0xff, 0xff,
    0xff, 0xff, 0xff, 0xff, 0xff, 0xff, 0xf3, 0x3f,
    0xff, 0xf9, 0x3b, 0xff, 0x64, 0xef, 0xd3, 0x7f,
    0xff, 0xff, 0xff, 0xf3, 0x3f, 0xff, 0xf2, 0x3,
    0xfc, 0x0, 0x9f, 0x70, 0xe, 0xff, 0xff, 0xff,
    0xf3, 0x3f, 0xff, 0xf8, 0x29, 0xff, 0x43, 0xdf,
    0xc2, 0x5f, 0xff, 0xff, 0xff, 0xf3, 0x3f, 0xff,
    0xff, 0xff, 0xff, 0xff, 0xff, 0xff, 0xff, 0xff,
    0xff, 0xff, 0xf3, 0x3f, 0xff, 0xff, 0xff, 0xff,
    0xff, 0xff, 0xff, 0xff, 0xff, 0xff, 0xff, 0xf3,
    0xf, 0xff, 0xff, 0xff, 0xff, 0xff, 0xff, 0xff,
    0xff, 0xff, 0xff, 0xff, 0xf0, 0x5, 0xff, 0xff,
    0xff, 0xff, 0xff, 0xff, 0xff, 0xff, 0xff, 0xff,
    0xff, 0x50, 0x0, 0x3, 0x33, 0x33, 0x33, 0x33,
    0x33, 0x33, 0x33, 0x33, 0x33, 0x30, 0x0,

    /* U+E335 "" */
    0x0, 0x0, 0x0, 0x0, 0x0, 0x0, 0x34, 0x0,
    0x0, 0x0, 0x0, 0x0, 0x0, 0x0, 0x0, 0x0,
    0x0, 0x0, 0x5e, 0xff, 0xf7, 0x0, 0x0, 0x0,
    0x0, 0x0, 0x0, 0x0, 0x0, 0x0, 0x3, 0xff,
    0xff, 0xff, 0x60, 0x0, 0x0, 0x0, 0x0, 0x0,
    0x0, 0x0, 0x0, 0xb, 0xff, 0xff, 0xff, 0xe0,
    0x0, 0x0, 0x0, 0x0, 0x0, 0x0, 0x0, 0x0,
    0xe, 0xff, 0xff, 0xff, 0xf1, 0x0, 0x0, 0x0,
    0x0, 0x0, 0x0, 0x0, 0x0, 0xc, 0xff, 0xff,
    0xff, 0xf0, 0x0, 0x0, 0x0, 0x0, 0x0, 0x0,
    0x0, 0x0, 0x6, 0xff, 0xff, 0xff, 0x90, 0x0,
    0x0, 0x0, 0x0, 0x0, 0x0, 0x0, 0x0, 0x0,
    0xaf, 0xff, 0xfc, 0x0, 0x0, 0x0, 0x0, 0x0,
    0x0, 0x0, 0x0, 0x0, 0x0, 0x5, 0xff, 0x80,
    0x0, 0x0, 0x0, 0x0, 0x0, 0x0, 0x0, 0x0,
    0x0, 0x0, 0x2, 0xff, 0x50, 0x0, 0x0, 0x0,
    0x0, 0x0, 0x0, 0x0, 0x0, 0x0, 0x0, 0x2,
    0xff, 0x50, 0x0, 0x0, 0x0, 0x0, 0x0, 0x0,
    0x0, 0x0, 0x0, 0x0, 0x2, 0xff, 0x50, 0x0,
    0x0, 0x0, 0x0, 0x0, 0x0, 0x0, 0x0, 0x0,
    0x0, 0x2, 0xff, 0x50, 0x0, 0x0, 0x0, 0x0,
    0x0, 0x0, 0x0, 0x0, 0x0, 0x0, 0xc, 0xff,
    0xd1, 0x0, 0x0, 0x0, 0x0, 0x0, 0x0, 0x0,
    0x0, 0x0, 0x0, 0xcf, 0xff, 0xfd, 0x10, 0x0,
    0x0, 0x0, 0x0, 0x0, 0x0, 0x0, 0x0, 0xc,
    0xff, 0xdb, 0xff, 0xd1, 0x0, 0x0, 0x0, 0x0,
    0x0, 0x0, 0x0, 0x0, 0xcf, 0xfd, 0x10, 0xcf,
    0xfc, 0x0, 0x0, 0x0, 0x0, 0x0, 0x0, 0x0,
    0xc, 0xff, 0xd1, 0x0, 0xc, 0xff, 0xc0, 0x0,
    0x0, 0x0, 0x5, 0x9a, 0xaa, 0xcf, 0xfd, 0x10,
    0x0, 0x0, 0xcf, 0xfc, 0xaa, 0xa9, 0x50, 0xf,
    0xff, 0xff, 0xff, 0xd1, 0x0, 0x0, 0x0, 0x1d,
    0xff, 0xff, 0xff, 0xf0, 0x1f, 0xff, 0xff, 0xfd,
    0x10, 0x0, 0x0, 0x0, 0x1, 0xdf, 0xff, 0xff,
    0xf1, 0x1f, 0xff, 0xff, 0xf9, 0x0, 0x0, 0x0,
    0x0, 0x0, 0x9f, 0xff, 0xff, 0xf1, 0x1f, 0xff,
    0xff, 0xf9, 0x0, 0x0, 0x0, 0x0, 0x0, 0x9f,
    0xff, 0xff, 0xf1, 0x1f, 0xff, 0xff, 0xf9, 0x0,
    0x0, 0x0, 0x0, 0x0, 0x9f, 0xff, 0xff, 0xf1,
    0xb, 0xff, 0xff, 0xf4, 0x0, 0x0, 0x0, 0x0,
    0x0, 0x4f, 0xff, 0xff, 0xb0, 0x0, 0x0, 0x0,
    0x0, 0x0, 0x0, 0x0, 0x0, 0x0, 0x0, 0x0,
    0x0, 0x0,

    /* U+E39E "" */
    0x0, 0x0, 0x0, 0x0, 0x0, 0x15, 0x78, 0x87,
    0x51, 0x0, 0x0, 0x0, 0x0, 0x0, 0x0, 0x0,
    0x0, 0x0, 0x5c, 0xff, 0xff, 0xff, 0xff, 0xc6,
    0x0, 0x0, 0x0, 0x0, 0x0, 0x0, 0x0, 0x4d,
    0xff, 0xff, 0xff, 0xff, 0xff, 0xff, 0xd4, 0x0,
    0x0, 0x0, 0x0, 0x0, 0x8, 0xff, 0xff, 0xff,
    0xff, 0xff, 0xff, 0xff, 0xff, 0x80, 0x0, 0x0,
    0x0, 0x0, 0xaf, 0xff, 0xff, 0xff, 0xff, 0xff,
    0xff, 0xff, 0xff, 0xfa, 0x0, 0x0, 0x0, 0x8,
    0xff, 0xff, 0xff, 0xff, 0xff, 0xff, 0xff, 0xff,
    0xff, 0xff, 0x80, 0x0, 0x0, 0x4f, 0xff, 0xff,
    0xff, 0xff, 0xff, 0xff, 0xff, 0xff, 0xff, 0xff,
    0xf4, 0x0, 0x0, 0xdf, 0xff, 0xff, 0xff, 0xff,
    0xff, 0xff, 0xff, 0xff, 0xff, 0xff, 0xfd, 0x0,
    0x6, 0xff, 0xff, 0xff, 0xff, 0xff, 0xff, 0xff,
    0xff, 0xff, 0xff, 0xff, 0xff, 0x60, 0xc, 0xff,
    0xff, 0xff, 0xff, 0xff, 0xff, 0xff, 0xff, 0xff,
    0xff, 0xff, 0xff, 0xc0, 0x1f, 0xff, 0xff, 0xff,
    0xff, 0xfe, 0x62, 0x26, 0xef, 0xff, 0xff, 0xff,
    0xff, 0xf1, 0x5f, 0xff, 0xff, 0xff, 0xff, 0xe1,
    0x0, 0x0, 0x1e, 0xff, 0xff, 0xff, 0xff, 0xf5,
    0x7f, 0xff, 0xff, 0xff, 0xff, 0x60, 0x0, 0x0,
    0x6, 0xff, 0xff, 0xff, 0xff, 0xf7, 0x8f, 0xff,
    0xff, 0xff, 0xff, 0x20, 0x0, 0x0, 0x2, 0xff,
    0xff, 0xff, 0xff, 0xf8, 0x8f, 0xff, 0xff, 0xff,
    0xff, 0x20, 0x0, 0x0, 0x2, 0xff, 0xff, 0xff,
    0xff, 0xf8, 0x7f, 0xff, 0xff, 0xff, 0xff, 0x60,
    0x0, 0x0, 0x6, 0xff, 0xff, 0xff, 0xff, 0xf7,
    0x5f, 0xff, 0xff, 0xff, 0xff, 0xe1, 0x0, 0x0,
    0x1e, 0xff, 0xff, 0xff, 0xff, 0xf5, 0x1f, 0xff,
    0xff, 0xff, 0xff, 0xfe, 0x62, 0x26, 0xef, 0xff,
    0xff, 0xff, 0xff, 0xf1, 0xc, 0xff, 0xff, 0xff,
    0xff, 0xff, 0xff, 0xff, 0xff, 0xff, 0xff, 0xff,
    0xff, 0xc0, 0x6, 0xff, 0xff, 0xff, 0xff, 0xff,
    0xff, 0xff, 0xff, 0xff, 0xff, 0xff, 0xff, 0x50,
    0x0, 0xdf, 0xff, 0xff, 0xff, 0xff, 0xff, 0xff,
    0xff, 0xff, 0xff, 0xff, 0xfd, 0x0, 0x0, 0x4f,
    0xff, 0xff, 0xff, 0xff, 0xff, 0xff, 0xff, 0xff,
    0xff, 0xff, 0xf4, 0x0, 0x0, 0x8, 0xff, 0xff,
    0xff, 0xff, 0xff, 0xff, 0xff, 0xff, 0xff, 0xff,
    0x80, 0x0, 0x0, 0x0, 0xaf, 0xff, 0xff, 0xff,
    0xff, 0xff, 0xff, 0xff, 0xff, 0xfa, 0x0, 0x0,
    0x0, 0x0, 0x8, 0xff, 0xff, 0xff, 0xff, 0xff,
    0xff, 0xff, 0xff, 0x80, 0x0, 0x0, 0x0, 0x0,
    0x0, 0x4d, 0xff, 0xff, 0xff, 0xff, 0xff, 0xff,
    0xd4, 0x0, 0x0, 0x0, 0x0, 0x0, 0x0, 0x0,
    0x6c, 0xff, 0xff, 0xff, 0xff, 0xc6, 0x0, 0x0,
    0x0, 0x0, 0x0, 0x0, 0x0, 0x0, 0x0, 0x15,
    0x78, 0x87, 0x51, 0x0, 0x0, 0x0, 0x0, 0x0,

    /* U+E3AB "" */
    0x0, 0x0, 0x0, 0x0, 0x0, 0x0, 0x0, 0x33,
    0x0, 0x0, 0x0, 0x0, 0x0, 0x0, 0x0, 0x0,
    0x0, 0x0, 0x0, 0x0, 0x0, 0x1c, 0xff, 0xc1,
    0x0, 0x0, 0x0, 0x0, 0x0, 0x0, 0x0, 0x0,
    0x0, 0x0, 0x0, 0x1, 0xdf, 0xff, 0xfd, 0x10,
    0x0, 0x0, 0x0, 0x0, 0x0, 0x0, 0x0, 0x0,
    0x0, 0x0, 0x1d, 0xff, 0xcc, 0xff, 0xd1, 0x0,
    0x0, 0x0, 0x0, 0x0, 0x0, 0x0, 0x9, 0xef,
    0xff, 0xff, 0xfc, 0x0, 0xcf, 0xff, 0xff, 0xfe,
    0x90, 0x0, 0x0, 0x0, 0x0, 0x9f, 0xff, 0xff,
    0xff, 0xc0, 0x0, 0xc, 0xff, 0xff, 0xff, 0xf9,
    0x0, 0x0, 0x0, 0x0, 0xdf, 0xeb, 0xbb, 0xba,
    0x0, 0x0, 0x0, 0xab, 0xbb, 0xbe, 0xfd, 0x0,
    0x0, 0x0, 0x0, 0xef, 0xc0, 0x0, 0x0, 0x0,
    0x0, 0x0, 0x0, 0x0, 0xc, 0xfe, 0x0, 0x0,
    0x0, 0x0, 0xef, 0xc0, 0x0, 0x0, 0x0, 0x7,
    0x51, 0x0, 0x0, 0xc, 0xfe, 0x0, 0x0, 0x0,
    0x0, 0xef, 0xc0, 0x0, 0x0, 0x0, 0xf, 0xff,
    0x80, 0x0, 0xc, 0xfe, 0x0, 0x0, 0x0, 0x1,
    0xff, 0xc0, 0x0, 0x0, 0x0, 0xf, 0xff, 0xfb,
    0x0, 0xc, 0xff, 0x10, 0x0, 0x0, 0x1d, 0xff,
    0xa0, 0x0, 0x0, 0x0, 0xf, 0xff, 0xff, 0x80,
    0xa, 0xff, 0xd1, 0x0, 0x1, 0xdf, 0xfc, 0x0,
    0x0, 0x0, 0x0, 0xf, 0xff, 0xff, 0xf1, 0x0,
    0xcf, 0xfd, 0x10, 0xc, 0xff, 0xc0, 0x0, 0x0,
    0x0, 0x0, 0xf, 0xff, 0xff, 0xf5, 0x0, 0xc,
    0xff, 0xc0, 0x3f, 0xfc, 0x0, 0x0, 0x0, 0x0,
    0x0, 0xf, 0xff, 0xff, 0xf7, 0x0, 0x0, 0xcf,
    0xf3, 0x3f, 0xfc, 0x0, 0x0, 0x0, 0x0, 0x0,
    0xf, 0xff, 0xff, 0xf7, 0x0, 0x0, 0xcf, 0xf3,
    0xc, 0xff, 0xc0, 0x0, 0x0, 0x0, 0x0, 0xf,
    0xff, 0xff, 0xf5, 0x0, 0xc, 0xff, 0xc0, 0x1,
    0xdf, 0xfc, 0x0, 0x0, 0x0, 0x0, 0xf, 0xff,
    0xff, 0xf0, 0x0, 0xcf, 0xfd, 0x10, 0x0, 0x1d,
    0xff, 0xa0, 0x0, 0x0, 0x0, 0xf, 0xff, 0xff,
    0x70, 0xa, 0xff, 0xd1, 0x0, 0x0, 0x1, 0xff,
    0xc0, 0x0, 0x0, 0x0, 0xf, 0xff, 0xfa, 0x0,
    0xc, 0xff, 0x10, 0x0, 0x0, 0x0, 0xef, 0xc0,
    0x0, 0x0, 0x0, 0xf, 0xff, 0x70, 0x0, 0xc,
    0xfe, 0x0, 0x0, 0x0, 0x0, 0xef, 0xc0, 0x0,
    0x0, 0x0, 0x7, 0x51, 0x0, 0x0, 0xc, 0xfe,
    0x0, 0x0, 0x0, 0x0, 0xef, 0xc0, 0x0, 0x0,
    0x0, 0x0, 0x0, 0x0, 0x0, 0xc, 0xfe, 0x0,
    0x0, 0x0, 0x0, 0xef, 0xeb, 0xbb, 0xba, 0x0,
    0x0, 0x0, 0xab, 0xbb, 0xbe, 0xfd, 0x0, 0x0,
    0x0, 0x0, 0x9f, 0xff, 0xff, 0xff, 0xc0, 0x0,
    0xc, 0xff, 0xff, 0xff, 0xf9, 0x0, 0x0, 0x0,
    0x0, 0x9, 0xef, 0xff, 0xff, 0xfc, 0x0, 0xcf,
    0xff, 0xff, 0xfe, 0x90, 0x0, 0x0, 0x0, 0x0,
    0x0, 0x0, 0x0, 0x1d, 0xff, 0xcc, 0xff, 0xd1,
    0x0, 0x0, 0x0, 0x0, 0x0, 0x0, 0x0, 0x0,
    0x0, 0x0, 0x1, 0xdf, 0xff, 0xfd, 0x10, 0x0,
    0x0, 0x0, 0x0, 0x0, 0x0, 0x0, 0x0, 0x0,
    0x0, 0x0, 0x1c, 0xff, 0xc1, 0x0, 0x0, 0x0,
    0x0, 0x0, 0x0, 0x0, 0x0, 0x0, 0x0, 0x0,
    0x0, 0x0, 0x33, 0x0, 0x0, 0x0, 0x0, 0x0,
    0x0, 0x0,

    /* U+E3AF "" */
    0x0, 0x0, 0x0, 0x0, 0x0, 0x12, 0x45, 0x64,
    0x10, 0x0, 0x0, 0x0, 0x0, 0x0, 0x0, 0x0,
    0x0, 0x0, 0x29, 0xff, 0xff, 0xff, 0x11, 0x72,
    0x0, 0x0, 0x0, 0x0, 0x0, 0x0, 0x0, 0xa,
    0xff, 0xff, 0xff, 0xf9, 0xc, 0xff, 0x91, 0x0,
    0x0, 0x0, 0x0, 0x0, 0x2, 0xff, 0xff, 0xff,
    0xff, 0xe1, 0x5f, 0xff, 0xfe, 0x40, 0x0, 0x0,
    0x0, 0x0, 0x2b, 0xff, 0xff, 0xff, 0xff, 0x70,
    0xef, 0xff, 0xff, 0xf5, 0x0, 0x0, 0x0, 0x1,
    0x4, 0xff, 0xff, 0xff, 0xfd, 0x7, 0xff, 0xff,
    0xff, 0xff, 0x40, 0x0, 0x0, 0x4f, 0x70, 0xbf,
    0xff, 0xff, 0xf4, 0x1f, 0xff, 0xff, 0xff, 0xff,
    0xe1, 0x0, 0x0, 0xdf, 0xf1, 0x2f, 0xff, 0xff,
    0xb0, 0xaf, 0xff, 0xff, 0xff, 0xff, 0xf9, 0x0,
    0x6, 0xff, 0xf9, 0x8, 0xff, 0xff, 0x22, 0xff,
    0xff, 0xff, 0xff, 0xff, 0xff, 0x20, 0xd, 0xff,
    0xff, 0x20, 0xef, 0xf9, 0x0, 0x77, 0x77, 0x77,
    0x77, 0x77, 0x77, 0x0, 0x1f, 0xff, 0xff, 0xb0,
    0x6f, 0xe1, 0x0, 0x0, 0x0, 0x11, 0x11, 0x11,
    0x11, 0x10, 0x5f, 0xff, 0xff, 0xf4, 0xa, 0x50,
    0x0, 0x0, 0x6, 0xff, 0xff, 0xff, 0xff, 0xd0,
    0x8f, 0xff, 0xff, 0xfd, 0x0, 0x0, 0x0, 0x0,
    0x1, 0xff, 0xff, 0xff, 0xff, 0xf1, 0x9f, 0xff,
    0xff, 0xff, 0x70, 0x0, 0x0, 0x0, 0x0, 0x7f,
    0xff, 0xff, 0xff, 0xf2, 0x9f, 0xff, 0xff, 0xff,
    0xf1, 0x0, 0x0, 0x0, 0x0, 0xd, 0xff, 0xff,
    0xff, 0xf2, 0x8f, 0xff, 0xff, 0xff, 0xf9, 0x0,
    0x0, 0x0, 0x0, 0x4, 0xff, 0xff, 0xff, 0xf0,
    0x3f, 0xff, 0xff, 0xff, 0xfe, 0x0, 0x0, 0x0,
    0x6, 0xa0, 0xbf, 0xff, 0xff, 0xe0, 0x10, 0x0,
    0x0, 0x0, 0x0, 0x0, 0x0, 0x0, 0x1f, 0xf6,
    0x2f, 0xff, 0xff, 0x90, 0x1, 0xbb, 0xbb, 0xbb,
    0xbb, 0xbb, 0xbb, 0x10, 0x9f, 0xfe, 0x18, 0xff,
    0xff, 0x40, 0x0, 0xff, 0xff, 0xff, 0xff, 0xff,
    0xff, 0x13, 0xff, 0xff, 0x90, 0xef, 0xfd, 0x0,
    0x0, 0x8f, 0xff, 0xff, 0xff, 0xff, 0xf7, 0xc,
    0xff, 0xff, 0xf3, 0x5f, 0xf5, 0x0, 0x0, 0xe,
    0xff, 0xff, 0xff, 0xff, 0xd0, 0x6f, 0xff, 0xff,
    0xfc, 0xb, 0xa0, 0x0, 0x0, 0x0, 0xff, 0xff,
    0xff, 0xff, 0x50, 0xef, 0xff, 0xff, 0xff, 0x51,
    0x10, 0x0, 0x0, 0x0, 0x1f, 0xff, 0xff, 0xfb,
    0x8, 0xff, 0xff, 0xff, 0xff, 0xa1, 0x0, 0x0,
    0x0, 0x0, 0x0, 0xcf, 0xff, 0xf2, 0x2f, 0xff,
    0xff, 0xff, 0xfc, 0x20, 0x0, 0x0, 0x0, 0x0,
    0x0, 0x5, 0xef, 0x90, 0xbf, 0xff, 0xff, 0xfe,
    0x70, 0x0, 0x0, 0x0, 0x0, 0x0, 0x0, 0x0,
    0x3, 0x12, 0xff, 0xff, 0xfa, 0x50, 0x0, 0x0,
    0x0, 0x0, 0x0, 0x0, 0x0, 0x0, 0x0, 0x1,
    0x12, 0x20, 0x0, 0x0, 0x0, 0x0, 0x0, 0x0,

    /* U+E3B0 "" */
    0x0, 0x0, 0x0, 0x0, 0x0, 0x13, 0x33, 0x33,
    0x31, 0x0, 0x0, 0x0, 0x0, 0x0, 0x0, 0x0,
    0x0, 0x0, 0x9, 0xff, 0xff, 0xff, 0xff, 0x90,
    0x0, 0x0, 0x0, 0x0, 0x0, 0x0, 0x0, 0x0,
    0xaf, 0xff, 0xff, 0xff, 0xff, 0xfa, 0x0, 0x0,
    0x0, 0x0, 0x0, 0x57, 0x77, 0x7a, 0xff, 0xff,
    0xff, 0xff, 0xff, 0xff, 0xa7, 0x77, 0x75, 0x0,
    0xc, 0xff, 0xff, 0xff, 0xff, 0xff, 0xff, 0xff,
    0xff, 0xff, 0xff, 0xff, 0xff, 0xc0, 0x6f, 0xff,
    0xff, 0xff, 0xff, 0xff, 0xff, 0xff, 0xff, 0xff,
    0xff, 0xff, 0xff, 0xf6, 0x8f, 0xff, 0xff, 0xff,
    0xff, 0xff, 0xff, 0xff, 0xff, 0xff, 0xff, 0xff,
    0xff, 0xf8, 0x9f, 0xff, 0xff, 0xff, 0xff, 0xff,
    0xff, 0xff, 0xff, 0xff, 0xff, 0xff, 0xff, 0xf9,
    0x9f, 0xff, 0xff, 0xff, 0xff, 0xff, 0xb8, 0x8b,
    0xff, 0xff, 0xff, 0xff, 0xff, 0xf9, 0x9f, 0xff,
    0xff, 0xff, 0xff, 0xa1, 0x0, 0x0, 0x1a, 0xff,
    0xff, 0xff, 0xff, 0xf9, 0x9f, 0xff, 0xff, 0xff,
    0xf8, 0x0, 0x0, 0x0, 0x0, 0x9f, 0xff, 0xff,
    0xff, 0xf9, 0x9f, 0xff, 0xff, 0xff, 0xd0, 0x0,
    0x8e, 0xea, 0x10, 0xd, 0xff, 0xff, 0xff, 0xf9,
    0x9f, 0xff, 0xff, 0xff, 0x60, 0xa, 0xff, 0xff,
    0xd0, 0x6, 0xff, 0xff, 0xff, 0xf9, 0x9f, 0xff,
    0xff, 0xff, 0x20, 0x1f, 0xff, 0xff, 0xf5, 0x2,
    0xff, 0xff, 0xff, 0xf9, 0x9f, 0xff, 0xff, 0xff,
    0x10, 0x2f, 0xff, 0xff, 0xf6, 0x1, 0xff, 0xff,
    0xff, 0xf9, 0x9f, 0xff, 0xff, 0xff, 0x30, 0xf,
    0xff, 0xff, 0xf4, 0x3, 0xff, 0xff, 0xff, 0xf9,
    0x9f, 0xff, 0xff, 0xff, 0x70, 0x7, 0xff, 0xff,
    0xa0, 0x7, 0xff, 0xff, 0xff, 0xf9, 0x9f, 0xff,
    0xff, 0xff, 0xe1, 0x0, 0x4a, 0xb6, 0x0, 0x1e,
    0xff, 0xff, 0xff, 0xf9, 0x9f, 0xff, 0xff, 0xff,
    0xfb, 0x0, 0x0, 0x0, 0x0, 0xbf, 0xff, 0xff,
    0xff, 0xf9, 0x9f, 0xff, 0xff, 0xff, 0xff, 0xd4,
    0x0, 0x0, 0x4d, 0xff, 0xff, 0xff, 0xff, 0xf9,
    0x9f, 0xff, 0xff, 0xff, 0xff, 0xff, 0xec, 0xce,
    0xff, 0xff, 0xff, 0xff, 0xff, 0xf9, 0x9f, 0xff,
    0xff, 0xff, 0xff, 0xff, 0xff, 0xff, 0xff, 0xff,
    0xff, 0xff, 0xff, 0xf9, 0x8f, 0xff, 0xff, 0xff,
    0xff, 0xff, 0xff, 0xff, 0xff, 0xff, 0xff, 0xff,
    0xff, 0xf8, 0x5f, 0xff, 0xff, 0xff, 0xff, 0xff,
    0xff, 0xff, 0xff, 0xff, 0xff, 0xff, 0xff, 0xf5,
    0xa, 0xff, 0xff, 0xff, 0xff, 0xff, 0xff, 0xff,
    0xff, 0xff, 0xff, 0xff, 0xff, 0xa0, 0x0, 0x13,
    0x33, 0x33, 0x33, 0x33, 0x33, 0x33, 0x33, 0x33,
    0x33, 0x33, 0x31, 0x0,

    /* U+E3DC "" */
    0x0, 0x0, 0x0, 0x0, 0x0, 0x0, 0x0, 0x0,
    0x0, 0x0, 0x0, 0x0, 0x0, 0x2, 0xcf, 0xff,
    0xff, 0xa0, 0x0, 0x0, 0x0, 0x3, 0xff, 0xff,
    0xfe, 0x70, 0xc, 0xff, 0xff, 0xff, 0xf0, 0x0,
    0x0, 0x0, 0x6, 0xff, 0xff, 0xff, 0xf4, 0xf,
    0xfd, 0xaa, 0xa9, 0x40, 0x0, 0x0, 0x0, 0x0,
    0x8a, 0xaa, 0xaf, 0xf8, 0x1f, 0xf9, 0x0, 0x0,
    0x0, 0x0, 0x0, 0x0, 0x0, 0x0, 0x0, 0x1f,
    0xf9, 0x1f, 0xf9, 0x0, 0x0, 0x0, 0x0, 0x0,
    0x0, 0x0, 0x0, 0x0, 0x1f, 0xf9, 0x1f, 0xf9,
    0x0, 0x0, 0x0, 0x0, 0x0, 0x0, 0x0, 0x0,
    0x0, 0x1f, 0xf9, 0x1f, 0xf9, 0x0, 0x0, 0x0,
    0x0, 0x0, 0x0, 0x0, 0x0, 0x0, 0x1f, 0xf9,
    0xb, 0xf4, 0x0, 0x0, 0x0, 0x0, 0x0, 0x0,
    0x0, 0x0, 0x0, 0xb, 0xf4, 0x0, 0x0, 0x0,
    0x0, 0x0, 0x19, 0xee, 0xb3, 0x0, 0x0, 0x0,
    0x0, 0x0, 0x0, 0x0, 0x0, 0x0, 0x1, 0xdf,
    0xff, 0xff, 0x30, 0x0, 0x0, 0x0, 0x0, 0x0,
    0x0, 0x0, 0x0, 0x8, 0xff, 0xff, 0xff, 0xd0,
    0x0, 0x0, 0x0, 0x0, 0x0, 0x0, 0x0, 0x0,
    0xc, 0xff, 0xff, 0xff, 0xf1, 0x0, 0x0, 0x0,
    0x0, 0x0, 0x0, 0x0, 0x0, 0xc, 0xff, 0xff,
    0xff, 0xf1, 0x0, 0x0, 0x0, 0x0, 0x0, 0x0,
    0x0, 0x0, 0x8, 0xff, 0xff, 0xff, 0xd0, 0x0,
    0x0, 0x0, 0x0, 0x0, 0x0, 0x0, 0x0, 0x1,
    0xdf, 0xff, 0xff, 0x40, 0x0, 0x0, 0x0, 0x0,
    0x0, 0x0, 0x0, 0x0, 0x0, 0x19, 0xee, 0xb3,
    0x0, 0x0, 0x0, 0x0, 0x0, 0xb, 0xf4, 0x0,
    0x0, 0x0, 0x0, 0x0, 0x0, 0x0, 0x0, 0x0,
    0xb, 0xf4, 0x1f, 0xf9, 0x0, 0x0, 0x0, 0x0,
    0x0, 0x0, 0x0, 0x0, 0x0, 0x1f, 0xf9, 0x1f,
    0xf9, 0x0, 0x0, 0x0, 0x0, 0x0, 0x0, 0x0,
    0x0, 0x0, 0x1f, 0xf9, 0x1f, 0xf9, 0x0, 0x0,
    0x0, 0x0, 0x0, 0x0, 0x0, 0x0, 0x0, 0x1f,
    0xf9, 0x1f, 0xf9, 0x0, 0x0, 0x0, 0x0, 0x0,
    0x0, 0x0, 0x0, 0x0, 0x1f, 0xf9, 0xf, 0xfd,
    0xaa, 0xa9, 0x40, 0x0, 0x0, 0x0, 0x0, 0x8a,
    0xaa, 0xaf, 0xf8, 0xc, 0xff, 0xff, 0xff, 0xf0,
    0x0, 0x0, 0x0, 0x7, 0xff, 0xff, 0xff, 0xf4,
    0x2, 0xcf, 0xff, 0xff, 0xa0, 0x0, 0x0, 0x0,
    0x3, 0xff, 0xff, 0xfe, 0x70, 0x0, 0x0, 0x0,
    0x0, 0x0, 0x0, 0x0, 0x0, 0x0, 0x0, 0x0,
    0x0, 0x0,

    /* U+E409 "" */
    0x5c, 0x60, 0x0, 0x0, 0x0, 0xcf, 0xf6, 0x0,
    0x0, 0x0, 0x4f, 0xff, 0x60, 0x0, 0x0, 0x5,
    0xff, 0xf7, 0x0, 0x0, 0x0, 0x5f, 0xff, 0x70,
    0x0, 0x0, 0x5, 0xff, 0xf7, 0x0, 0x0, 0x0,
    0x5f, 0xff, 0x70, 0x0, 0x0, 0x5, 0xff, 0xf1,
    0x0, 0x0, 0xa, 0xff, 0xe0, 0x0, 0x0, 0xaf,
    0xfe, 0x20, 0x0, 0xa, 0xff, 0xe2, 0x0, 0x0,
    0xaf, 0xfe, 0x20, 0x0, 0xa, 0xff, 0xe2, 0x0,
    0x0, 0x8f, 0xfe, 0x20, 0x0, 0x0, 0xbf, 0xe2,
    0x0, 0x0, 0x0, 0x17, 0x20, 0x0, 0x0, 0x0,

    /* U+E417 "" */
    0x0, 0x0, 0x0, 0x0, 0x0, 0x14, 0x8a, 0xbb,
    0xa8, 0x41, 0x0, 0x0, 0x0, 0x0, 0x0, 0x0,
    0x0, 0x0, 0x0, 0x4a, 0xff, 0xff, 0xff, 0xff,
    0xff, 0xa4, 0x0, 0x0, 0x0, 0x0, 0x0, 0x0,
    0x0, 0x2b, 0xff, 0xff, 0xfe, 0xff, 0xef, 0xff,
    0xff, 0xb2, 0x0, 0x0, 0x0, 0x0, 0x0, 0x5,
    0xff, 0xff, 0xee, 0xff, 0xff, 0xff, 0xee, 0xff,
    0xff, 0x50, 0x0, 0x0, 0x0, 0x0, 0x7f, 0xff,
    0xef, 0xff, 0xfd, 0xaa, 0xdf, 0xff, 0xfe, 0xff,
    0xf7, 0x0, 0x0, 0x0, 0x8, 0xff, 0xff, 0xff,
    0xfc, 0x20, 0x0, 0x3, 0xcf, 0xff, 0xff, 0xff,
    0x80, 0x0, 0x0, 0x5f, 0xff, 0xff, 0xff, 0xb0,
    0x0, 0x21, 0x0, 0xb, 0xff, 0xff, 0xff, 0xf5,
    0x0, 0x2, 0xff, 0xff, 0xff, 0xfe, 0x0, 0x5e,
    0xff, 0xb1, 0x0, 0xef, 0xff, 0xff, 0xff, 0x20,
    0xc, 0xff, 0xff, 0xff, 0xf7, 0x3, 0xff, 0xff,
    0xfc, 0x0, 0x8f, 0xff, 0xff, 0xff, 0xc0, 0x4f,
    0xff, 0xff, 0xff, 0xf4, 0xa, 0xff, 0xff, 0xff,
    0x30, 0x4f, 0xff, 0xff, 0xff, 0xf4, 0x7f, 0xff,
    0xff, 0xff, 0xf3, 0xb, 0xff, 0xff, 0xff, 0x40,
    0x3f, 0xff, 0xff, 0xff, 0xf7, 0x3f, 0xff, 0xff,
    0xff, 0xf4, 0x8, 0xff, 0xff, 0xff, 0x10, 0x4f,
    0xff, 0xff, 0xff, 0xf3, 0xa, 0xff, 0xff, 0xff,
    0xf9, 0x1, 0xef, 0xff, 0xf8, 0x0, 0x9f, 0xff,
    0xff, 0xff, 0xa0, 0x1, 0xef, 0xff, 0xff, 0xff,
    0x20, 0x19, 0xdc, 0x60, 0x2, 0xff, 0xff, 0xff,
    0xfe, 0x10, 0x0, 0x3f, 0xff, 0xff, 0xff, 0xd1,
    0x0, 0x0, 0x0, 0x1d, 0xff, 0xff, 0xff, 0xf3,
    0x0, 0x0, 0x5, 0xff, 0xfe, 0xff, 0xfe, 0x60,
    0x0, 0x6, 0xef, 0xff, 0xef, 0xff, 0x50, 0x0,
    0x0, 0x0, 0x4f, 0xff, 0xee, 0xff, 0xff, 0xee,
    0xff, 0xff, 0xee, 0xff, 0xf4, 0x0, 0x0, 0x0,
    0x0, 0x2, 0xdf, 0xff, 0xee, 0xee, 0xff, 0xee,
    0xee, 0xff, 0xfd, 0x20, 0x0, 0x0, 0x0, 0x0,
    0x0, 0x8, 0xff, 0xff, 0xff, 0xff, 0xff, 0xff,
    0xff, 0x80, 0x0, 0x0, 0x0, 0x0, 0x0, 0x0,
    0x0, 0x17, 0xdf, 0xff, 0xff, 0xff, 0xfd, 0x71,
    0x0, 0x0, 0x0, 0x0, 0x0, 0x0, 0x0, 0x0,
    0x0, 0x1, 0x56, 0x87, 0x65, 0x10, 0x0, 0x0,
    0x0, 0x0, 0x0,

    /* U+E41A "" */
    0x0, 0x0, 0x0, 0x0, 0x0, 0x0, 0x43, 0x0,
    0x0, 0x0, 0x0, 0x0, 0x0, 0x0, 0x0, 0x0,
    0x0, 0x0, 0x3, 0xff, 0x60, 0x0, 0x0, 0x0,
    0x0, 0x0, 0x0, 0x0, 0x0, 0x0, 0x0, 0x3,
    0xff, 0xf6, 0x0, 0x0, 0x0, 0x0, 0x0, 0x0,
    0x0, 0x0, 0x0, 0x0, 0x0, 0x6f, 0xff, 0x60,
    0x0, 0x0, 0x0, 0x0, 0x0, 0x0, 0x0, 0x0,
    0x4, 0x8a, 0xcf, 0xff, 0xf6, 0x0, 0x0, 0x0,
    0x0, 0x0, 0x0, 0x0, 0x7, 0xff, 0xff, 0xff,
    0xff, 0xfd, 0x0, 0x0, 0x0, 0x0, 0x0, 0x0,
    0x3, 0xef, 0xff, 0xff, 0xdf, 0xff, 0xf6, 0x0,
    0x0, 0x0, 0x0, 0x0, 0x0, 0x5f, 0xff, 0xe7,
    0x20, 0x6f, 0xff, 0x60, 0x0, 0x0, 0x0, 0x0,
    0x0, 0x4, 0xff, 0xf9, 0x0, 0x3, 0xff, 0xf6,
    0x0, 0x0, 0x0, 0x0, 0x0, 0x0, 0x2e, 0xff,
    0x60, 0x0, 0x3, 0xff, 0x60, 0x0, 0x0, 0x2,
    0x82, 0x0, 0x0, 0xaf, 0xf8, 0x0, 0x0, 0x0,
    0x33, 0x0, 0x0, 0x0, 0xb, 0xfd, 0x0, 0x2,
    0xff, 0xd0, 0x0, 0x0, 0x0, 0x0, 0x0, 0x0,
    0x0, 0xa, 0xff, 0x40, 0x8, 0xff, 0x40, 0x0,
    0x0, 0x0, 0x0, 0x0, 0x0, 0x0, 0x2, 0xff,
    0xa0, 0xd, 0xff, 0x0, 0x0, 0x0, 0x0, 0x0,
    0x0, 0x0, 0x0, 0x0, 0xdf, 0xf0, 0xf, 0xfb,
    0x0, 0x0, 0x0, 0x0, 0x0, 0x0, 0x0, 0x0,
    0x0, 0x5e, 0x90, 0x1f, 0xf9, 0x0, 0x0, 0x0,
    0x0, 0x0, 0x0, 0x0, 0x0, 0x0, 0x0, 0x0,
    0x2f, 0xf8, 0x0, 0x0, 0x0, 0x0, 0x0, 0x0,
    0x0, 0x0, 0x0, 0x0, 0x0, 0x1f, 0xf9, 0x0,
    0x0, 0x0, 0x0, 0x0, 0x0, 0x0, 0x0, 0x0,
    0x2, 0x0, 0xf, 0xfb, 0x0, 0x0, 0x0, 0x0,
    0x0, 0x0, 0x0, 0x0, 0x0, 0x7f, 0xc0, 0xc,
    0xff, 0x0, 0x0, 0x0, 0x0, 0x0, 0x0, 0x0,
    0x0, 0x0, 0xef, 0xe0, 0x7, 0xff, 0x60, 0x0,
    0x0, 0x0, 0x0, 0x0, 0x0, 0x0, 0x4, 0xff,
    0x90, 0x1, 0xff, 0xe1, 0x0, 0x0, 0x0, 0x0,
    0x0, 0x0, 0x0, 0xb, 0xff, 0x20, 0x0, 0x9f,
    0xfa, 0x0, 0x0, 0x0, 0x0, 0x0, 0x0, 0x0,
    0xa, 0xfb, 0x0, 0x0, 0xe, 0xff, 0xa0, 0x0,
    0x0, 0x0, 0x0, 0x0, 0x0, 0x0, 0x50, 0x0,
    0x0, 0x3, 0xff, 0xfc, 0x30, 0x0, 0x0, 0x0,
    0x1, 0x62, 0x0, 0x0, 0x0, 0x0, 0x0, 0x3e,
    0xff, 0xfb, 0x50, 0x0, 0x4, 0x9f, 0xfd, 0x0,
    0x0, 0x0, 0x0, 0x0, 0x2, 0xcf, 0xff, 0xf7,
    0x0, 0x5f, 0xff, 0xfc, 0x0, 0x0, 0x0, 0x0,
    0x0, 0x0, 0x5, 0xcf, 0xf8, 0x0, 0x6f, 0xfe,
    0x60, 0x0, 0x0, 0x0, 0x0, 0x0, 0x0, 0x0,
    0x2, 0x50, 0x0, 0x5, 0x30, 0x0, 0x0, 0x0,
    0x0,

    /* U+E41C "" */
    0x0, 0x2, 0x22, 0x21, 0x11, 0x22, 0x21, 0x12,
    0x22, 0x11, 0x12, 0x22, 0x20, 0x0, 0x8, 0xff,
    0xff, 0xf2, 0x5, 0xff, 0xe0, 0xe, 0xff, 0x50,
    0x2f, 0xff, 0xff, 0x80, 0x4f, 0xff, 0xff, 0xf2,
    0x5, 0xff, 0xe0, 0xe, 0xff, 0x50, 0x2f, 0xff,
    0xff, 0xf4, 0x8f, 0xff, 0xff, 0xf2, 0x3, 0xff,
    0xe0, 0xe, 0xff, 0x30, 0x2f, 0xff, 0xff, 0xf8,
    0x8f, 0xff, 0xff, 0xf2, 0x1, 0xff, 0xe0, 0xe,
    0xff, 0x20, 0x3f, 0xff, 0xff, 0xf8, 0x8f, 0xff,
    0xff, 0xf2, 0x1, 0xff, 0xe0, 0xe, 0xff, 0x20,
    0x3f, 0xff, 0xff, 0xf8, 0x8f, 0xff, 0xff, 0xf2,
    0x1, 0xff, 0xe0, 0xe, 0xff, 0x20, 0x3f, 0xff,
    0xff, 0xf8, 0x8f, 0xff, 0xff, 0xf2, 0x1, 0xff,
    0xe0, 0xe, 0xff, 0x20, 0x2f, 0xff, 0xff, 0xf8,
    0x8f, 0xff, 0xff, 0xf2, 0x12, 0xff, 0xd3, 0x3d,
    0xff, 0x10, 0x1f, 0xff, 0xff, 0xf8, 0x8f, 0xff,
    0xff, 0xff, 0xff, 0xff, 0xff, 0xff, 0xff, 0xff,
    0xff, 0xff, 0xff, 0xf8, 0x8f, 0xff, 0xff, 0xff,
    0xff, 0xff, 0xff, 0xff, 0xff, 0xff, 0xff, 0xff,
    0xff, 0xf8, 0x8f, 0xff, 0xff, 0xff, 0xff, 0xff,
    0xff, 0xff, 0xff, 0xff, 0xff, 0xff, 0xff, 0xf8,
    0x8f, 0xff, 0xff, 0xff, 0xff, 0xff, 0xff, 0xff,
    0xff, 0xff, 0xff, 0xff, 0xff, 0xf8, 0x8f, 0xff,
    0xff, 0xff, 0xff, 0xff, 0xff, 0xff, 0xff, 0xff,
    0xff, 0xff, 0xff, 0xf8, 0x8f, 0xff, 0xff, 0xff,
    0xff, 0xff, 0xff, 0xff, 0xff, 0xff, 0xff, 0xff,
    0xff, 0xf8, 0x4f, 0xff, 0xff, 0xff, 0xff, 0xff,
    0xff, 0xff, 0xff, 0xff, 0xff, 0xff, 0xff, 0xf4,
    0x9, 0xff, 0xff, 0xff, 0xff, 0xff, 0xff, 0xff,
    0xff, 0xff, 0xff, 0xff, 0xff, 0x90, 0x0, 0x12,
    0x22, 0x22, 0x22, 0x22, 0x22, 0x22, 0x22, 0x22,
    0x22, 0x22, 0x21, 0x0,

    /* U+E425 "" */
    0x0, 0x0, 0x0, 0x0, 0xc, 0xff, 0xff, 0xff,
    0xc0, 0x0, 0x0, 0x0, 0x0, 0x0, 0x0, 0x0,
    0x0, 0x2f, 0xff, 0xff, 0xff, 0xf2, 0x0, 0x0,
    0x0, 0x0, 0x0, 0x0, 0x0, 0x0, 0x6, 0x99,
    0x99, 0x99, 0x60, 0x0, 0x0, 0x0, 0x0, 0x0,
    0x0, 0x0, 0x0, 0x0, 0x0, 0x0, 0x0, 0x0,
    0x0, 0x0, 0x0, 0x0, 0x0, 0x0, 0x0, 0x0,
    0x3, 0x8a, 0xbb, 0xa7, 0x30, 0x0, 0x0, 0x0,
    0x0, 0x0, 0x0, 0x0, 0x6, 0xef, 0xff, 0xff,
    0xff, 0xfd, 0x60, 0x0, 0x51, 0x0, 0x0, 0x0,
    0x2, 0xdf, 0xff, 0xff, 0xff, 0xff, 0xff, 0xfc,
    0x3c, 0xfb, 0x0, 0x0, 0x0, 0x4f, 0xff, 0xff,
    0xff, 0xff, 0xff, 0xff, 0xff, 0xff, 0xf9, 0x0,
    0x0, 0x3, 0xff, 0xff, 0xff, 0xff, 0xff, 0xff,
    0xff, 0xff, 0xff, 0xc0, 0x0, 0x0, 0x1e, 0xff,
    0xff, 0xff, 0xff, 0xee, 0xff, 0xff, 0xff, 0xff,
    0xe1, 0x0, 0x0, 0x9f, 0xff, 0xff, 0xff, 0xfe,
    0x0, 0xef, 0xff, 0xff, 0xff, 0xfa, 0x0, 0x2,
    0xff, 0xff, 0xff, 0xff, 0xfb, 0x0, 0xbf, 0xff,
    0xff, 0xff, 0xff, 0x20, 0x8, 0xff, 0xff, 0xff,
    0xff, 0xfb, 0x0, 0xbf, 0xff, 0xff, 0xff, 0xff,
    0x80, 0xd, 0xff, 0xff, 0xff, 0xff, 0xfb, 0x0,
    0xbf, 0xff, 0xff, 0xff, 0xff, 0xd0, 0xf, 0xff,
    0xff, 0xff, 0xff, 0xfb, 0x0, 0xbf, 0xff, 0xff,
    0xff, 0xff, 0xf0, 0x2f, 0xff, 0xff, 0xff, 0xff,
    0xfb, 0x0, 0xbf, 0xff, 0xff, 0xff, 0xff, 0xf2,
    0x3f, 0xff, 0xff, 0xff, 0xff, 0xfc, 0x0, 0xcf,
    0xff, 0xff, 0xff, 0xff, 0xf3, 0x2f, 0xff, 0xff,
    0xff, 0xff, 0xff, 0x88, 0xff, 0xff, 0xff, 0xff,
    0xff, 0xf2, 0xf, 0xff, 0xff, 0xff, 0xff, 0xff,
    0xff, 0xff, 0xff, 0xff, 0xff, 0xff, 0xf0, 0xd,
    0xff, 0xff, 0xff, 0xff, 0xff, 0xff, 0xff, 0xff,
    0xff, 0xff, 0xff, 0xd0, 0x8, 0xff, 0xff, 0xff,
    0xff, 0xff, 0xff, 0xff, 0xff, 0xff, 0xff, 0xff,
    0x80, 0x2, 0xff, 0xff, 0xff, 0xff, 0xff, 0xff,
    0xff, 0xff, 0xff, 0xff, 0xff, 0x20, 0x0, 0x9f,
    0xff, 0xff, 0xff, 0xff, 0xff, 0xff, 0xff, 0xff,
    0xff, 0xf9, 0x0, 0x0, 0x1e, 0xff, 0xff, 0xff,
    0xff, 0xff, 0xff, 0xff, 0xff, 0xff, 0xe1, 0x0,
    0x0, 0x3, 0xff, 0xff, 0xff, 0xff, 0xff, 0xff,
    0xff, 0xff, 0xff, 0x30, 0x0, 0x0, 0x0, 0x4e,
    0xff, 0xff, 0xff, 0xff, 0xff, 0xff, 0xff, 0xe4,
    0x0, 0x0, 0x0, 0x0, 0x2, 0xcf, 0xff, 0xff,
    0xff, 0xff, 0xff, 0xfc, 0x20, 0x0, 0x0, 0x0,
    0x0, 0x0, 0x5, 0xdf, 0xff, 0xff, 0xff, 0xfd,
    0x50, 0x0, 0x0, 0x0, 0x0, 0x0, 0x0, 0x0,
    0x2, 0x79, 0xba, 0x97, 0x20, 0x0, 0x0, 0x0,
    0x0,

    /* U+E429 "" */
    0x0, 0x0, 0x0, 0x0, 0x0, 0x0, 0x0, 0x0,
    0x0, 0x10, 0x0, 0x0, 0x0, 0x0, 0x0, 0x0,
    0x0, 0x0, 0x0, 0x0, 0x0, 0xe, 0xf4, 0x0,
    0x0, 0x0, 0x0, 0x0, 0x0, 0x0, 0x0, 0x0,
    0x0, 0x0, 0x1f, 0xf7, 0x0, 0x0, 0x0, 0x4,
    0x78, 0x88, 0x88, 0x88, 0x88, 0x87, 0x0, 0x1f,
    0xfb, 0x88, 0x88, 0x50, 0x1f, 0xff, 0xff, 0xff,
    0xff, 0xff, 0xff, 0x80, 0x1f, 0xff, 0xff, 0xff,
    0xf2, 0xd, 0xff, 0xff, 0xff, 0xff, 0xff, 0xff,
    0x50, 0x1f, 0xff, 0xff, 0xff, 0xd1, 0x0, 0x0,
    0x0, 0x0, 0x0, 0x0, 0x0, 0x0, 0x1f, 0xf7,
    0x0, 0x0, 0x0, 0x0, 0x0, 0x0, 0x0, 0x0,
    0x0, 0x0, 0x0, 0xf, 0xf6, 0x0, 0x0, 0x0,
    0x0, 0x0, 0x0, 0x1, 0x10, 0x0, 0x0, 0x0,
    0x7, 0xa1, 0x0, 0x0, 0x0, 0x0, 0x0, 0x0,
    0x3f, 0xe0, 0x0, 0x0, 0x0, 0x0, 0x0, 0x0,
    0x0, 0x0, 0x0, 0x0, 0x0, 0x5f, 0xf2, 0x0,
    0x0, 0x0, 0x0, 0x0, 0x0, 0x0, 0x0, 0x4,
    0x77, 0x77, 0xaf, 0xf2, 0x0, 0x67, 0x77, 0x77,
    0x77, 0x77, 0x77, 0x50, 0x1f, 0xff, 0xff, 0xff,
    0xf2, 0x8, 0xff, 0xff, 0xff, 0xff, 0xff, 0xff,
    0xf2, 0xd, 0xff, 0xff, 0xff, 0xf2, 0x5, 0xff,
    0xff, 0xff, 0xff, 0xff, 0xff, 0xe1, 0x0, 0x0,
    0x0, 0x6f, 0xf2, 0x0, 0x0, 0x0, 0x0, 0x0,
    0x0, 0x0, 0x0, 0x0, 0x0, 0x0, 0x5f, 0xf2,
    0x0, 0x0, 0x0, 0x0, 0x0, 0x0, 0x0, 0x0,
    0x0, 0x0, 0x0, 0xa, 0x80, 0x0, 0x0, 0x0,
    0x0, 0x0, 0x0, 0x0, 0x0, 0x0, 0x0, 0x0,
    0x0, 0x0, 0x2, 0xb6, 0x0, 0x0, 0x0, 0x0,
    0x0, 0x0, 0x0, 0x0, 0x0, 0x0, 0x0, 0x9,
    0xfe, 0x0, 0x0, 0x0, 0x0, 0x0, 0x0, 0x0,
    0x0, 0x0, 0x0, 0x0, 0x9, 0xff, 0x0, 0x0,
    0x0, 0x0, 0x0, 0x0, 0xd, 0xff, 0xff, 0xff,
    0xc0, 0x9, 0xff, 0xff, 0xff, 0xff, 0xff, 0xff,
    0xd1, 0x1f, 0xff, 0xff, 0xff, 0xf1, 0x9, 0xff,
    0xff, 0xff, 0xff, 0xff, 0xff, 0xf2, 0x4, 0x78,
    0x88, 0x87, 0x40, 0x9, 0xff, 0x88, 0x88, 0x88,
    0x88, 0x88, 0x50, 0x0, 0x0, 0x0, 0x0, 0x0,
    0x9, 0xfe, 0x0, 0x0, 0x0, 0x0, 0x0, 0x0,
    0x0, 0x0, 0x0, 0x0, 0x0, 0x6, 0xfb, 0x0,
    0x0, 0x0, 0x0, 0x0, 0x0, 0x0, 0x0, 0x0,
    0x0, 0x0, 0x0, 0x20, 0x0, 0x0, 0x0, 0x0,
    0x0, 0x0,

    /* U+E4FA "" */
    0x0, 0x0, 0x0, 0x0, 0x0, 0x0, 0x0, 0x0,
    0x0, 0x0, 0x0, 0x0, 0x0, 0x0, 0x0, 0x0,
    0x0, 0x0, 0x0, 0x0, 0x9d, 0x0, 0x0, 0x0,
    0x0, 0x0, 0x0, 0xaf, 0x50, 0x0, 0x0, 0x0,
    0x0, 0x6f, 0xf9, 0x0, 0x0, 0x0, 0x0, 0x0,
    0xd, 0xff, 0x50, 0x0, 0x0, 0x0, 0x2f, 0xff,
    0xf5, 0x0, 0x0, 0x0, 0x0, 0x0, 0x2e, 0xff,
    0x50, 0x0, 0x0, 0xd, 0xff, 0xff, 0xf2, 0x0,
    0x0, 0x0, 0x0, 0x0, 0x2e, 0xff, 0x50, 0x0,
    0x2, 0xee, 0xff, 0xfe, 0x50, 0x0, 0x0, 0x0,
    0x0, 0x0, 0x2e, 0xff, 0x50, 0x0, 0x0, 0x2f,
    0xf6, 0x0, 0x0, 0x0, 0x0, 0x0, 0x0, 0x0,
    0x1d, 0xff, 0x50, 0x0, 0x2, 0xff, 0x60, 0x0,
    0x0, 0x0, 0x0, 0x0, 0x0, 0x0, 0x1d, 0xff,
    0x50, 0x0, 0x2f, 0xf6, 0x0, 0x25, 0x55, 0x40,
    0x0, 0x0, 0x0, 0x0, 0xcf, 0xff, 0x50, 0x0,
    0xef, 0x30, 0xd, 0xff, 0xff, 0x60, 0x0, 0x0,
    0x0, 0x7f, 0xff, 0xff, 0x50, 0x0, 0x10, 0x0,
    0xdf, 0xff, 0xf6, 0x0, 0x0, 0x0, 0x9, 0xff,
    0xff, 0xff, 0x50, 0x0, 0x0, 0xd, 0xff, 0xff,
    0x60, 0x0, 0x0, 0x0, 0x5f, 0xff, 0xff, 0xff,
    0x50, 0x0, 0x0, 0xdf, 0xff, 0xf6, 0x0, 0x0,
    0x0, 0x0, 0x6f, 0xfb, 0x1d, 0xff, 0x50, 0x0,
    0xb, 0xff, 0xff, 0x40, 0x0, 0x0, 0x0, 0x1,
    0xff, 0x70, 0x1d, 0xff, 0x50, 0x0, 0x8, 0xff,
    0x0, 0x0, 0x0, 0x0, 0x0, 0x1f, 0xf7, 0x0,
    0x1d, 0xff, 0x50, 0x0, 0x7f, 0xf0, 0x0, 0x0,
    0x0, 0x0, 0x1, 0xff, 0x70, 0x0, 0x3f, 0xff,
    0x50, 0x4, 0xfd, 0x0, 0x0, 0x0, 0x0, 0x0,
    0xf, 0xff, 0xff, 0xff, 0xff, 0xff, 0x50, 0x1,
    0x0, 0x0, 0x0, 0x0, 0x0, 0x0, 0x7f, 0xff,
    0xff, 0xff, 0xff, 0xff, 0x50, 0x0, 0x0, 0x0,
    0x0, 0x0, 0x0, 0x0, 0x37, 0x77, 0x78, 0xff,
    0xac, 0xff, 0x50, 0x0, 0x0, 0x0, 0x0, 0x0,
    0x0, 0x0, 0x0, 0x0, 0x2f, 0xf6, 0x1d, 0xff,
    0x50, 0x0, 0x0, 0x0, 0x0, 0x0, 0x0, 0x0,
    0x0, 0x2, 0xff, 0x60, 0x1d, 0xff, 0x50, 0x0,
    0x0, 0x0, 0x0, 0x0, 0x0, 0x0, 0x0, 0x3f,
    0xf7, 0x0, 0x1d, 0xff, 0x50, 0x0, 0x0, 0x0,
    0x0, 0x0, 0x0, 0x0, 0x1e, 0xff, 0xf3, 0x0,
    0x1d, 0xff, 0x50, 0x0, 0x0, 0x0, 0x0, 0x0,
    0x0, 0x6, 0xff, 0xff, 0xa0, 0x0, 0x1d, 0xff,
    0x50, 0x0, 0x0, 0x0, 0x0, 0x0, 0x0, 0x6f,
    0xff, 0xfa, 0x0, 0x0, 0x2e, 0xff, 0x50, 0x0,
    0x0, 0x0, 0x0, 0x0, 0x1, 0xff, 0xff, 0x40,
    0x0, 0x0, 0x2e, 0xff, 0x0, 0x0, 0x0, 0x0,
    0x0, 0x0, 0x2, 0x99, 0x40, 0x0, 0x0, 0x0,
    0x2d, 0xb0,

    /* U+E4FC "" */
    0x0, 0x0, 0x0, 0x0, 0x0, 0x0, 0x0, 0x0,
    0x0, 0x0, 0x0, 0x0, 0x14, 0x0, 0x0, 0x0,
    0x0, 0x0, 0x0, 0x0, 0x0, 0x0, 0x0, 0x0,
    0x0, 0xd, 0xf8, 0x0, 0x0, 0x0, 0x0, 0x0,
    0x0, 0x0, 0x0, 0x0, 0x0, 0x0, 0x8, 0xff,
    0x80, 0x0, 0x0, 0x0, 0x0, 0x0, 0x0, 0x1,
    0xad, 0x90, 0x0, 0x3, 0xff, 0xe1, 0x0, 0x0,
    0x0, 0x0, 0x0, 0x0, 0x0, 0xbf, 0xff, 0xb0,
    0x0, 0xdf, 0xf5, 0x0, 0x0, 0x0, 0x0, 0x0,
    0x0, 0x0, 0x6f, 0xff, 0xff, 0x60, 0x7f, 0xfa,
    0x0, 0x0, 0x0, 0x0, 0x0, 0x0, 0x0, 0x1e,
    0xff, 0x5f, 0xff, 0x4f, 0xfe, 0x10, 0x0, 0x0,
    0x0, 0x5e, 0xfa, 0x0, 0xa, 0xff, 0x80, 0x6f,
    0xff, 0xff, 0x50, 0x0, 0x0, 0x0, 0x3f, 0xff,
    0xfa, 0x4, 0xff, 0xd0, 0x0, 0xbf, 0xff, 0xb0,
    0x0, 0x0, 0x0, 0xd, 0xff, 0xef, 0xf9, 0xdf,
    0xf4, 0x0, 0x0, 0x9d, 0xa1, 0x0, 0x0, 0x0,
    0x7, 0xff, 0xa2, 0xef, 0xff, 0xf9, 0x0, 0x0,
    0x0, 0x0, 0x0, 0x0, 0x0, 0x2, 0xff, 0xf1,
    0x3, 0xff, 0xfd, 0x10, 0x0, 0x0, 0x0, 0x0,
    0x0, 0x0, 0x0, 0xcf, 0xf6, 0x0, 0x2, 0x88,
    0x10, 0x0, 0x0, 0x0, 0x0, 0x0, 0x0, 0x0,
    0x6f, 0xfc, 0x0, 0x0, 0x0, 0x0, 0x0, 0x0,
    0x1, 0x0, 0x0, 0x0, 0x0, 0x1f, 0xff, 0x20,
    0x0, 0x0, 0x0, 0x0, 0x4, 0xcf, 0xff, 0xd6,
    0x0, 0x0, 0x6, 0xff, 0x70, 0x0, 0x0, 0x0,
    0x0, 0x8, 0xff, 0xff, 0xff, 0xfb, 0x0, 0x0,
    0x2c, 0xa0, 0x0, 0x0, 0x0, 0x0, 0x6, 0xff,
    0xfb, 0x9b, 0xff, 0xf9, 0x0, 0x0, 0x0, 0x0,
    0x0, 0x0, 0x0, 0x0, 0xef, 0xf4, 0x0, 0x2,
    0xef, 0xf2, 0x0, 0x0, 0x0, 0x0, 0x0, 0x0,
    0x0, 0x4f, 0xf8, 0x0, 0x0, 0x5, 0xff, 0x80,
    0x0, 0x0, 0x0, 0x0, 0x0, 0x0, 0x7, 0xff,
    0x40, 0x0, 0x0, 0xf, 0xfa, 0x0, 0x0, 0x0,
    0x0, 0x0, 0x0, 0x0, 0x7f, 0xf4, 0x0, 0x0,
    0x0, 0xff, 0xa0, 0x0, 0x0, 0x0, 0x0, 0x0,
    0x0, 0x4, 0xff, 0x90, 0x0, 0x0, 0x4f, 0xf7,
    0x0, 0x0, 0x0, 0x0, 0x0, 0x0, 0x0, 0xe,
    0xff, 0x50, 0x0, 0x3e, 0xff, 0x20, 0x0, 0x0,
    0x0, 0x0, 0x0, 0x0, 0x0, 0x5f, 0xff, 0xda,
    0xcf, 0xff, 0xe2, 0x0, 0x0, 0x0, 0x0, 0x0,
    0x0, 0x0, 0x0, 0x7f, 0xff, 0xff, 0xff, 0xff,
    0xe2, 0x0, 0x0, 0x0, 0x0, 0x0, 0x0, 0x0,
    0x0, 0x3a, 0xef, 0xea, 0x4a, 0xff, 0xe2, 0x0,
    0x0, 0x0, 0x0, 0x0, 0x0, 0x0, 0x0, 0x0,
    0x0, 0x0, 0xa, 0xff, 0x90, 0x0, 0x0, 0x0,
    0x0, 0x0, 0x0, 0x0, 0x0, 0x0, 0x0, 0x0,
    0xa, 0xf5, 0x0, 0x0, 0x0, 0x0, 0x0, 0x0,
    0x0, 0x0, 0x0, 0x0, 0x0, 0x0, 0x0, 0x0,

    /* U+E4FD "" */
    0x0, 0x1, 0x11, 0x10, 0x0, 0x0, 0x0, 0x0,
    0x0, 0x0, 0x0, 0x0, 0x1b, 0xff, 0xff, 0xfe,
    0x50, 0x0, 0x0, 0x0, 0x0, 0x0, 0x0, 0x0,
    0xaf, 0xff, 0xff, 0xff, 0xf2, 0x0, 0x0, 0x0,
    0x0, 0x0, 0x0, 0x0, 0xef, 0xff, 0xff, 0xff,
    0xf6, 0x0, 0x0, 0x0, 0x0, 0x0, 0x0, 0x0,
    0xff, 0xff, 0xff, 0xff, 0xf7, 0x0, 0x0, 0x0,
    0x0, 0x0, 0x0, 0x0, 0xff, 0xff, 0xff, 0xff,
    0xf7, 0x0, 0x0, 0x0, 0x0, 0x0, 0x0, 0x0,
    0xef, 0xff, 0xff, 0xff, 0xf6, 0x0, 0x0, 0x0,
    0x0, 0x0, 0x0, 0x0, 0xaf, 0xff, 0xff, 0xff,
    0xf3, 0x0, 0x0, 0x0, 0x0, 0x0, 0x0, 0x0,
    0x1b, 0xff, 0xff, 0xfe, 0x60, 0x0, 0x0, 0x0,
    0x0, 0x0, 0x0, 0x0, 0x0, 0x9, 0xff, 0x10,
    0x0, 0x0, 0x0, 0x0, 0x0, 0x0, 0x0, 0x0,
    0x0, 0x9, 0xff, 0x10, 0x0, 0x0, 0x0, 0x0,
    0x0, 0x0, 0x0, 0x0, 0x0, 0x9, 0xff, 0x10,
    0x0, 0x0, 0x0, 0x0, 0x0, 0x0, 0x0, 0x0,
    0x1b, 0xff, 0xff, 0xff, 0x70, 0x0, 0x0, 0x3d,
    0xff, 0xff, 0xfd, 0x30, 0xbf, 0xff, 0xff, 0xff,
    0xf3, 0x0, 0x0, 0xef, 0xff, 0xff, 0xff, 0xe0,
    0xef, 0xff, 0xff, 0xff, 0xf9, 0x55, 0x56, 0xff,
    0xff, 0xff, 0xff, 0xf3, 0xff, 0xff, 0xff, 0xff,
    0xff, 0xff, 0xff, 0xff, 0xff, 0xff, 0xff, 0xf4,
    0xff, 0xff, 0xff, 0xff, 0xff, 0xff, 0xff, 0xff,
    0xff, 0xff, 0xff, 0xf4, 0xef, 0xff, 0xff, 0xff,
    0xf9, 0x55, 0x56, 0xff, 0xff, 0xff, 0xff, 0xf3,
    0xbf, 0xff, 0xff, 0xff, 0xf3, 0x0, 0x0, 0xef,
    0xff, 0xff, 0xff, 0xe0, 0x1b, 0xff, 0xff, 0xff,
    0x70, 0x0, 0x0, 0x3d, 0xff, 0xff, 0xfd, 0x30,
    0x0, 0x9, 0xff, 0x10, 0x0, 0x0, 0x0, 0x0,
    0x0, 0x0, 0x0, 0x0, 0x0, 0x9, 0xff, 0x10,
    0x0, 0x0, 0x0, 0x0, 0x0, 0x0, 0x0, 0x0,
    0x0, 0x9, 0xff, 0x10, 0x0, 0x0, 0x0, 0x0,
    0x0, 0x0, 0x0, 0x0, 0x1b, 0xff, 0xff, 0xfe,
    0x60, 0x0, 0x0, 0x0, 0x0, 0x0, 0x0, 0x0,
    0xaf, 0xff, 0xff, 0xff, 0xf3, 0x0, 0x0, 0x0,
    0x0, 0x0, 0x0, 0x0, 0xef, 0xff, 0xff, 0xff,
    0xf6, 0x0, 0x0, 0x0, 0x0, 0x0, 0x0, 0x0,
    0xff, 0xff, 0xff, 0xff, 0xf7, 0x0, 0x0, 0x0,
    0x0, 0x0, 0x0, 0x0, 0xff, 0xff, 0xff, 0xff,
    0xf7, 0x0, 0x0, 0x0, 0x0, 0x0, 0x0, 0x0,
    0xef, 0xff, 0xff, 0xff, 0xf6, 0x0, 0x0, 0x0,
    0x0, 0x0, 0x0, 0x0, 0xaf, 0xff, 0xff, 0xff,
    0xf2, 0x0, 0x0, 0x0, 0x0, 0x0, 0x0, 0x0,
    0x1b, 0xff, 0xff, 0xfe, 0x60, 0x0, 0x0, 0x0,
    0x0, 0x0, 0x0, 0x0, 0x0, 0x1, 0x11, 0x10,
    0x0, 0x0, 0x0, 0x0, 0x0, 0x0, 0x0, 0x0,

    /* U+E518 "" */
    0x0, 0x0, 0x0, 0x0, 0x0, 0x0, 0x0, 0x8b,
    0x20, 0x0, 0x0, 0x0, 0x0, 0x0, 0x0, 0x0,
    0x0, 0x0, 0x0, 0x0, 0x0, 0x1, 0xff, 0x80,
    0x0, 0x0, 0x0, 0x0, 0x0, 0x0, 0x0, 0x0,
    0x0, 0x0, 0x0, 0x0, 0x1, 0xff, 0x80, 0x0,
    0x0, 0x0, 0x0, 0x0, 0x0, 0x0, 0x0, 0x0,
    0x0, 0x0, 0x0, 0x1, 0xff, 0x80, 0x0, 0x0,
    0x0, 0x0, 0x0, 0x0, 0x0, 0x0, 0x3, 0x30,
    0x0, 0x0, 0x1, 0xff, 0x80, 0x0, 0x0, 0x2,
    0x30, 0x0, 0x0, 0x0, 0x0, 0x3f, 0xf5, 0x0,
    0x0, 0x0, 0x9c, 0x20, 0x0, 0x0, 0x5f, 0xf4,
    0x0, 0x0, 0x0, 0x0, 0x3f, 0xff, 0x50, 0x0,
    0x0, 0x0, 0x0, 0x0, 0x4, 0xff, 0xf3, 0x0,
    0x0, 0x0, 0x0, 0x6, 0xff, 0xd0, 0x0, 0x0,
    0x0, 0x0, 0x0, 0xd, 0xff, 0x60, 0x0, 0x0,
    0x0, 0x0, 0x0, 0x5d, 0x60, 0x0, 0x27, 0x99,
    0x72, 0x0, 0x6, 0xd5, 0x0, 0x0, 0x0, 0x0,
    0x0, 0x0, 0x0, 0x0, 0xa, 0xff, 0xff, 0xff,
    0xa0, 0x0, 0x0, 0x0, 0x0, 0x0, 0x0, 0x0,
    0x0, 0x0, 0x0, 0xdf, 0xff, 0xff, 0xff, 0xfd,
    0x0, 0x0, 0x0, 0x0, 0x0, 0x0, 0x0, 0x0,
    0x0, 0xa, 0xff, 0xff, 0xff, 0xff, 0xff, 0xa0,
    0x0, 0x0, 0x0, 0x0, 0x0, 0x0, 0x0, 0x0,
    0x2f, 0xff, 0xff, 0xff, 0xff, 0xff, 0xf2, 0x0,
    0x0, 0x0, 0x0, 0x28, 0x88, 0x82, 0x0, 0x7f,
    0xff, 0xff, 0xff, 0xff, 0xff, 0xf7, 0x0, 0x28,
    0x88, 0x82, 0xcf, 0xff, 0xfb, 0x0, 0xaf, 0xff,
    0xff, 0xff, 0xff, 0xff, 0xf9, 0x0, 0xcf, 0xff,
    0xfb, 0x8f, 0xff, 0xf8, 0x0, 0xaf, 0xff, 0xff,
    0xff, 0xff, 0xff, 0xf9, 0x0, 0x8f, 0xff, 0xf8,
    0x1, 0x11, 0x10, 0x0, 0x7f, 0xff, 0xff, 0xff,
    0xff, 0xff, 0xf7, 0x0, 0x1, 0x11, 0x10, 0x0,
    0x0, 0x0, 0x0, 0x2f, 0xff, 0xff, 0xff, 0xff,
    0xff, 0xf2, 0x0, 0x0, 0x0, 0x0, 0x0, 0x0,
    0x0, 0x0, 0xa, 0xff, 0xff, 0xff, 0xff, 0xff,
    0xa0, 0x0, 0x0, 0x0, 0x0, 0x0, 0x0, 0x0,
    0x0, 0x0, 0xdf, 0xff, 0xff, 0xff, 0xfd, 0x0,
    0x0, 0x0, 0x0, 0x0, 0x0, 0x0, 0x0, 0x0,
    0x0, 0xa, 0xff, 0xff, 0xff, 0xa0, 0x0, 0x0,
    0x0, 0x0, 0x0, 0x0, 0x0, 0x0, 0x5d, 0x60,
    0x0, 0x27, 0xaa, 0x72, 0x0, 0x6, 0xd5, 0x0,
    0x0, 0x0, 0x0, 0x0, 0x5, 0xff, 0xd0, 0x0,
    0x0, 0x0, 0x0, 0x0, 0xd, 0xff, 0x60, 0x0,
    0x0, 0x0, 0x0, 0x3f, 0xff, 0x50, 0x0, 0x0,
    0x0, 0x0, 0x0, 0x5, 0xff, 0xf3, 0x0, 0x0,
    0x0, 0x0, 0x4f, 0xf6, 0x0, 0x0, 0x0, 0x8b,
    0x20, 0x0, 0x0, 0x6f, 0xf4, 0x0, 0x0, 0x0,
    0x0, 0x4, 0x40, 0x0, 0x0, 0x1, 0xff, 0x80,
    0x0, 0x0, 0x3, 0x40, 0x0, 0x0, 0x0, 0x0,
    0x0, 0x0, 0x0, 0x0, 0x1, 0xff, 0x80, 0x0,
    0x0, 0x0, 0x0, 0x0, 0x0, 0x0, 0x0, 0x0,
    0x0, 0x0, 0x0, 0x1, 0xff, 0x80, 0x0, 0x0,
    0x0, 0x0, 0x0, 0x0, 0x0, 0x0, 0x0, 0x0,
    0x0, 0x0, 0x1, 0xff, 0x80, 0x0, 0x0, 0x0,
    0x0, 0x0, 0x0, 0x0, 0x0, 0x0, 0x0, 0x0,
    0x0, 0x0, 0x9c, 0x20, 0x0, 0x0, 0x0, 0x0,
    0x0, 0x0,

    /* U+E51C "" */
    0x0, 0x0, 0x0, 0x0, 0x27, 0xbd, 0x40, 0x0,
    0x0, 0x0, 0x0, 0x0, 0x0, 0x0, 0x0, 0x3,
    0xbf, 0xff, 0xfc, 0x0, 0x0, 0x0, 0x0, 0x0,
    0x0, 0x0, 0x0, 0x8, 0xff, 0xff, 0xff, 0x90,
    0x0, 0x0, 0x0, 0x0, 0x0, 0x0, 0x0, 0xa,
    0xff, 0xff, 0xff, 0xf5, 0x0, 0x0, 0x0, 0x0,
    0x0, 0x0, 0x0, 0x8, 0xff, 0xff, 0xff, 0xff,
    0x10, 0x0, 0x0, 0x0, 0x0, 0x0, 0x0, 0x4,
    0xff, 0xff, 0xff, 0xff, 0xf0, 0x0, 0x0, 0x0,
    0x0, 0x0, 0x0, 0x0, 0xdf, 0xff, 0xff, 0xff,
    0xff, 0x0, 0x0, 0x0, 0x0, 0x0, 0x0, 0x0,
    0x4f, 0xff, 0xff, 0xff, 0xff, 0xf2, 0x0, 0x0,
    0x0, 0x0, 0x0, 0x0, 0x9, 0xff, 0xff, 0xff,
    0xff, 0xff, 0x70, 0x0, 0x0, 0x0, 0x0, 0x0,
    0x0, 0xdf, 0xff, 0xff, 0xff, 0xff, 0xfe, 0x0,
    0x0, 0x0, 0x0, 0x0, 0x0, 0xf, 0xff, 0xff,
    0xff, 0xff, 0xff, 0xfa, 0x0, 0x0, 0x0, 0x0,
    0x0, 0x0, 0xff, 0xff, 0xff, 0xff, 0xff, 0xff,
    0xfa, 0x0, 0x0, 0x0, 0x0, 0x0, 0xf, 0xff,
    0xff, 0xff, 0xff, 0xff, 0xff, 0xfe, 0x72, 0x0,
    0x4, 0x8b, 0x30, 0xff, 0xff, 0xff, 0xff, 0xff,
    0xff, 0xff, 0xff, 0xff, 0xef, 0xff, 0xfd, 0xd,
    0xff, 0xff, 0xff, 0xff, 0xff, 0xff, 0xff, 0xff,
    0xff, 0xff, 0xff, 0xc0, 0x9f, 0xff, 0xff, 0xff,
    0xff, 0xff, 0xff, 0xff, 0xff, 0xff, 0xff, 0xf8,
    0x4, 0xff, 0xff, 0xff, 0xff, 0xff, 0xff, 0xff,
    0xff, 0xff, 0xff, 0xff, 0x30, 0xc, 0xff, 0xff,
    0xff, 0xff, 0xff, 0xff, 0xff, 0xff, 0xff, 0xff,
    0xb0, 0x0, 0x4f, 0xff, 0xff, 0xff, 0xff, 0xff,
    0xff, 0xff, 0xff, 0xff, 0xf3, 0x0, 0x0, 0x8f,
    0xff, 0xff, 0xff, 0xff, 0xff, 0xff, 0xff, 0xff,
    0xf8, 0x0, 0x0, 0x0, 0xaf, 0xff, 0xff, 0xff,
    0xff, 0xff, 0xff, 0xff, 0xf9, 0x0, 0x0, 0x0,
    0x0, 0x8f, 0xff, 0xff, 0xff, 0xff, 0xff, 0xff,
    0xf8, 0x0, 0x0, 0x0, 0x0, 0x0, 0x4c, 0xff,
    0xff, 0xff, 0xff, 0xff, 0xc3, 0x0, 0x0, 0x0,
    0x0, 0x0, 0x0, 0x4, 0x9d, 0xff, 0xff, 0xd9,
    0x40, 0x0, 0x0, 0x0, 0x0, 0x0, 0x0, 0x0,
    0x0, 0x0, 0x0, 0x0, 0x0, 0x0, 0x0, 0x0,
    0x0,

    /* U+E51E "" */
    0x0, 0x0, 0x10, 0x0, 0x0, 0x0, 0x0, 0x0,
    0x0, 0x0, 0x0, 0x1, 0x0, 0x0, 0x0, 0xc,
    0xf5, 0x0, 0x0, 0x0, 0x0, 0x0, 0x0, 0x0,
    0x0, 0x6f, 0xc0, 0x0, 0x0, 0x8f, 0xf6, 0x0,
    0x0, 0x0, 0x0, 0x0, 0x0, 0x0, 0x0, 0x7f,
    0xf7, 0x0, 0x2, 0xff, 0xd0, 0x0, 0x0, 0x0,
    0x0, 0x0, 0x0, 0x0, 0x0, 0xd, 0xff, 0x20,
    0x9, 0xff, 0x30, 0x2, 0x40, 0x0, 0x0, 0x0,
    0x0, 0x4, 0x20, 0x4, 0xff, 0x90, 0xf, 0xfb,
    0x0, 0x1e, 0xf4, 0x0, 0x0, 0x0, 0x0, 0x4f,
    0xe1, 0x0, 0xcf, 0xf0, 0x4f, 0xf5, 0x0, 0x8f,
    0xf4, 0x0, 0x0, 0x0, 0x0, 0x4f, 0xf8, 0x0,
    0x5f, 0xf4, 0x8f, 0xf1, 0x0, 0xef, 0xd0, 0x0,
    0x6c, 0xc6, 0x0, 0xd, 0xfe, 0x0, 0x1f, 0xf8,
    0xaf, 0xe0, 0x2, 0xff, 0x70, 0x6, 0xff, 0xff,
    0x60, 0x7, 0xff, 0x20, 0xe, 0xfa, 0xbf, 0xd0,
    0x4, 0xff, 0x40, 0xc, 0xff, 0xff, 0xc0, 0x4,
    0xff, 0x40, 0xd, 0xfb, 0xbf, 0xd0, 0x4, 0xff,
    0x40, 0xc, 0xff, 0xff, 0xc0, 0x4, 0xff, 0x40,
    0xd, 0xfb, 0xaf, 0xe0, 0x2, 0xff, 0x70, 0x6,
    0xff, 0xff, 0x60, 0x7, 0xff, 0x20, 0xe, 0xfa,
    0x8f, 0xf1, 0x0, 0xef, 0xd0, 0x0, 0x6c, 0xc6,
    0x0, 0xd, 0xfe, 0x0, 0x1f, 0xf8, 0x4f, 0xf5,
    0x0, 0x8f, 0xf4, 0x0, 0x0, 0x0, 0x0, 0x4f,
    0xf8, 0x0, 0x6f, 0xf4, 0xf, 0xfc, 0x0, 0x1e,
    0xf4, 0x0, 0x0, 0x0, 0x0, 0x4f, 0xe1, 0x0,
    0xcf, 0xf0, 0x9, 0xff, 0x40, 0x2, 0x40, 0x0,
    0x0, 0x0, 0x0, 0x4, 0x20, 0x4, 0xff, 0x80,
    0x2, 0xff, 0xd0, 0x0, 0x0, 0x0, 0x0, 0x0,
    0x0, 0x0, 0x0, 0xd, 0xff, 0x10, 0x0, 0x8f,
    0xf6, 0x0, 0x0, 0x0, 0x0, 0x0, 0x0, 0x0,
    0x0, 0x7f, 0xf7, 0x0, 0x0, 0xc, 0xf5, 0x0,
    0x0, 0x0, 0x0, 0x0, 0x0, 0x0, 0x0, 0x5f,
    0xc0, 0x0, 0x0, 0x0, 0x10, 0x0, 0x0, 0x0,
    0x0, 0x0, 0x0, 0x0, 0x0, 0x1, 0x0, 0x0,

    /* U+E55E "" */
    0x0, 0x0, 0x0, 0x4, 0x68, 0x86, 0x40, 0x0,
    0x0, 0x0, 0x0, 0x0, 0x18, 0xff, 0xff, 0xff,
    0xff, 0x80, 0x0, 0x0, 0x0, 0x2, 0xef, 0xff,
    0xff, 0xff, 0xff, 0xfd, 0x20, 0x0, 0x0, 0x2f,
    0xff, 0xff, 0xff, 0xff, 0xff, 0xff, 0xf2, 0x0,
    0x0, 0xdf, 0xff, 0xff, 0xff, 0xff, 0xff, 0xff,
    0xfd, 0x0, 0x6, 0xff, 0xff, 0xff, 0xff, 0xff,
    0xff, 0xff, 0xff, 0x60, 0xd, 0xff, 0xff, 0xff,
    0xff, 0xff, 0xff, 0xff, 0xff, 0xd0, 0x2f, 0xff,
    0xff, 0xff, 0x92, 0x29, 0xff, 0xff, 0xff, 0xf2,
    0x5f, 0xff, 0xff, 0xfa, 0x0, 0x0, 0xaf, 0xff,
    0xff, 0xf4, 0x6f, 0xff, 0xff, 0xf4, 0x0, 0x0,
    0x4f, 0xff, 0xff, 0xf6, 0x6f, 0xff, 0xff, 0xf4,
    0x0, 0x0, 0x4f, 0xff, 0xff, 0xf6, 0x4f, 0xff,
    0xff, 0xfa, 0x0, 0x0, 0xaf, 0xff, 0xff, 0xf4,
    0x1f, 0xff, 0xff, 0xff, 0xa3, 0x3a, 0xff, 0xff,
    0xff, 0xf1, 0xb, 0xff, 0xff, 0xff, 0xff, 0xff,
    0xff, 0xff, 0xff, 0xb0, 0x5, 0xff, 0xff, 0xff,
    0xff, 0xff, 0xff, 0xff, 0xff, 0x50, 0x0, 0xcf,
    0xff, 0xff, 0xff, 0xff, 0xff, 0xff, 0xfc, 0x0,
    0x0, 0x3f, 0xff, 0xff, 0xff, 0xff, 0xff, 0xff,
    0xf3, 0x0, 0x0, 0x7, 0xff, 0xff, 0xff, 0xff,
    0xff, 0xff, 0x70, 0x0, 0x0, 0x0, 0x9f, 0xff,
    0xff, 0xff, 0xff, 0xf9, 0x0, 0x0, 0x0, 0x0,
    0xa, 0xff, 0xff, 0xff, 0xff, 0xa0, 0x0, 0x0,
    0x0, 0x0, 0x0, 0xaf, 0xff, 0xff, 0xfa, 0x0,
    0x0, 0x0, 0x0, 0x0, 0x0, 0x8, 0xff, 0xff,
    0x80, 0x0, 0x0, 0x0, 0x0, 0x0, 0x0, 0x0,
    0x4b, 0xb4, 0x0, 0x0, 0x0, 0x0, 0x0, 0x0,
    0x0, 0x0, 0x0, 0x0, 0x0, 0x0, 0x0, 0x0,
    0x0, 0x0, 0x0, 0x0, 0x0, 0x0, 0x0, 0x0,
    0x0, 0x0, 0x7f, 0xff, 0xff, 0xff, 0xff, 0xff,
    0xff, 0xff, 0xff, 0xe1, 0xbf, 0xff, 0xff, 0xff,
    0xff, 0xff, 0xff, 0xff, 0xff, 0xf4, 0x28, 0x99,
    0x99, 0x99, 0x99, 0x99, 0x99, 0x99, 0x99, 0x70,

    /* U+E5C3 "" */
    0x8, 0xca, 0x20, 0x0, 0x7, 0xcb, 0x30, 0x0,
    0x6, 0xcb, 0x40, 0x8f, 0xff, 0xd0, 0x0, 0x6f,
    0xff, 0xe0, 0x0, 0x4f, 0xff, 0xf2, 0xcf, 0xff,
    0xf2, 0x0, 0xbf, 0xff, 0xf4, 0x0, 0x9f, 0xff,
    0xf5, 0xaf, 0xff, 0xf0, 0x0, 0x9f, 0xff, 0xf2,
    0x0, 0x7f, 0xff, 0xf3, 0x2d, 0xff, 0x50, 0x0,
    0x1c, 0xff, 0x70, 0x0, 0xb, 0xff, 0x80, 0x0,
    0x20, 0x0, 0x0, 0x0, 0x21, 0x0, 0x0, 0x0,
    0x21, 0x0, 0x0, 0x0, 0x0, 0x0, 0x0, 0x0,
    0x0, 0x0, 0x0, 0x0, 0x0, 0x0, 0x0, 0x0,
    0x0, 0x0, 0x0, 0x0, 0x0, 0x0, 0x0, 0x0,
    0x1, 0x42, 0x0, 0x0, 0x0, 0x32, 0x0, 0x0,
    0x0, 0x33, 0x0, 0x3e, 0xff, 0x70, 0x0, 0x1d,
    0xff, 0x80, 0x0, 0x1d, 0xff, 0xa0, 0xbf, 0xff,
    0xf1, 0x0, 0x9f, 0xff, 0xf2, 0x0, 0x7f, 0xff,
    0xf4, 0xcf, 0xff, 0xf2, 0x0, 0xbf, 0xff, 0xf3,
    0x0, 0x9f, 0xff, 0xf5, 0x7f, 0xff, 0xc0, 0x0,
    0x5f, 0xff, 0xd0, 0x0, 0x4f, 0xff, 0xe1, 0x6,
    0xb9, 0x10, 0x0, 0x5, 0xb9, 0x10, 0x0, 0x4,
    0xaa, 0x20, 0x0, 0x0, 0x0, 0x0, 0x0, 0x0,
    0x0, 0x0, 0x0, 0x0, 0x0, 0x0, 0x0, 0x0,
    0x0, 0x0, 0x0, 0x0, 0x0, 0x0, 0x0, 0x0,
    0x0, 0x20, 0x0, 0x0, 0x0, 0x21, 0x0, 0x0,
    0x0, 0x21, 0x0, 0x2d, 0xff, 0x50, 0x0, 0x1c,
    0xff, 0x70, 0x0, 0xb, 0xff, 0x80, 0xaf, 0xff,
    0xf0, 0x0, 0x9f, 0xff, 0xf2, 0x0, 0x7f, 0xff,
    0xf3, 0xcf, 0xff, 0xf2, 0x0, 0xbf, 0xff, 0xf4,
    0x0, 0x9f, 0xff, 0xf5, 0x8f, 0xff, 0xd0, 0x0,
    0x6f, 0xff, 0xe1, 0x0, 0x5f, 0xff, 0xf2, 0x8,
    0xca, 0x20, 0x0, 0x7, 0xcb, 0x30, 0x0, 0x6,
    0xcb, 0x40,

    /* U+E5C4 "" */
    0x0, 0x0, 0x0, 0x0, 0x0, 0x66, 0x0, 0x0,
    0x0, 0x0, 0x0, 0x0, 0x0, 0x0, 0x0, 0x9,
    0xff, 0x40, 0x0, 0x0, 0x0, 0x0, 0x0, 0x0,
    0x0, 0x0, 0x9f, 0xfe, 0x10, 0x0, 0x0, 0x0,
    0x0, 0x0, 0x0, 0x0, 0x9, 0xff, 0xe3, 0x0,
    0x0, 0x0, 0x0, 0x0, 0x0, 0x0, 0x0, 0x9f,
    0xfe, 0x30, 0x0, 0x0, 0x0, 0x0, 0x0, 0x0,
    0x0, 0x9, 0xff, 0xe3, 0x0, 0x0, 0x0, 0x0,
    0x0, 0x0, 0x0, 0x0, 0x9f, 0xfe, 0x30, 0x0,
    0x0, 0x0, 0x0, 0x0, 0x0, 0x0, 0x9, 0xff,
    0xe3, 0x0, 0x0, 0x0, 0x0, 0x0, 0x0, 0x0,
    0x0, 0x9f, 0xfe, 0x30, 0x0, 0x0, 0x0, 0x0,
    0x0, 0x0, 0x0, 0x9, 0xff, 0xfb, 0x88, 0x88,
    0x88, 0x88, 0x88, 0x88, 0x88, 0x82, 0x4f, 0xff,
    0xff, 0xff, 0xff, 0xff, 0xff, 0xff, 0xff, 0xff,
    0xfd, 0x2f, 0xff, 0xff, 0xff, 0xff, 0xff, 0xff,
    0xff, 0xff, 0xff, 0xf9, 0x3, 0xff, 0xfa, 0x11,
    0x11, 0x11, 0x11, 0x11, 0x11, 0x11, 0x10, 0x0,
    0x3f, 0xff, 0x80, 0x0, 0x0, 0x0, 0x0, 0x0,
    0x0, 0x0, 0x0, 0x3, 0xff, 0xf9, 0x0, 0x0,
    0x0, 0x0, 0x0, 0x0, 0x0, 0x0, 0x0, 0x3f,
    0xff, 0x90, 0x0, 0x0, 0x0, 0x0, 0x0, 0x0,
    0x0, 0x0, 0x3, 0xff, 0xf9, 0x0, 0x0, 0x0,
    0x0, 0x0, 0x0, 0x0, 0x0, 0x0, 0x3f, 0xff,
    0x90, 0x0, 0x0, 0x0, 0x0, 0x0, 0x0, 0x0,
    0x0, 0x3, 0xff, 0xf9, 0x0, 0x0, 0x0, 0x0,
    0x0, 0x0, 0x0, 0x0, 0x0, 0x3f, 0xff, 0x40,
    0x0, 0x0, 0x0, 0x0, 0x0, 0x0, 0x0, 0x0,
    0x3, 0xef, 0x20, 0x0, 0x0, 0x0, 0x0, 0x0,
    0x0, 0x0, 0x0, 0x0, 0x0, 0x0, 0x0, 0x0,
    0x0, 0x0,

    /* U+E5C8 "" */
    0x0, 0x0, 0x0, 0x0, 0x0, 0x66, 0x0, 0x0,
    0x0, 0x0, 0x0, 0x0, 0x0, 0x0, 0x0, 0x4,
    0xff, 0x90, 0x0, 0x0, 0x0, 0x0, 0x0, 0x0,
    0x0, 0x0, 0x1, 0xef, 0xf9, 0x0, 0x0, 0x0,
    0x0, 0x0, 0x0, 0x0, 0x0, 0x0, 0x3e, 0xff,
    0x90, 0x0, 0x0, 0x0, 0x0, 0x0, 0x0, 0x0,
    0x0, 0x3, 0xef, 0xf9, 0x0, 0x0, 0x0, 0x0,
    0x0, 0x0, 0x0, 0x0, 0x0, 0x3e, 0xff, 0x90,
    0x0, 0x0, 0x0, 0x0, 0x0, 0x0, 0x0, 0x0,
    0x3, 0xef, 0xf9, 0x0, 0x0, 0x0, 0x0, 0x0,
    0x0, 0x0, 0x0, 0x0, 0x3e, 0xff, 0x90, 0x0,
    0x0, 0x0, 0x0, 0x0, 0x0, 0x0, 0x0, 0x3,
    0xef, 0xf9, 0x0, 0x28, 0x88, 0x88, 0x88, 0x88,
    0x88, 0x88, 0x88, 0xbf, 0xff, 0x90, 0xdf, 0xff,
    0xff, 0xff, 0xff, 0xff, 0xff, 0xff, 0xff, 0xff,
    0xf4, 0xaf, 0xff, 0xff, 0xff, 0xff, 0xff, 0xff,
    0xff, 0xff, 0xff, 0xf2, 0x1, 0x11, 0x11, 0x11,
    0x11, 0x11, 0x11, 0x11, 0xaf, 0xff, 0x30, 0x0,
    0x0, 0x0, 0x0, 0x0, 0x0, 0x0, 0x9, 0xff,
    0xf3, 0x0, 0x0, 0x0, 0x0, 0x0, 0x0, 0x0,
    0x0, 0x9f, 0xff, 0x30, 0x0, 0x0, 0x0, 0x0,
    0x0, 0x0, 0x0, 0x9, 0xff, 0xf3, 0x0, 0x0,
    0x0, 0x0, 0x0, 0x0, 0x0, 0x0, 0x9f, 0xff,
    0x30, 0x0, 0x0, 0x0, 0x0, 0x0, 0x0, 0x0,
    0x9, 0xff, 0xf3, 0x0, 0x0, 0x0, 0x0, 0x0,
    0x0, 0x0, 0x0, 0x9f, 0xff, 0x30, 0x0, 0x0,
    0x0, 0x0, 0x0, 0x0, 0x0, 0x4, 0xff, 0xf3,
    0x0, 0x0, 0x0, 0x0, 0x0, 0x0, 0x0, 0x0,
    0x2, 0xfe, 0x30, 0x0, 0x0, 0x0, 0x0, 0x0,
    0x0, 0x0, 0x0, 0x0, 0x0, 0x0, 0x0, 0x0,
    0x0, 0x0,

    /* U+E5C9 "" */
    0x0, 0x0, 0x0, 0x0, 0x0, 0x15, 0x78, 0x87,
    0x51, 0x0, 0x0, 0x0, 0x0, 0x0, 0x0, 0x0,
    0x0, 0x0, 0x5c, 0xff, 0xff, 0xff, 0xff, 0xc6,
    0x0, 0x0, 0x0, 0x0, 0x0, 0x0, 0x0, 0x4d,
    0xff, 0xff, 0xff, 0xff, 0xff, 0xff, 0xd4, 0x0,
    0x0, 0x0, 0x0, 0x0, 0x8, 0xff, 0xff, 0xff,
    0xff, 0xff, 0xff, 0xff, 0xff, 0x80, 0x0, 0x0,
    0x0, 0x0, 0xaf, 0xff, 0xff, 0xff, 0xff, 0xff,
    0xff, 0xff, 0xff, 0xfa, 0x0, 0x0, 0x0, 0x8,
    0xff, 0xff, 0xff, 0xff, 0xff, 0xff, 0xff, 0xff,
    0xff, 0xff, 0x80, 0x0, 0x0, 0x4f, 0xff, 0xff,
    0xff, 0xff, 0xff, 0xff, 0xff, 0xff, 0xff, 0xff,
    0xf4, 0x0, 0x0, 0xdf, 0xff, 0xff, 0xff, 0xff,
    0xff, 0xff, 0xff, 0xff, 0xff, 0xff, 0xfd, 0x0,
    0x6, 0xff, 0xff, 0xff, 0x41, 0xcf, 0xff, 0xff,
    0xfc, 0x14, 0xff, 0xff, 0xff, 0x60, 0xc, 0xff,
    0xff, 0xff, 0x10, 0xc, 0xff, 0xff, 0xc0, 0x1,
    0xff, 0xff, 0xff, 0xc0, 0x1f, 0xff, 0xff, 0xff,
    0xc0, 0x0, 0xcf, 0xfc, 0x0, 0xc, 0xff, 0xff,
    0xff, 0xf1, 0x5f, 0xff, 0xff, 0xff, 0xfc, 0x0,
    0xc, 0xc0, 0x0, 0xcf, 0xff, 0xff, 0xff, 0xf5,
    0x7f, 0xff, 0xff, 0xff, 0xff, 0xc0, 0x0, 0x0,
    0xc, 0xff, 0xff, 0xff, 0xff, 0xf7, 0x8f, 0xff,
    0xff, 0xff, 0xff, 0xfc, 0x0, 0x0, 0xcf, 0xff,
    0xff, 0xff, 0xff, 0xf8, 0x8f, 0xff, 0xff, 0xff,
    0xff, 0xfc, 0x0, 0x0, 0xcf, 0xff, 0xff, 0xff,
    0xff, 0xf8, 0x7f, 0xff, 0xff, 0xff, 0xff, 0xc0,
    0x0, 0x0, 0xc, 0xff, 0xff, 0xff, 0xff, 0xf7,
    0x5f, 0xff, 0xff, 0xff, 0xfc, 0x0, 0xc, 0xc0,
    0x0, 0xcf, 0xff, 0xff, 0xff, 0xf5, 0x1f, 0xff,
    0xff, 0xff, 0xc0, 0x0, 0xcf, 0xfc, 0x0, 0xc,
    0xff, 0xff, 0xff, 0xf1, 0xc, 0xff, 0xff, 0xff,
    0x10, 0xc, 0xff, 0xff, 0xc0, 0x1, 0xff, 0xff,
    0xff, 0xc0, 0x6, 0xff, 0xff, 0xff, 0x41, 0xcf,
    0xff, 0xff, 0xfc, 0x14, 0xff, 0xff, 0xff, 0x50,
    0x0, 0xdf, 0xff, 0xff, 0xff, 0xff, 0xff, 0xff,
    0xff, 0xff, 0xff, 0xff, 0xfd, 0x0, 0x0, 0x4f,
    0xff, 0xff, 0xff, 0xff, 0xff, 0xff, 0xff, 0xff,
    0xff, 0xff, 0xf4, 0x0, 0x0, 0x8, 0xff, 0xff,
    0xff, 0xff, 0xff, 0xff, 0xff, 0xff, 0xff, 0xff,
    0x80, 0x0, 0x0, 0x0, 0xaf, 0xff, 0xff, 0xff,
    0xff, 0xff, 0xff, 0xff, 0xff, 0xfa, 0x0, 0x0,
    0x0, 0x0, 0x8, 0xff, 0xff, 0xff, 0xff, 0xff,
    0xff, 0xff, 0xff, 0x80, 0x0, 0x0, 0x0, 0x0,
    0x0, 0x4d, 0xff, 0xff, 0xff, 0xff, 0xff, 0xff,
    0xd4, 0x0, 0x0, 0x0, 0x0, 0x0, 0x0, 0x0,
    0x6c, 0xff, 0xff, 0xff, 0xff, 0xc6, 0x0, 0x0,
    0x0, 0x0, 0x0, 0x0, 0x0, 0x0, 0x0, 0x15,
    0x78, 0x87, 0x51, 0x0, 0x0, 0x0, 0x0, 0x0,

    /* U+E5CE "" */
    0x0, 0x0, 0x0, 0x1b, 0xa0, 0x0, 0x0, 0x0,
    0x0, 0x0, 0x1, 0xdf, 0xfb, 0x0, 0x0, 0x0,
    0x0, 0x0, 0x1d, 0xff, 0xff, 0xb0, 0x0, 0x0,
    0x0, 0x1, 0xdf, 0xfb, 0xdf, 0xfb, 0x0, 0x0,
    0x0, 0x1d, 0xff, 0xb0, 0x1d, 0xff, 0xb0, 0x0,
    0x1, 0xdf, 0xfb, 0x0, 0x1, 0xdf, 0xfb, 0x0,
    0x1d, 0xff, 0xb0, 0x0, 0x0, 0x1d, 0xff, 0xb0,
    0xaf, 0xfb, 0x0, 0x0, 0x0, 0x1, 0xdf, 0xf7,
    0x8f, 0xb0, 0x0, 0x0, 0x0, 0x0, 0x1d, 0xf5,
    0x1, 0x0, 0x0, 0x0, 0x0, 0x0, 0x0, 0x10,

    /* U+E5CF "" */
    0x4c, 0x60, 0x0, 0x0, 0x0, 0x0, 0x8, 0xc2,
    0xbf, 0xf6, 0x0, 0x0, 0x0, 0x0, 0x9f, 0xf8,
    0x4f, 0xff, 0x60, 0x0, 0x0, 0x9, 0xff, 0xe2,
    0x5, 0xff, 0xf6, 0x0, 0x0, 0x9f, 0xfe, 0x20,
    0x0, 0x5f, 0xff, 0x60, 0x9, 0xff, 0xe2, 0x0,
    0x0, 0x5, 0xff, 0xf6, 0x9f, 0xfe, 0x20, 0x0,
    0x0, 0x0, 0x5f, 0xff, 0xff, 0xe2, 0x0, 0x0,
    0x0, 0x0, 0x5, 0xff, 0xfe, 0x20, 0x0, 0x0,
    0x0, 0x0, 0x0, 0x5f, 0xe2, 0x0, 0x0, 0x0,
    0x0, 0x0, 0x0, 0x1, 0x0, 0x0, 0x0, 0x0,

    /* U+E5D3 "" */
    0x1, 0x20, 0x0, 0x0, 0x0, 0x22, 0x0, 0x0,
    0x0, 0x2, 0x10, 0x5, 0xff, 0xc0, 0x0, 0x0,
    0x9f, 0xf8, 0x0, 0x0, 0xc, 0xff, 0x50, 0xef,
    0xff, 0x60, 0x0, 0x2f, 0xff, 0xf2, 0x0, 0x5,
    0xff, 0xfe, 0xe, 0xff, 0xf6, 0x0, 0x2, 0xff,
    0xff, 0x20, 0x0, 0x5f, 0xff, 0xe0, 0x5f, 0xfc,
    0x0, 0x0, 0x9, 0xff, 0x90, 0x0, 0x0, 0xcf,
    0xf6, 0x0, 0x12, 0x0, 0x0, 0x0, 0x2, 0x20,
    0x0, 0x0, 0x0, 0x21, 0x0,

    /* U+E5D5 "" */
    0x0, 0x0, 0x0, 0x5, 0x9c, 0xde, 0xc9, 0x50,
    0x0, 0x3, 0xd8, 0x0, 0x0, 0x6, 0xef, 0xff,
    0xff, 0xff, 0xfe, 0x50, 0x7, 0xfe, 0x0, 0x1,
    0xbf, 0xff, 0xfe, 0xcc, 0xef, 0xff, 0xfb, 0x8,
    0xff, 0x0, 0x1d, 0xff, 0xf8, 0x20, 0x0, 0x2,
    0x8f, 0xff, 0xc8, 0xff, 0x0, 0xbf, 0xfd, 0x10,
    0x0, 0x0, 0x0, 0x2, 0xdf, 0xff, 0xff, 0x7,
    0xff, 0xc0, 0x0, 0x0, 0x0, 0x0, 0x0, 0xd,
    0xff, 0xff, 0xe, 0xff, 0x10, 0x0, 0x0, 0x0,
    0x0, 0x11, 0x13, 0xff, 0xff, 0x5f, 0xf8, 0x0,
    0x0, 0x0, 0x0, 0x2f, 0xff, 0xff, 0xff, 0xff,
    0xaf, 0xf2, 0x0, 0x0, 0x0, 0x0, 0x3f, 0xff,
    0xff, 0xff, 0xfc, 0xcf, 0xe0, 0x0, 0x0, 0x0,
    0x0, 0x3, 0x55, 0x55, 0x55, 0x51, 0xef, 0xc0,
    0x0, 0x0, 0x0, 0x0, 0x0, 0x0, 0x0, 0x0,
    0x0, 0xef, 0xc0, 0x0, 0x0, 0x0, 0x0, 0x0,
    0x0, 0x0, 0x0, 0x0, 0xcf, 0xe0, 0x0, 0x0,
    0x0, 0x0, 0x0, 0x0, 0x0, 0x0, 0x0, 0xaf,
    0xf2, 0x0, 0x0, 0x0, 0x0, 0x0, 0x0, 0x0,
    0x0, 0x0, 0x5f, 0xf8, 0x0, 0x0, 0x0, 0x0,
    0x0, 0x0, 0x0, 0x5d, 0x60, 0xe, 0xff, 0x10,
    0x0, 0x0, 0x0, 0x0, 0x0, 0x2, 0xff, 0xc0,
    0x7, 0xff, 0xc0, 0x0, 0x0, 0x0, 0x0, 0x0,
    0xd, 0xff, 0x60, 0x0, 0xbf, 0xfc, 0x10, 0x0,
    0x0, 0x0, 0x2, 0xdf, 0xfb, 0x0, 0x0, 0x1d,
    0xff, 0xf8, 0x20, 0x0, 0x2, 0x8f, 0xff, 0xd1,
    0x0, 0x0, 0x1, 0xbf, 0xff, 0xfe, 0xcc, 0xef,
    0xff, 0xfb, 0x10, 0x0, 0x0, 0x0, 0x6, 0xef,
    0xff, 0xff, 0xff, 0xfe, 0x60, 0x0, 0x0, 0x0,
    0x0, 0x0, 0x5, 0x9c, 0xdd, 0xc9, 0x50, 0x0,
    0x0, 0x0,

    /* U+E627 "" */
    0x0, 0x0, 0x0, 0x0, 0x0, 0x0, 0x1, 0xdf,
    0xff, 0xff, 0xe4, 0x0, 0x0, 0x2, 0x95, 0x0,
    0x0, 0x5, 0xff, 0xff, 0xff, 0xf8, 0x0, 0x0,
    0x6f, 0xfe, 0x0, 0x0, 0x5, 0xff, 0xff, 0x87,
    0x70, 0x0, 0x9, 0xff, 0xf9, 0x0, 0x0, 0x5,
    0xff, 0xff, 0xb0, 0x0, 0x0, 0x7f, 0xff, 0x70,
    0x0, 0x0, 0x5, 0xff, 0xdf, 0xf9, 0x0, 0x3,
    0xff, 0xf3, 0x0, 0x0, 0x0, 0x5, 0xff, 0x2d,
    0xff, 0x40, 0xc, 0xff, 0x60, 0x0, 0x0, 0x0,
    0x5, 0xff, 0x3, 0xff, 0xc0, 0x2f, 0xfb, 0x0,
    0x0, 0x0, 0x0, 0x2, 0xeb, 0x0, 0x9f, 0xf3,
    0x7f, 0xf4, 0x0, 0x0, 0x0, 0x0, 0x0, 0x0,
    0x0, 0x3f, 0xf8, 0xaf, 0xf0, 0x0, 0x0, 0x0,
    0x0, 0x0, 0x0, 0x0, 0xf, 0xfb, 0xcf, 0xd0,
    0x0, 0x0, 0x0, 0x0, 0x0, 0x0, 0x0, 0xd,
    0xfc, 0xcf, 0xd0, 0x0, 0x0, 0x0, 0x0, 0x0,
    0x0, 0x0, 0xd, 0xfc, 0xbf, 0xe0, 0x0, 0x0,
    0x0, 0x0, 0x0, 0x0, 0x0, 0xf, 0xfa, 0x9f,
    0xf2, 0x0, 0x0, 0x0, 0x0, 0x0, 0x0, 0x0,
    0x4f, 0xf7, 0x4f, 0xf8, 0x0, 0xae, 0x20, 0x0,
    0x0, 0x0, 0x0, 0xbf, 0xf2, 0xe, 0xff, 0x20,
    0xff, 0x60, 0x0, 0x0, 0x0, 0x5, 0xff, 0xb0,
    0x7, 0xff, 0xd0, 0xff, 0x70, 0x0, 0x0, 0x0,
    0x3f, 0xff, 0x30, 0x0, 0xcf, 0xfc, 0xff, 0x70,
    0x0, 0x0, 0x6, 0xff, 0xf7, 0x0, 0x0, 0x1c,
    0xff, 0xff, 0x70, 0x0, 0x0, 0x9f, 0xff, 0x90,
    0x0, 0x6, 0x78, 0xff, 0xff, 0x70, 0x0, 0x0,
    0xef, 0xf7, 0x0, 0x0, 0x7f, 0xff, 0xff, 0xff,
    0x60, 0x0, 0x0, 0x59, 0x20, 0x0, 0x0, 0x3e,
    0xff, 0xff, 0xfd, 0x20, 0x0, 0x0, 0x0, 0x0,
    0x0, 0x0,

    /* U+E63C "" */
    0x0, 0x0, 0x2, 0x0, 0x0, 0x0, 0x20, 0x0,
    0x0, 0x0, 0x0, 0xef, 0x50, 0x0, 0x5, 0xfd,
    0x0, 0x0, 0x0, 0x1, 0xff, 0x80, 0x0, 0x8,
    0xff, 0x10, 0x0, 0x0, 0x1, 0xff, 0x90, 0x0,
    0x8, 0xff, 0x10, 0x0, 0x0, 0x1, 0xff, 0x90,
    0x0, 0x8, 0xff, 0x10, 0x0, 0x0, 0x1, 0xff,
    0x90, 0x0, 0x8, 0xff, 0x10, 0x0, 0x0, 0x8c,
    0xff, 0xeb, 0xbb, 0xbe, 0xff, 0xc8, 0x0, 0xc,
    0xff, 0xff, 0xff, 0xff, 0xff, 0xff, 0xff, 0xc0,
    0x2f, 0xff, 0xff, 0xff, 0xff, 0xff, 0xff, 0xff,
    0xf2, 0x3f, 0xff, 0xff, 0xff, 0xff, 0xff, 0xff,
    0xff, 0xf3, 0x3f, 0xff, 0xff, 0xff, 0xff, 0xff,
    0xff, 0xff, 0xf3, 0x3f, 0xff, 0xff, 0xff, 0xff,
    0xff, 0xff, 0xff, 0xf3, 0x3f, 0xff, 0xff, 0xff,
    0xff, 0xff, 0xff, 0xff, 0xf3, 0x3f, 0xff, 0xff,
    0xff, 0xff, 0xff, 0xff, 0xff, 0xf3, 0x3f, 0xff,
    0xff, 0xff, 0xff, 0xff, 0xff, 0xff, 0xf3, 0x2f,
    0xff, 0xff, 0xff, 0xff, 0xff, 0xff, 0xff, 0xf2,
    0xc, 0xff, 0xff, 0xff, 0xff, 0xff, 0xff, 0xff,
    0xc0, 0x1, 0xef, 0xff, 0xff, 0xff, 0xff, 0xff,
    0xfe, 0x10, 0x0, 0x2e, 0xff, 0xff, 0xff, 0xff,
    0xff, 0xe2, 0x0, 0x0, 0x2, 0xef, 0xff, 0xff,
    0xff, 0xfe, 0x20, 0x0, 0x0, 0x0, 0x3f, 0xff,
    0xff, 0xff, 0xf3, 0x0, 0x0, 0x0, 0x0, 0xa,
    0xff, 0xff, 0xff, 0xa0, 0x0, 0x0, 0x0, 0x0,
    0xa, 0xff, 0xff, 0xff, 0xa0, 0x0, 0x0, 0x0,
    0x0, 0xa, 0xff, 0xff, 0xff, 0xa0, 0x0, 0x0,
    0x0, 0x0, 0x7, 0xff, 0xff, 0xff, 0x70, 0x0,
    0x0, 0x0, 0x0, 0x0, 0x23, 0x33, 0x32, 0x0,
    0x0, 0x0,

    /* U+E63E "" */
    0x0, 0x0, 0x0, 0x0, 0x0, 0x3, 0x68, 0x9a,
    0xa9, 0x86, 0x30, 0x0, 0x0, 0x0, 0x0, 0x0,
    0x0, 0x0, 0x0, 0x0, 0x5a, 0xff, 0xff, 0xff,
    0xff, 0xff, 0xff, 0xa5, 0x0, 0x0, 0x0, 0x0,
    0x0, 0x0, 0x0, 0x7e, 0xff, 0xff, 0xff, 0xff,
    0xff, 0xff, 0xff, 0xff, 0xe7, 0x0, 0x0, 0x0,
    0x0, 0x0, 0x5e, 0xff, 0xff, 0xff, 0xff, 0xff,
    0xff, 0xff, 0xff, 0xff, 0xff, 0xe5, 0x0, 0x0,
    0x0, 0x1b, 0xff, 0xff, 0xff, 0xe9, 0x63, 0x10,
    0x1, 0x36, 0x9e, 0xff, 0xff, 0xff, 0xb1, 0x0,
    0x3, 0xef, 0xff, 0xff, 0xc4, 0x0, 0x0, 0x0,
    0x0, 0x0, 0x0, 0x4c, 0xff, 0xff, 0xfe, 0x30,
    0x1f, 0xff, 0xff, 0xc4, 0x0, 0x0, 0x0, 0x0,
    0x0, 0x0, 0x0, 0x0, 0x4c, 0xff, 0xff, 0xf1,
    0x2f, 0xff, 0xf7, 0x0, 0x0, 0x0, 0x0, 0x0,
    0x0, 0x0, 0x0, 0x0, 0x0, 0x7f, 0xff, 0xf2,
    0x9, 0xfc, 0x30, 0x0, 0x0, 0x0, 0x26, 0x8a,
    0xa8, 0x62, 0x0, 0x0, 0x0, 0x3, 0xcf, 0x90,
    0x0, 0x0, 0x0, 0x0, 0x1, 0x7e, 0xff, 0xff,
    0xff, 0xff, 0xe7, 0x0, 0x0, 0x0, 0x0, 0x0,
    0x0, 0x0, 0x0, 0x0, 0x6f, 0xff, 0xff, 0xff,
    0xff, 0xff, 0xff, 0xe6, 0x0, 0x0, 0x0, 0x0,
    0x0, 0x0, 0x0, 0xb, 0xff, 0xff, 0xff, 0xff,
    0xff, 0xff, 0xff, 0xff, 0xb0, 0x0, 0x0, 0x0,
    0x0, 0x0, 0x0, 0x7f, 0xff, 0xff, 0xb6, 0x21,
    0x12, 0x6b, 0xff, 0xff, 0xf7, 0x0, 0x0, 0x0,
    0x0, 0x0, 0x0, 0x6f, 0xff, 0xb2, 0x0, 0x0,
    0x0, 0x0, 0x2b, 0xff, 0xf6, 0x0, 0x0, 0x0,
    0x0, 0x0, 0x0, 0x7, 0xa4, 0x0, 0x0, 0x0,
    0x0, 0x0, 0x0, 0x4a, 0x70, 0x0, 0x0, 0x0,
    0x0, 0x0, 0x0, 0x0, 0x0, 0x0, 0x0, 0x0,
    0x0, 0x0, 0x0, 0x0, 0x0, 0x0, 0x0, 0x0,
    0x0, 0x0, 0x0, 0x0, 0x0, 0x0, 0x0, 0x15,
    0x51, 0x0, 0x0, 0x0, 0x0, 0x0, 0x0, 0x0,
    0x0, 0x0, 0x0, 0x0, 0x0, 0x0, 0x3, 0xef,
    0xfe, 0x30, 0x0, 0x0, 0x0, 0x0, 0x0, 0x0,
    0x0, 0x0, 0x0, 0x0, 0x0, 0x0, 0xe, 0xff,
    0xff, 0xd0, 0x0, 0x0, 0x0, 0x0, 0x0, 0x0,
    0x0, 0x0, 0x0, 0x0, 0x0, 0x0, 0x1f, 0xff,
    0xff, 0xf1, 0x0, 0x0, 0x0, 0x0, 0x0, 0x0,
    0x0, 0x0, 0x0, 0x0, 0x0, 0x0, 0xf, 0xff,
    0xff, 0xf0, 0x0, 0x0, 0x0, 0x0, 0x0, 0x0,
    0x0, 0x0, 0x0, 0x0, 0x0, 0x0, 0x8, 0xff,
    0xff, 0x80, 0x0, 0x0, 0x0, 0x0, 0x0, 0x0,
    0x0, 0x0, 0x0, 0x0, 0x0, 0x0, 0x0, 0x6c,
    0xc6, 0x0, 0x0, 0x0, 0x0, 0x0, 0x0, 0x0,

    /* U+E640 "" */
    0x0, 0x0, 0x0, 0x0, 0x0, 0x2, 0x57, 0x99,
    0x81, 0x0, 0x0, 0x0, 0x0, 0x0, 0x0, 0x0,
    0x0, 0x0, 0x0, 0x0, 0x6b, 0xff, 0xff, 0xff,
    0xfa, 0x0, 0x4, 0x50, 0x0, 0x0, 0x0, 0x0,
    0x0, 0x0, 0x1, 0x8f, 0xff, 0xff, 0xff, 0xff,
    0xfb, 0x0, 0xe, 0xd0, 0x0, 0x0, 0x0, 0x0,
    0x0, 0x0, 0x7f, 0xff, 0xff, 0xff, 0xff, 0xff,
    0xe3, 0x0, 0x7f, 0x90, 0x3, 0x96, 0x0, 0x0,
    0x0, 0x2c, 0xff, 0xff, 0xff, 0xd9, 0x53, 0x11,
    0x0, 0x0, 0xef, 0x50, 0xe, 0xff, 0xc2, 0x0,
    0x5, 0xff, 0xff, 0xff, 0xa2, 0x0, 0x0, 0x0,
    0x0, 0x6, 0xff, 0x10, 0x1f, 0xff, 0xff, 0x50,
    0x1f, 0xff, 0xff, 0x91, 0x0, 0x0, 0x0, 0x0,
    0x0, 0xe, 0xfd, 0x0, 0x8, 0xff, 0xff, 0xf0,
    0x2f, 0xff, 0xe3, 0x0, 0x0, 0x0, 0x0, 0x0,
    0x0, 0x6f, 0xf9, 0x0, 0x0, 0x3e, 0xff, 0xd0,
    0x6, 0xc9, 0x10, 0x0, 0x2, 0x7c, 0xef, 0x70,
    0x0, 0xdf, 0xf5, 0x0, 0x0, 0x1, 0x8a, 0x20,
    0x0, 0x0, 0x0, 0x3, 0xbf, 0xff, 0xff, 0xf0,
    0x5, 0xff, 0xf1, 0x0, 0x0, 0x0, 0x0, 0x0,
    0x0, 0x0, 0x0, 0x8f, 0xff, 0xff, 0xff, 0xd0,
    0xd, 0xff, 0xd0, 0x6, 0xb5, 0x0, 0x0, 0x0,
    0x0, 0x0, 0x4, 0xff, 0xff, 0xff, 0xc8, 0x10,
    0x5f, 0xff, 0x90, 0x4f, 0xff, 0xb0, 0x0, 0x0,
    0x0, 0x0, 0x3, 0xff, 0xfe, 0x71, 0x0, 0x0,
    0xdf, 0xff, 0x50, 0x5f, 0xff, 0xf8, 0x0, 0x0,
    0x0, 0x0, 0x0, 0x6c, 0x70, 0x0, 0x0, 0x5,
    0xff, 0xff, 0x10, 0xb, 0xff, 0xf8, 0x0, 0x0,
    0x0, 0x0, 0x0, 0x0, 0x0, 0x0, 0x0, 0xc,
    0xff, 0xfd, 0x0, 0x0, 0x6d, 0xa1, 0x0, 0x0,
    0x0, 0x0, 0x0, 0x0, 0x0, 0x0, 0x0, 0x4f,
    0xff, 0xf9, 0x0, 0x0, 0x0, 0x0, 0x0, 0x0,
    0x0, 0x0, 0x0, 0x0, 0x0, 0x0, 0x0, 0xcf,
    0xff, 0xf5, 0x0, 0x0, 0x0, 0x0, 0x0, 0x0,
    0x0, 0x0, 0x0, 0x0, 0x0, 0x0, 0x4, 0xff,
    0xff, 0xf1, 0x0, 0x0, 0x0, 0x0, 0x0, 0x0,
    0x0, 0x0, 0x0, 0x0, 0x0, 0x0, 0xa, 0xff,
    0xff, 0xd0, 0x0, 0x0, 0x0, 0x0, 0x0, 0x0,
    0x0, 0x0, 0x0, 0x0, 0x0, 0x0, 0xb, 0xff,
    0xff, 0x90, 0x0, 0x0, 0x0, 0x0, 0x0, 0x0,
    0x0, 0x0, 0x0, 0x0, 0x0, 0x0, 0x6, 0xff,
    0xff, 0x30, 0x0, 0x0, 0x0, 0x0, 0x0, 0x0,
    0x0, 0x0, 0x0, 0x0, 0x0, 0x0, 0x0, 0x5b,
    0xa4, 0x0, 0x0, 0x0, 0x0, 0x0, 0x0, 0x0,
    0x0, 0x0, 0x0, 0x0, 0x0, 0x0, 0x0, 0x0,
    0x0, 0x0, 0x0, 0x0, 0x0, 0x0, 0x0, 0x0,

    /* U+E648 "" */
    0x0, 0x1b, 0x60, 0x0, 0x0, 0x0, 0x0, 0x0,
    0x0, 0x0, 0x0, 0x0, 0x0, 0x0, 0x0, 0x0,
    0x0, 0x7f, 0xf8, 0x0, 0x0, 0x0, 0x57, 0x9a,
    0xa9, 0x86, 0x30, 0x0, 0x0, 0x0, 0x0, 0x0,
    0x0, 0x1d, 0xff, 0x80, 0x0, 0x1e, 0xff, 0xff,
    0xff, 0xff, 0xff, 0xa5, 0x0, 0x0, 0x0, 0x0,
    0x0, 0x1, 0xdf, 0xf8, 0x0, 0x5f, 0xff, 0xff,
    0xff, 0xff, 0xff, 0xff, 0xe7, 0x0, 0x0, 0x0,
    0x0, 0x0, 0x7f, 0xff, 0x80, 0x1f, 0xff, 0xff,
    0xff, 0xff, 0xff, 0xff, 0xff, 0xe6, 0x0, 0x0,
    0x0, 0x1b, 0xff, 0xff, 0xf8, 0x2, 0x64, 0x21,
    0x1, 0x36, 0x9e, 0xff, 0xff, 0xff, 0xb1, 0x0,
    0x3, 0xef, 0xff, 0xff, 0xff, 0x80, 0x0, 0x0,
    0x0, 0x0, 0x0, 0x4c, 0xff, 0xff, 0xfe, 0x30,
    0x1f, 0xff, 0xff, 0xc4, 0xdf, 0xf8, 0x0, 0x0,
    0x0, 0x0, 0x0, 0x0, 0x4c, 0xff, 0xff, 0xf1,
    0x2f, 0xff, 0xf7, 0x0, 0x1d, 0xff, 0x80, 0x0,
    0x0, 0x0, 0x0, 0x0, 0x0, 0x7f, 0xff, 0xf2,
    0x9, 0xfc, 0x30, 0x0, 0x1, 0xdf, 0xf8, 0x0,
    0x0, 0x12, 0x0, 0x0, 0x0, 0x3, 0xcf, 0x90,
    0x0, 0x0, 0x0, 0x0, 0x1, 0x9f, 0xff, 0x80,
    0x0, 0xaf, 0xe7, 0x10, 0x0, 0x0, 0x0, 0x0,
    0x0, 0x0, 0x0, 0x0, 0x7f, 0xff, 0xff, 0xf8,
    0x0, 0x2e, 0xff, 0xf7, 0x0, 0x0, 0x0, 0x0,
    0x0, 0x0, 0x0, 0xb, 0xff, 0xff, 0xff, 0xff,
    0x80, 0x1, 0xdf, 0xff, 0xc1, 0x0, 0x0, 0x0,
    0x0, 0x0, 0x0, 0x7f, 0xff, 0xff, 0xb6, 0xdf,
    0xf8, 0x0, 0xb, 0xff, 0xf9, 0x0, 0x0, 0x0,
    0x0, 0x0, 0x0, 0x6f, 0xff, 0xb2, 0x0, 0x1d,
    0xff, 0x80, 0x0, 0x8f, 0xf7, 0x0, 0x0, 0x0,
    0x0, 0x0, 0x0, 0x7, 0x94, 0x0, 0x0, 0x1,
    0xdf, 0xf8, 0x0, 0x3, 0x40, 0x0, 0x0, 0x0,
    0x0, 0x0, 0x0, 0x0, 0x0, 0x0, 0x0, 0x0,
    0x1d, 0xff, 0x80, 0x0, 0x0, 0x0, 0x0, 0x0,
    0x0, 0x0, 0x0, 0x0, 0x0, 0x0, 0x0, 0x15,
    0x53, 0xdf, 0xf8, 0x0, 0x0, 0x0, 0x0, 0x0,
    0x0, 0x0, 0x0, 0x0, 0x0, 0x0, 0x3, 0xef,
    0xfe, 0x5d, 0xff, 0x80, 0x0, 0x0, 0x0, 0x0,
    0x0, 0x0, 0x0, 0x0, 0x0, 0x0, 0xe, 0xff,
    0xff, 0xd1, 0xdf, 0xf8, 0x0, 0x0, 0x0, 0x0,
    0x0, 0x0, 0x0, 0x0, 0x0, 0x0, 0x1f, 0xff,
    0xff, 0xf1, 0x1d, 0xff, 0x80, 0x0, 0x0, 0x0,
    0x0, 0x0, 0x0, 0x0, 0x0, 0x0, 0xf, 0xff,
    0xff, 0xf0, 0x1, 0xdf, 0xf8, 0x0, 0x0, 0x0,
    0x0, 0x0, 0x0, 0x0, 0x0, 0x0, 0x8, 0xff,
    0xff, 0x80, 0x0, 0x1d, 0xff, 0x80, 0x0, 0x0,
    0x0, 0x0, 0x0, 0x0, 0x0, 0x0, 0x0, 0x6c,
    0xc6, 0x0, 0x0, 0x1, 0xdf, 0xf6, 0x0, 0x0,
    0x0, 0x0, 0x0, 0x0, 0x0, 0x0, 0x0, 0x0,
    0x0, 0x0, 0x0, 0x0, 0x1d, 0xfb, 0x0, 0x0,
    0x0, 0x0, 0x0, 0x0, 0x0, 0x0, 0x0, 0x0,
    0x0, 0x0, 0x0, 0x0, 0x1, 0x71, 0x0, 0x0,

    /* U+E65F "" */
    0x0, 0x0, 0x0, 0x0, 0x0, 0x0, 0x0, 0x0,
    0x0, 0x0, 0x0, 0x1c, 0x10, 0x0, 0x0, 0x0,
    0x0, 0x0, 0x0, 0x0, 0x0, 0x0, 0x0, 0x0,
    0x0, 0x7, 0xf8, 0x0, 0x0, 0x0, 0x0, 0x0,
    0x0, 0x0, 0x0, 0x0, 0x0, 0x0, 0x0, 0x0,
    0xef, 0xf1, 0x0, 0x0, 0x0, 0x0, 0x0, 0x0,
    0x0, 0x0, 0x0, 0x0, 0x0, 0x17, 0xef, 0xff,
    0xe8, 0x10, 0x0, 0x0, 0x0, 0x0, 0x0, 0x0,
    0x0, 0x0, 0x0, 0xb, 0xff, 0xff, 0xff, 0xfc,
    0x0, 0x0, 0x0, 0x0, 0x2, 0xe7, 0x0, 0x0,
    0x0, 0x0, 0x18, 0xef, 0xff, 0xf8, 0x10, 0x0,
    0x0, 0x0, 0x0, 0xaf, 0xf1, 0x0, 0x0, 0x0,
    0x0, 0x0, 0xef, 0xf1, 0x0, 0x0, 0x0, 0x0,
    0x0, 0x2f, 0xff, 0x70, 0x0, 0x0, 0x0, 0x0,
    0x7, 0xf8, 0x0, 0x0, 0x0, 0x0, 0x0, 0x9,
    0xff, 0xfe, 0x0, 0x0, 0x0, 0x0, 0x0, 0x1a,
    0x10, 0x0, 0x0, 0x0, 0x0, 0x1, 0xff, 0xff,
    0xf6, 0x0, 0x0, 0x0, 0x0, 0x0, 0x0, 0x0,
    0x0, 0x0, 0x0, 0x0, 0x9f, 0xff, 0xff, 0xd1,
    0x0, 0x0, 0x0, 0x0, 0x0, 0x0, 0x0, 0x0,
    0x0, 0x6, 0xdf, 0xff, 0xff, 0xff, 0xf9, 0x20,
    0x0, 0x0, 0x0, 0x0, 0x0, 0x0, 0x1, 0x8e,
    0xff, 0xff, 0xff, 0xff, 0xff, 0xff, 0xb3, 0x0,
    0x0, 0x0, 0x0, 0x0, 0x3, 0xff, 0xff, 0xff,
    0xff, 0xff, 0xff, 0xff, 0xff, 0xf8, 0x0, 0x0,
    0x0, 0x0, 0x0, 0x2f, 0xff, 0xff, 0xff, 0xff,
    0xff, 0xff, 0xff, 0xff, 0x70, 0x0, 0x0, 0x0,
    0x0, 0x0, 0x17, 0xef, 0xff, 0xff, 0xff, 0xff,
    0xff, 0xfa, 0x30, 0x0, 0x0, 0x0, 0x0, 0x0,
    0x0, 0x0, 0x5d, 0xff, 0xff, 0xff, 0xfe, 0x81,
    0x0, 0x0, 0x0, 0x0, 0x0, 0x0, 0x0, 0x0,
    0x0, 0x8, 0xff, 0xff, 0xfd, 0x0, 0x0, 0x0,
    0x0, 0x0, 0x0, 0x0, 0x0, 0x0, 0x0, 0x0,
    0x1f, 0xff, 0xff, 0x60, 0x0, 0x0, 0x0, 0x0,
    0x0, 0x0, 0x0, 0x0, 0x0, 0x0, 0x0, 0x8f,
    0xff, 0xe0, 0x0, 0x0, 0x0, 0x0, 0x0, 0x92,
    0x0, 0x0, 0x0, 0x0, 0x0, 0x1, 0xff, 0xf7,
    0x0, 0x0, 0x0, 0x0, 0x0, 0x4f, 0xa0, 0x0,
    0x0, 0x0, 0x0, 0x0, 0xa, 0xfe, 0x0, 0x0,
    0x0, 0x0, 0x0, 0xb, 0xff, 0x10, 0x0, 0x0,
    0x0, 0x0, 0x0, 0x2e, 0x70, 0x0, 0x0, 0x0,
    0x0, 0x4c, 0xff, 0xfe, 0x71, 0x0, 0x0, 0x0,
    0x0, 0x0, 0x0, 0x0, 0x0, 0x0, 0x0, 0x8f,
    0xff, 0xff, 0xff, 0xe0, 0x0, 0x0, 0x0, 0x0,
    0x0, 0x0, 0x0, 0x0, 0x0, 0x2, 0x9f, 0xff,
    0xff, 0xc4, 0x0, 0x0, 0x0, 0x0, 0x0, 0x0,
    0x0, 0x0, 0x0, 0x0, 0x0, 0x1d, 0xff, 0x40,
    0x0, 0x0, 0x0, 0x0, 0x0, 0x0, 0x0, 0x0,
    0x0, 0x0, 0x0, 0x0, 0x6f, 0xc0, 0x0, 0x0,
    0x0, 0x0, 0x0, 0x0, 0x0, 0x0, 0x0, 0x0,
    0x0, 0x0, 0x0, 0xd4, 0x0, 0x0,

    /* U+E6B1 "" */
    0x0, 0x0, 0x0, 0x0, 0x0, 0x23, 0x0, 0x0,
    0x0, 0x0, 0x0, 0x0, 0x0, 0x0, 0x0, 0x0,
    0x0, 0x0, 0x5, 0xff, 0x40, 0x0, 0x0, 0x0,
    0x0, 0x0, 0x0, 0x0, 0x0, 0x0, 0x0, 0x0,
    0x5f, 0xff, 0x40, 0x0, 0x0, 0x0, 0x0, 0x0,
    0x0, 0x0, 0x5, 0x81, 0x0, 0x4, 0xff, 0xf7,
    0x0, 0x0, 0x0, 0x0, 0x0, 0x0, 0x0, 0x0,
    0xf, 0xfc, 0x10, 0x4f, 0xff, 0x70, 0x0, 0x2,
    0xaa, 0xaa, 0xaa, 0xaa, 0xaa, 0x80, 0xc, 0xff,
    0xd6, 0xff, 0xf7, 0x0, 0x0, 0xb, 0xff, 0xff,
    0xff, 0xff, 0xff, 0xf5, 0x1, 0xcf, 0xff, 0xff,
    0x70, 0x0, 0x0, 0x6, 0xff, 0xff, 0xff, 0xff,
    0xff, 0xe2, 0x0, 0x1c, 0xff, 0xf7, 0x0, 0x0,
    0x0, 0x0, 0x0, 0x0, 0x0, 0x0, 0x0, 0x0,
    0x0, 0x1, 0xcf, 0x70, 0x0, 0x0, 0x0, 0x0,
    0x0, 0x0, 0x0, 0x0, 0x0, 0x0, 0x0, 0x0,
    0x1, 0x0, 0x0, 0x0, 0x0, 0x0, 0x0, 0x0,
    0x0, 0x0, 0x0, 0x0, 0x0, 0x0, 0x0, 0x0,
    0x0, 0x0, 0x0, 0x0, 0x0, 0x0, 0x0, 0x0,
    0x0, 0x0, 0x0, 0x0, 0x0, 0x0, 0x0, 0x78,
    0x0, 0x0, 0x0, 0x0, 0x0, 0x0, 0x0, 0x0,
    0x0, 0x0, 0x0, 0x0, 0x9, 0xff, 0x50, 0x0,
    0x0, 0x0, 0x0, 0x0, 0x0, 0x0, 0x0, 0x0,
    0x0, 0x0, 0x9f, 0xfe, 0x20, 0x0, 0x0, 0x0,
    0x0, 0x0, 0x0, 0x0, 0xa, 0xd3, 0x0, 0x9,
    0xff, 0xe3, 0x0, 0x0, 0x0, 0x0, 0x0, 0x0,
    0x0, 0x0, 0xf, 0xff, 0x40, 0x9f, 0xfe, 0x30,
    0x0, 0x6, 0xff, 0xff, 0xff, 0xff, 0xff, 0xe2,
    0x8, 0xff, 0xfb, 0xff, 0xe3, 0x0, 0x0, 0xb,
    0xff, 0xff, 0xff, 0xff, 0xff, 0xf5, 0x0, 0x8f,
    0xff, 0xfe, 0x30, 0x0, 0x0, 0x3, 0xaa, 0xaa,
    0xaa, 0xaa, 0xaa, 0x80, 0x0, 0x8, 0xff, 0xe3,
    0x0, 0x0, 0x0, 0x0, 0x0, 0x0, 0x0, 0x0,
    0x0, 0x0, 0x0, 0x0, 0x7b, 0x30, 0x0, 0x0,
    0x0, 0x0, 0x0, 0x0, 0x0, 0x0, 0x0, 0x0,

    /* U+E6E1 "" */
    0x0, 0x0, 0x0, 0x0, 0x0, 0x0, 0x0, 0x0,
    0x0, 0x0, 0x0, 0x0, 0x31, 0x0, 0x0, 0x0,
    0x0, 0x0, 0x0, 0x0, 0x0, 0x0, 0x0, 0x0,
    0x0, 0x8f, 0xe0, 0x0, 0x0, 0x0, 0x0, 0x0,
    0x0, 0x0, 0x0, 0x0, 0x0, 0x0, 0x7f, 0xfe,
    0x0, 0x0, 0x0, 0x0, 0x0, 0x0, 0x0, 0x0,
    0x0, 0x0, 0x0, 0x5f, 0xff, 0x30, 0x0, 0x0,
    0x0, 0x0, 0x0, 0x0, 0x0, 0x0, 0x0, 0x0,
    0x3f, 0xff, 0x40, 0x0, 0x0, 0x0, 0x0, 0x0,
    0x0, 0x0, 0x0, 0x0, 0x0, 0x2e, 0xff, 0x60,
    0x0, 0x0, 0x0, 0x0, 0x0, 0x2, 0x0, 0x0,
    0x0, 0x0, 0x1e, 0xff, 0x80, 0x0, 0x0, 0x0,
    0x0, 0x0, 0x3e, 0xff, 0x60, 0x0, 0x0, 0xd,
    0xff, 0x90, 0x0, 0x0, 0x0, 0x0, 0x0, 0x3f,
    0xff, 0xff, 0x70, 0x0, 0xb, 0xff, 0xb0, 0x0,
    0x0, 0x0, 0x0, 0x0, 0x3f, 0xff, 0xef, 0xff,
    0x70, 0xa, 0xff, 0xc0, 0x0, 0x0, 0x0, 0x0,
    0x0, 0x3f, 0xff, 0xc0, 0x7f, 0xff, 0x78, 0xff,
    0xd1, 0x0, 0x0, 0x0, 0x0, 0x0, 0x3f, 0xff,
    0xc0, 0x0, 0x7f, 0xff, 0xff, 0xe2, 0x0, 0x0,
    0x0, 0x0, 0x0, 0x3f, 0xff, 0xc0, 0x0, 0x0,
    0x7f, 0xff, 0xf3, 0x0, 0x0, 0x0, 0x0, 0x0,
    0x3f, 0xff, 0xc0, 0x0, 0x0, 0x0, 0x4a, 0xa2,
    0x0, 0x0, 0x0, 0x0, 0x0, 0x3f, 0xff, 0xc0,
    0x0, 0x0, 0x0, 0x0, 0x0, 0x0, 0x0, 0x0,
    0x0, 0x0, 0xe, 0xff, 0xc0, 0x0, 0x0, 0x0,
    0x0, 0x0, 0x0, 0x0, 0x0, 0x0, 0x0, 0x0,
    0xcf, 0xc0, 0x0, 0x0, 0x0, 0x0, 0x0, 0x0,
    0x0, 0x0, 0x0, 0x0, 0x0, 0x1, 0x40, 0x0,
    0x0, 0x0, 0x0, 0x0, 0x0, 0x0, 0x0, 0x0,
    0x0, 0x0, 0x0,

    /* U+E6EC "" */
    0x0, 0x0, 0x4, 0x88, 0x99, 0x99, 0x99, 0x99,
    0x99, 0x99, 0x88, 0x40, 0x0, 0x0, 0x0, 0x2,
    0xdf, 0xff, 0xff, 0xff, 0xff, 0xff, 0xff, 0xff,
    0xff, 0xfd, 0x20, 0x0, 0x0, 0x1e, 0xff, 0xff,
    0xff, 0xff, 0xff, 0xff, 0xff, 0xff, 0xff, 0xff,
    0xe2, 0x0, 0x0, 0xaf, 0xff, 0xff, 0xff, 0xff,
    0xff, 0xff, 0xff, 0xff, 0xff, 0xff, 0xfb, 0x0,
    0x0, 0xff, 0xff, 0xff, 0xdc, 0xff, 0xff, 0xff,
    0xfd, 0x9f, 0xff, 0xff, 0xff, 0x10, 0x3, 0xff,
    0xff, 0xff, 0x30, 0xff, 0xff, 0xff, 0xf1, 0x7,
    0xff, 0xff, 0xff, 0x40, 0x5, 0xff, 0xff, 0xff,
    0x20, 0xff, 0xff, 0xff, 0xf2, 0x9, 0xff, 0xff,
    0xff, 0x60, 0x8, 0xff, 0xfe, 0x10, 0x0, 0x0,
    0xcf, 0xff, 0xff, 0xdf, 0xff, 0xff, 0xff, 0x80,
    0xa, 0xff, 0xff, 0x42, 0x0, 0x23, 0xdf, 0xff,
    0xff, 0xff, 0xcc, 0xff, 0xff, 0xa0, 0xc, 0xff,
    0xff, 0xff, 0x20, 0xff, 0xff, 0xff, 0xff, 0xfc,
    0x0, 0xdf, 0xff, 0xd0, 0xe, 0xff, 0xff, 0xff,
    0x41, 0xff, 0xff, 0xff, 0xff, 0xfc, 0x0, 0xdf,
    0xff, 0xf0, 0x1f, 0xff, 0xff, 0xff, 0xfe, 0xff,
    0xff, 0xff, 0xff, 0xff, 0xdd, 0xff, 0xff, 0xf1,
    0x3f, 0xfe, 0xff, 0xff, 0xff, 0xff, 0xff, 0xff,
    0xff, 0xff, 0xff, 0xff, 0xff, 0xf3, 0x5f, 0xfe,
    0xff, 0xff, 0xff, 0xff, 0xff, 0xff, 0xff, 0xff,
    0xff, 0xff, 0xff, 0xf5, 0x7f, 0xfe, 0xff, 0xff,
    0xff, 0xff, 0xff, 0xff, 0xff, 0xff, 0xff, 0xff,
    0xff, 0xf8, 0xaf, 0xfe, 0xff, 0xff, 0xe6, 0x66,
    0x66, 0x66, 0x66, 0x6e, 0xff, 0xff, 0xff, 0xfa,
    0xaf, 0xff, 0xff, 0xfe, 0x20, 0x0, 0x0, 0x0,
    0x0, 0x2, 0xef, 0xff, 0xff, 0xfb, 0x8f, 0xff,
    0xff, 0xe2, 0x0, 0x0, 0x0, 0x0, 0x0, 0x0,
    0x2e, 0xff, 0xff, 0xf8, 0x1d, 0xff, 0xfd, 0x20,
    0x0, 0x0, 0x0, 0x0, 0x0, 0x0, 0x2, 0xdf,
    0xff, 0xd1, 0x0, 0x68, 0x60, 0x0, 0x0, 0x0,
    0x0, 0x0, 0x0, 0x0, 0x0, 0x6, 0x86, 0x0,

    /* U+E719 "" */
    0x0, 0x0, 0x0, 0x0, 0x0, 0x37, 0x9a, 0xa9,
    0x73, 0x0, 0x0, 0x0, 0x0, 0x0, 0x0, 0x0,
    0x0, 0x1, 0x8e, 0xff, 0xff, 0xff, 0xff, 0xe8,
    0x10, 0x0, 0x0, 0x0, 0x0, 0x0, 0x0, 0x7e,
    0xff, 0xff, 0xfe, 0xef, 0xff, 0xff, 0xe7, 0x0,
    0x0, 0x0, 0x0, 0x0, 0xb, 0xff, 0xfc, 0x62,
    0x0, 0x0, 0x26, 0xcf, 0xff, 0xa0, 0x0, 0x0,
    0x0, 0x0, 0xdf, 0xfd, 0x40, 0x0, 0x0, 0x0,
    0x0, 0x4, 0xdf, 0xfc, 0x0, 0x0, 0x0, 0xb,
    0xff, 0xb0, 0x0, 0x0, 0x45, 0x64, 0x0, 0x0,
    0xb, 0xff, 0xb0, 0x0, 0x0, 0x7f, 0xfb, 0x0,
    0x2, 0xaf, 0xff, 0xff, 0xfa, 0x20, 0x0, 0xbf,
    0xf7, 0x0, 0x1, 0xff, 0xd0, 0x0, 0x5f, 0xff,
    0xff, 0xff, 0xff, 0xf4, 0x0, 0xd, 0xff, 0x10,
    0x9, 0xff, 0x30, 0x4, 0xff, 0xfb, 0x53, 0x35,
    0xbf, 0xff, 0x40, 0x4, 0xff, 0x90, 0xf, 0xfb,
    0x0, 0x1f, 0xff, 0x50, 0x0, 0x0, 0x5, 0xff,
    0xf1, 0x0, 0xbf, 0xf0, 0x4f, 0xf5, 0x0, 0x9f,
    0xf6, 0x0, 0x0, 0x0, 0x0, 0x6f, 0xf9, 0x0,
    0x5f, 0xf4, 0x8f, 0xf1, 0x0, 0xef, 0xc0, 0x0,
    0x6c, 0xc6, 0x0, 0xc, 0xfe, 0x0, 0x1f, 0xf8,
    0xaf, 0xe0, 0x2, 0xff, 0x60, 0x6, 0xff, 0xff,
    0x60, 0x7, 0xff, 0x20, 0xe, 0xfa, 0xbf, 0xd0,
    0x4, 0xff, 0x40, 0xc, 0xff, 0xff, 0xc0, 0x4,
    0xff, 0x40, 0xd, 0xfb, 0xbf, 0xd0, 0x4, 0xff,
    0x40, 0xc, 0xff, 0xff, 0xc0, 0x4, 0xff, 0x40,
    0xd, 0xfb, 0xaf, 0xe0, 0x2, 0xff, 0x60, 0x6,
    0xff, 0xff, 0x60, 0x7, 0xff, 0x20, 0xe, 0xfa,
    0x8f, 0xf1, 0x0, 0xef, 0xc0, 0x0, 0x6c, 0xc6,
    0x0, 0xc, 0xfe, 0x0, 0x1f, 0xf8, 0x4f, 0xf5,
    0x0, 0x9f, 0xf6, 0x0, 0x0, 0x0, 0x0, 0x6f,
    0xf9, 0x0, 0x5f, 0xf4, 0xf, 0xfb, 0x0, 0x1f,
    0xff, 0x50, 0x0, 0x0, 0x5, 0xff, 0xf1, 0x0,
    0xbf, 0xf0, 0x9, 0xff, 0x30, 0x4, 0xff, 0xfb,
    0x52, 0x25, 0xbf, 0xff, 0x40, 0x3, 0xff, 0x90,
    0x1, 0xff, 0xd0, 0x0, 0x5f, 0xff, 0xff, 0xff,
    0xff, 0xf4, 0x0, 0xd, 0xff, 0x10, 0x0, 0x7f,
    0xfb, 0x0, 0x2, 0xaf, 0xff, 0xff, 0xfa, 0x20,
    0x0, 0xbf, 0xf7, 0x0, 0x0, 0xb, 0xff, 0xb0,
    0x0, 0x0, 0x46, 0x64, 0x0, 0x0, 0xb, 0xff,
    0xb0, 0x0, 0x0, 0x0, 0xdf, 0xfd, 0x40, 0x0,
    0x0, 0x0, 0x0, 0x4, 0xdf, 0xfc, 0x0, 0x0,
    0x0, 0x0, 0xb, 0xff, 0xfc, 0x62, 0x0, 0x0,
    0x26, 0xcf, 0xff, 0xa0, 0x0, 0x0, 0x0, 0x0,
    0x0, 0x7e, 0xff, 0xff, 0xfe, 0xef, 0xff, 0xff,
    0xe7, 0x0, 0x0, 0x0, 0x0, 0x0, 0x0, 0x1,
    0x8e, 0xff, 0xff, 0xff, 0xff, 0xe8, 0x10, 0x0,
    0x0, 0x0, 0x0, 0x0, 0x0, 0x0, 0x0, 0x37,
    0x9a, 0xa9, 0x73, 0x0, 0x0, 0x0, 0x0, 0x0,

    /* U+E82A "" */
    0x0, 0x0, 0x0, 0x0, 0x0, 0x0, 0x4c, 0xc5,
    0x0, 0x0, 0x0, 0x0, 0x0, 0x0, 0x0, 0x0,
    0x0, 0x0, 0x0, 0x6, 0xff, 0xff, 0x70, 0x0,
    0x0, 0x0, 0x0, 0x0, 0x0, 0x0, 0x0, 0x0,
    0x0, 0x6f, 0xff, 0xff, 0xf7, 0x0, 0x0, 0x0,
    0x0, 0x0, 0x0, 0x0, 0x0, 0x0, 0x5, 0xff,
    0xff, 0xff, 0xff, 0x70, 0x0, 0x0, 0x0, 0x0,
    0x0, 0x0, 0x0, 0x0, 0x5f, 0xff, 0xff, 0xff,
    0xff, 0xf7, 0x0, 0x0, 0x0, 0x0, 0x0, 0x0,
    0x0, 0x5, 0xff, 0xff, 0xff, 0xff, 0xff, 0xff,
    0x70, 0x0, 0x0, 0x0, 0x0, 0x0, 0x0, 0x5f,
    0xff, 0xff, 0xff, 0xff, 0xff, 0xff, 0xf6, 0x0,
    0x0, 0x0, 0x0, 0x0, 0x5, 0xff, 0xff, 0xff,
    0xf7, 0x6f, 0xff, 0xff, 0xff, 0x60, 0x0, 0x0,
    0x0, 0x0, 0x5f, 0xff, 0xff, 0xff, 0xc0, 0xb,
    0xff, 0xff, 0xff, 0xf6, 0x0, 0x0, 0x0, 0x5,
    0xff, 0xff, 0xff, 0xff, 0xc0, 0xa, 0xff, 0xff,
    0xff, 0xff, 0x60, 0x0, 0x0, 0x5f, 0xff, 0xff,
    0xff, 0xff, 0xc0, 0xa, 0xff, 0xff, 0xff, 0xff,
    0xf6, 0x0, 0x4, 0xff, 0xff, 0xff, 0xff, 0xff,
    0xc0, 0xa, 0xff, 0xff, 0xff, 0xff, 0xff, 0x60,
    0x2f, 0xff, 0xff, 0xff, 0xff, 0xff, 0xc0, 0xa,
    0xff, 0xff, 0xff, 0xff, 0xff, 0xf4, 0x9f, 0xff,
    0xff, 0xff, 0xff, 0xff, 0xc0, 0xa, 0xff, 0xff,
    0xff, 0xff, 0xff, 0xfa, 0x9f, 0xff, 0xff, 0xff,
    0xff, 0xff, 0xd0, 0xc, 0xff, 0xff, 0xff, 0xff,
    0xff, 0xfa, 0x2f, 0xff, 0xff, 0xff, 0xff, 0xff,
    0xfc, 0xbf, 0xff, 0xff, 0xff, 0xff, 0xff, 0xf4,
    0x4, 0xff, 0xff, 0xff, 0xff, 0xff, 0xff, 0xff,
    0xff, 0xff, 0xff, 0xff, 0xff, 0x60, 0x0, 0x5f,
    0xff, 0xff, 0xff, 0xff, 0xf1, 0x1e, 0xff, 0xff,
    0xff, 0xff, 0xf6, 0x0, 0x0, 0x5, 0xff, 0xff,
    0xff, 0xff, 0xd0, 0xb, 0xff, 0xff, 0xff, 0xff,
    0x60, 0x0, 0x0, 0x0, 0x5f, 0xff, 0xff, 0xff,
    0xf9, 0x8f, 0xff, 0xff, 0xff, 0xf6, 0x0, 0x0,
    0x0, 0x0, 0x5, 0xff, 0xff, 0xff, 0xff, 0xff,
    0xff, 0xff, 0xff, 0x60, 0x0, 0x0, 0x0, 0x0,
    0x0, 0x5f, 0xff, 0xff, 0xff, 0xff, 0xff, 0xff,
    0xf6, 0x0, 0x0, 0x0, 0x0, 0x0, 0x0, 0x5,
    0xff, 0xff, 0xff, 0xff, 0xff, 0xff, 0x70, 0x0,
    0x0, 0x0, 0x0, 0x0, 0x0, 0x0, 0x5f, 0xff,
    0xff, 0xff, 0xff, 0xf7, 0x0, 0x0, 0x0, 0x0,
    0x0, 0x0, 0x0, 0x0, 0x6, 0xff, 0xff, 0xff,
    0xff, 0x70, 0x0, 0x0, 0x0, 0x0, 0x0, 0x0,
    0x0, 0x0, 0x0, 0x6f, 0xff, 0xff, 0xf7, 0x0,
    0x0, 0x0, 0x0, 0x0, 0x0, 0x0, 0x0, 0x0,
    0x0, 0x6, 0xff, 0xff, 0x70, 0x0, 0x0, 0x0,
    0x0, 0x0, 0x0, 0x0, 0x0, 0x0, 0x0, 0x0,
    0x4b, 0xc5, 0x0, 0x0, 0x0, 0x0, 0x0, 0x0,

    /* U+E836 "" */
    0x0, 0x0, 0x0, 0x0, 0x0, 0x15, 0x78, 0x87,
    0x51, 0x0, 0x0, 0x0, 0x0, 0x0, 0x0, 0x0,
    0x0, 0x0, 0x5c, 0xff, 0xff, 0xff, 0xff, 0xc6,
    0x0, 0x0, 0x0, 0x0, 0x0, 0x0, 0x0, 0x4d,
    0xff, 0xff, 0xff, 0xff, 0xff, 0xff, 0xd4, 0x0,
    0x0, 0x0, 0x0, 0x0, 0x8, 0xff, 0xff, 0xa6,
    0x32, 0x23, 0x6a, 0xff, 0xff, 0x80, 0x0, 0x0,
    0x0, 0x0, 0xaf, 0xff, 0x91, 0x0, 0x0, 0x0,
    0x0, 0x19, 0xff, 0xfa, 0x0, 0x0, 0x0, 0x8,
    0xff, 0xe4, 0x0, 0x0, 0x0, 0x0, 0x0, 0x0,
    0x4e, 0xff, 0x80, 0x0, 0x0, 0x4f, 0xfe, 0x20,
    0x0, 0x0, 0x0, 0x0, 0x0, 0x0, 0x2, 0xef,
    0xf4, 0x0, 0x0, 0xdf, 0xf4, 0x0, 0x0, 0x0,
    0x0, 0x0, 0x0, 0x0, 0x0, 0x4f, 0xfd, 0x0,
    0x6, 0xff, 0x90, 0x0, 0x0, 0x0, 0x0, 0x0,
    0x0, 0x0, 0x0, 0x9, 0xff, 0x60, 0xc, 0xff,
    0x10, 0x0, 0x0, 0x0, 0x0, 0x0, 0x0, 0x0,
    0x0, 0x1, 0xff, 0xc0, 0x1f, 0xfa, 0x0, 0x0,
    0x0, 0x0, 0x0, 0x0, 0x0, 0x0, 0x0, 0x0,
    0xaf, 0xf1, 0x5f, 0xf6, 0x0, 0x0, 0x0, 0x0,
    0x0, 0x0, 0x0, 0x0, 0x0, 0x0, 0x6f, 0xf5,
    0x7f, 0xf3, 0x0, 0x0, 0x0, 0x0, 0x0, 0x0,
    0x0, 0x0, 0x0, 0x0, 0x3f, 0xf7, 0x8f, 0xf2,
    0x0, 0x0, 0x0, 0x0, 0x0, 0x0, 0x0, 0x0,
    0x0, 0x0, 0x2f, 0xf8, 0x8f, 0xf2, 0x0, 0x0,
    0x0, 0x0, 0x0, 0x0, 0x0, 0x0, 0x0, 0x0,
    0x2f, 0xf8, 0x7f, 0xf3, 0x0, 0x0, 0x0, 0x0,
    0x0, 0x0, 0x0, 0x0, 0x0, 0x0, 0x3f, 0xf7,
    0x5f, 0xf6, 0x0, 0x0, 0x0, 0x0, 0x0, 0x0,
    0x0, 0x0, 0x0, 0x0, 0x6f, 0xf5, 0x1f, 0xfa,
    0x0, 0x0, 0x0, 0x0, 0x0, 0x0, 0x0, 0x0,
    0x0, 0x0, 0xaf, 0xf1, 0xc, 0xff, 0x10, 0x0,
    0x0, 0x0, 0x0, 0x0, 0x0, 0x0, 0x0, 0x1,
    0xff, 0xc0, 0x6, 0xff, 0x90, 0x0, 0x0, 0x0,
    0x0, 0x0, 0x0, 0x0, 0x0, 0x9, 0xff, 0x50,
    0x0, 0xdf, 0xf4, 0x0, 0x0, 0x0, 0x0, 0x0,
    0x0, 0x0, 0x0, 0x4f, 0xfd, 0x0, 0x0, 0x4f,
    0xfe, 0x20, 0x0, 0x0, 0x0, 0x0, 0x0, 0x0,
    0x2, 0xef, 0xf4, 0x0, 0x0, 0x8, 0xff, 0xe4,
    0x0, 0x0, 0x0, 0x0, 0x0, 0x0, 0x4e, 0xff,
    0x80, 0x0, 0x0, 0x0, 0xaf, 0xff, 0x91, 0x0,
    0x0, 0x0, 0x0, 0x19, 0xff, 0xfa, 0x0, 0x0,
    0x0, 0x0, 0x8, 0xff, 0xff, 0xa6, 0x32, 0x23,
    0x6a, 0xff, 0xff, 0x80, 0x0, 0x0, 0x0, 0x0,
    0x0, 0x4d, 0xff, 0xff, 0xff, 0xff, 0xff, 0xff,
    0xd4, 0x0, 0x0, 0x0, 0x0, 0x0, 0x0, 0x0,
    0x6c, 0xff, 0xff, 0xff, 0xff, 0xc6, 0x0, 0x0,
    0x0, 0x0, 0x0, 0x0, 0x0, 0x0, 0x0, 0x15,
    0x78, 0x87, 0x51, 0x0, 0x0, 0x0, 0x0, 0x0,

    /* U+E846 "" */
    0x0, 0x0, 0x0, 0x11, 0x0, 0x0, 0x0, 0x0,
    0x0, 0x3d, 0xff, 0xc3, 0x0, 0x0, 0x0, 0x2,
    0xff, 0xff, 0xff, 0x20, 0x0, 0x0, 0x9, 0xff,
    0xbb, 0xff, 0x90, 0x0, 0x0, 0xc, 0xff, 0x0,
    0xff, 0xb0, 0x0, 0x0, 0xc, 0xfe, 0x0, 0xef,
    0xc0, 0x0, 0x0, 0xc, 0xfe, 0x0, 0xef, 0xc0,
    0x0, 0x0, 0xc, 0xfe, 0x0, 0xef, 0xc0, 0x0,
    0x0, 0xc, 0xfe, 0x0, 0xef, 0xc0, 0x0, 0x0,
    0xc, 0xfe, 0x0, 0xef, 0xc0, 0x0, 0x0, 0xc,
    0xff, 0xbb, 0xff, 0xc0, 0x0, 0x0, 0xc, 0xff,
    0xff, 0xff, 0xc0, 0x0, 0x0, 0xc, 0xff, 0xff,
    0xff, 0xc0, 0x0, 0x0, 0x3e, 0xff, 0xff, 0xff,
    0xe3, 0x0, 0x2, 0xff, 0xff, 0xff, 0xff, 0xff,
    0x20, 0xc, 0xff, 0xff, 0xff, 0xff, 0xff, 0xc0,
    0x3f, 0xff, 0xff, 0xff, 0xff, 0xff, 0xf3, 0x7f,
    0xff, 0xff, 0xff, 0xff, 0xff, 0xf7, 0x9f, 0xff,
    0xff, 0xff, 0xff, 0xff, 0xf8, 0x8f, 0xff, 0xff,
    0xff, 0xff, 0xff, 0xf8, 0x5f, 0xff, 0xff, 0xff,
    0xff, 0xff, 0xf4, 0xe, 0xff, 0xff, 0xff, 0xff,
    0xff, 0xe0, 0x5, 0xff, 0xff, 0xff, 0xff, 0xff,
    0x50, 0x0, 0x6f, 0xff, 0xff, 0xff, 0xf6, 0x0,
    0x0, 0x3, 0xbf, 0xff, 0xfb, 0x30, 0x0, 0x0,
    0x0, 0x1, 0x33, 0x0, 0x0, 0x0,

    /* U+E85D "" */
    0x0, 0x0, 0x0, 0x0, 0x0, 0x8, 0xcd, 0xa2,
    0x0, 0x0, 0x0, 0x0, 0x0, 0x0, 0x0, 0x0,
    0x0, 0x0, 0xcf, 0xff, 0xfe, 0x20, 0x0, 0x0,
    0x0, 0x0, 0x0, 0x3, 0x33, 0x33, 0x37, 0xff,
    0x97, 0xff, 0xb3, 0x33, 0x33, 0x31, 0x0, 0x5,
    0xff, 0xff, 0xff, 0xff, 0xff, 0x0, 0xbf, 0xff,
    0xff, 0xff, 0xff, 0x80, 0xf, 0xff, 0xff, 0xff,
    0xff, 0xff, 0xa8, 0xff, 0xff, 0xff, 0xff, 0xff,
    0xf3, 0x3f, 0xff, 0xff, 0xff, 0xff, 0xff, 0xff,
    0xff, 0xff, 0xff, 0xff, 0xff, 0xf6, 0x3f, 0xff,
    0xff, 0xff, 0xff, 0xff, 0xff, 0xff, 0xff, 0xff,
    0xff, 0xff, 0xf7, 0x3f, 0xff, 0xff, 0xff, 0xff,
    0xff, 0xff, 0xff, 0xff, 0xff, 0xff, 0xff, 0xf7,
    0x3f, 0xff, 0xff, 0xe7, 0x77, 0x77, 0x77, 0x77,
    0x77, 0x7d, 0xff, 0xff, 0xf7, 0x3f, 0xff, 0xff,
    0x70, 0x0, 0x0, 0x0, 0x0, 0x0, 0x4, 0xff,
    0xff, 0xf7, 0x3f, 0xff, 0xff, 0xc2, 0x11, 0x11,
    0x11, 0x11, 0x11, 0x19, 0xff, 0xff, 0xf7, 0x3f,
    0xff, 0xff, 0xff, 0xff, 0xff, 0xff, 0xff, 0xff,
    0xff, 0xff, 0xff, 0xf7, 0x3f, 0xff, 0xff, 0xff,
    0xff, 0xff, 0xff, 0xff, 0xff, 0xff, 0xff, 0xff,
    0xf7, 0x3f, 0xff, 0xff, 0xff, 0xff, 0xff, 0xff,
    0xff, 0xff, 0xff, 0xff, 0xff, 0xf7, 0x3f, 0xff,
    0xff, 0xa0, 0x0, 0x0, 0x0, 0x0, 0x0, 0x7,
    0xff, 0xff, 0xf7, 0x3f, 0xff, 0xff, 0xa0, 0x0,
    0x0, 0x0, 0x0, 0x0, 0x7, 0xff, 0xff, 0xf7,
    0x3f, 0xff, 0xff, 0xff, 0xff, 0xff, 0xff, 0xff,
    0xff, 0xff, 0xff, 0xff, 0xf7, 0x3f, 0xff, 0xff,
    0xff, 0xff, 0xff, 0xff, 0xff, 0xff, 0xff, 0xff,
    0xff, 0xf7, 0x3f, 0xff, 0xff, 0xff, 0xff, 0xff,
    0xff, 0xff, 0xff, 0xff, 0xff, 0xff, 0xf7, 0x3f,
    0xff, 0xff, 0xc2, 0x11, 0x11, 0x11, 0x2a, 0xff,
    0xff, 0xff, 0xff, 0xf7, 0x3f, 0xff, 0xff, 0x70,
    0x0, 0x0, 0x0, 0x4, 0xff, 0xff, 0xff, 0xff,
    0xf7, 0x3f, 0xff, 0xff, 0xe7, 0x77, 0x77, 0x77,
    0x7d, 0xff, 0xff, 0xff, 0xff, 0xf7, 0x3f, 0xff,
    0xff, 0xff, 0xff, 0xff, 0xff, 0xff, 0xff, 0xff,
    0xff, 0xff, 0xf7, 0x3f, 0xff, 0xff, 0xff, 0xff,
    0xff, 0xff, 0xff, 0xff, 0xff, 0xff, 0xff, 0xf7,
    0x3f, 0xff, 0xff, 0xff, 0xff, 0xff, 0xff, 0xff,
    0xff, 0xff, 0xff, 0xff, 0xf6, 0xf, 0xff, 0xff,
    0xff, 0xff, 0xff, 0xff, 0xff, 0xff, 0xff, 0xff,
    0xff, 0xf3, 0x5, 0xff, 0xff, 0xff, 0xff, 0xff,
    0xff, 0xff, 0xff, 0xff, 0xff, 0xff, 0x80, 0x0,
    0x3, 0x33, 0x33, 0x33, 0x33, 0x33, 0x33, 0x33,
    0x33, 0x33, 0x31, 0x0,

    /* U+E866 "" */
    0x0, 0x35, 0x55, 0x55, 0x55, 0x55, 0x55, 0x55,
    0x53, 0x0, 0xb, 0xff, 0xff, 0xff, 0xff, 0xff,
    0xff, 0xff, 0xff, 0xb0, 0x6f, 0xff, 0xff, 0xff,
    0xff, 0xff, 0xff, 0xff, 0xff, 0xf6, 0x8f, 0xff,
    0xff, 0xff, 0xff, 0xff, 0xff, 0xff, 0xff, 0xf8,
    0x9f, 0xff, 0xff, 0xff, 0xff, 0xff, 0xff, 0xff,
    0xff, 0xf9, 0x9f, 0xff, 0xff, 0xff, 0xff, 0xff,
    0xff, 0xff, 0xff, 0xf9, 0x9f, 0xff, 0xff, 0xff,
    0xff, 0xff, 0xff, 0xff, 0xff, 0xf9, 0x9f, 0xff,
    0xff, 0xff, 0xff, 0xff, 0xff, 0xff, 0xff, 0xf9,
    0x9f, 0xff, 0xff, 0xff, 0xff, 0xff, 0xff, 0xff,
    0xff, 0xf9, 0x9f, 0xff, 0xff, 0xff, 0xff, 0xff,
    0xff, 0xff, 0xff, 0xf9, 0x9f, 0xff, 0xff, 0xff,
    0xff, 0xff, 0xff, 0xff, 0xff, 0xf9, 0x9f, 0xff,
    0xff, 0xff, 0xff, 0xff, 0xff, 0xff, 0xff, 0xf9,
    0x9f, 0xff, 0xff, 0xff, 0xff, 0xff, 0xff, 0xff,
    0xff, 0xf9, 0x9f, 0xff, 0xff, 0xff, 0xff, 0xff,
    0xff, 0xff, 0xff, 0xf9, 0x9f, 0xff, 0xff, 0xff,
    0xff, 0xff, 0xff, 0xff, 0xff, 0xf9, 0x9f, 0xff,
    0xff, 0xff, 0xff, 0xff, 0xff, 0xff, 0xff, 0xf9,
    0x9f, 0xff, 0xff, 0xff, 0xff, 0xff, 0xff, 0xff,
    0xff, 0xf9, 0x9f, 0xff, 0xff, 0xff, 0xff, 0xff,
    0xff, 0xff, 0xff, 0xf9, 0x9f, 0xff, 0xff, 0xff,
    0xfe, 0xef, 0xff, 0xff, 0xff, 0xf9, 0x9f, 0xff,
    0xff, 0xee, 0xff, 0xff, 0xee, 0xff, 0xff, 0xf9,
    0x9f, 0xff, 0xee, 0xff, 0xff, 0xff, 0xff, 0xee,
    0xff, 0xf9, 0x8f, 0xff, 0xff, 0xff, 0xe7, 0x7e,
    0xff, 0xff, 0xff, 0xf8, 0x4f, 0xff, 0xff, 0xc5,
    0x0, 0x0, 0x5c, 0xff, 0xff, 0xf4, 0x6, 0xee,
    0x93, 0x0, 0x0, 0x0, 0x0, 0x39, 0xee, 0x60,
    0x0, 0x0, 0x0, 0x0, 0x0, 0x0, 0x0, 0x0,
    0x0, 0x0,

    /* U+E868 "" */
    0x0, 0x0, 0x8, 0x80, 0x0, 0x0, 0x0, 0x9,
    0x90, 0x0, 0x0, 0x0, 0x0, 0x2f, 0xfa, 0x0,
    0x0, 0x0, 0xbf, 0xf2, 0x0, 0x0, 0x0, 0x0,
    0xa, 0xff, 0xa5, 0x88, 0x5b, 0xff, 0x90, 0x0,
    0x0, 0x0, 0x0, 0x0, 0xbf, 0xff, 0xff, 0xff,
    0xfa, 0x0, 0x0, 0x0, 0x0, 0x0, 0x4, 0xef,
    0xff, 0xff, 0xff, 0xff, 0x40, 0x0, 0x0, 0x0,
    0x0, 0x3f, 0xff, 0xff, 0xff, 0xff, 0xff, 0xf4,
    0x0, 0x0, 0x26, 0x66, 0xdf, 0xff, 0xff, 0xff,
    0xff, 0xff, 0xfe, 0x55, 0x51, 0xdf, 0xff, 0xff,
    0xff, 0xff, 0xff, 0xff, 0xff, 0xff, 0xff, 0xfd,
    0xaf, 0xff, 0xff, 0xff, 0xff, 0xff, 0xff, 0xff,
    0xff, 0xff, 0xfa, 0x0, 0x1f, 0xff, 0xff, 0xd6,
    0x66, 0x6d, 0xff, 0xff, 0xf1, 0x0, 0x0, 0x2f,
    0xff, 0xff, 0x60, 0x0, 0x6, 0xff, 0xff, 0xf1,
    0x0, 0x0, 0x2f, 0xff, 0xff, 0xb2, 0x22, 0x2b,
    0xff, 0xff, 0xf2, 0x0, 0x7d, 0xdf, 0xff, 0xff,
    0xff, 0xff, 0xff, 0xff, 0xff, 0xfd, 0xd7, 0xef,
    0xff, 0xff, 0xff, 0xff, 0xff, 0xff, 0xff, 0xff,
    0xff, 0xfe, 0x5a, 0xbf, 0xff, 0xff, 0xff, 0xff,
    0xff, 0xff, 0xff, 0xfb, 0xa4, 0x0, 0x2f, 0xff,
    0xff, 0x90, 0x0, 0x9, 0xff, 0xff, 0xf2, 0x0,
    0x0, 0x1f, 0xff, 0xff, 0x60, 0x0, 0x6, 0xff,
    0xff, 0xf1, 0x0, 0x26, 0x6f, 0xff, 0xff, 0xf9,
    0x99, 0x9f, 0xff, 0xff, 0xf6, 0x62, 0xdf, 0xff,
    0xff, 0xff, 0xff, 0xff, 0xff, 0xff, 0xff, 0xff,
    0xfd, 0xaf, 0xff, 0xff, 0xff, 0xff, 0xff, 0xff,
    0xff, 0xff, 0xff, 0xfa, 0x0, 0x11, 0xcf, 0xff,
    0xff, 0xff, 0xff, 0xff, 0xfc, 0x11, 0x0, 0x0,
    0x0, 0x2f, 0xff, 0xff, 0xff, 0xff, 0xff, 0xf2,
    0x0, 0x0, 0x0, 0x0, 0x2, 0xdf, 0xff, 0xff,
    0xff, 0xfd, 0x20, 0x0, 0x0, 0x0, 0x0, 0x0,
    0x7, 0xdf, 0xff, 0xfd, 0x70, 0x0, 0x0, 0x0,
    0x0, 0x0, 0x0, 0x0, 0x1, 0x33, 0x10, 0x0,
    0x0, 0x0, 0x0,

    /* U+E869 "" */
    0x0, 0x0, 0x0, 0x1, 0x33, 0x10, 0x0, 0x0,
    0x0, 0x0, 0x0, 0x0, 0x0, 0x0, 0x0, 0x2d,
    0xff, 0xff, 0xc5, 0x0, 0x0, 0x0, 0x0, 0x0,
    0x0, 0x0, 0x0, 0x6, 0xff, 0xff, 0xff, 0xfc,
    0x10, 0x0, 0x0, 0x0, 0x0, 0x0, 0x0, 0x0,
    0xd, 0xff, 0xee, 0xff, 0xfd, 0x0, 0x0, 0x0,
    0x0, 0x0, 0x0, 0x0, 0x0, 0x1d, 0xff, 0xff,
    0xff, 0xfa, 0x0, 0x0, 0x0, 0x0, 0x0, 0x15,
    0x0, 0x0, 0x1d, 0xff, 0xff, 0xff, 0xf3, 0x0,
    0x0, 0x0, 0x0, 0xd, 0xfb, 0x0, 0x0, 0x1d,
    0xff, 0xef, 0xff, 0x90, 0x0, 0x0, 0x0, 0x2,
    0xff, 0xfb, 0x0, 0x2, 0xef, 0xfe, 0xff, 0xfd,
    0x0, 0x0, 0x0, 0x0, 0x4f, 0xff, 0xfb, 0x2,
    0xef, 0xfd, 0xff, 0xff, 0xe0, 0x0, 0x0, 0x0,
    0x3, 0xff, 0xef, 0xfc, 0xef, 0xfd, 0xff, 0xff,
    0xfe, 0x0, 0x0, 0x0, 0x0, 0x2f, 0xfe, 0xff,
    0xff, 0xfd, 0xff, 0xff, 0xff, 0xc0, 0x0, 0x0,
    0x0, 0x0, 0xdf, 0xff, 0xff, 0xfc, 0xff, 0xff,
    0xff, 0xf8, 0x0, 0x0, 0x0, 0x0, 0x7, 0xff,
    0xef, 0xed, 0xff, 0xff, 0xff, 0xff, 0xe3, 0x0,
    0x0, 0x0, 0x0, 0xd, 0xff, 0xff, 0xff, 0xff,
    0xff, 0xff, 0xff, 0xe3, 0x0, 0x0, 0x0, 0x0,
    0x2e, 0xff, 0xff, 0xff, 0xff, 0xff, 0xff, 0xff,
    0xe3, 0x0, 0x0, 0x0, 0x0, 0x1c, 0xff, 0xff,
    0xff, 0xff, 0xff, 0xff, 0xff, 0xe3, 0x0, 0x0,
    0x0, 0x0, 0x4, 0xae, 0xff, 0xc9, 0xff, 0xff,
    0xff, 0xff, 0xf3, 0x0, 0x0, 0x0, 0x0, 0x0,
    0x0, 0x0, 0x4, 0xff, 0xff, 0xfe, 0xff, 0xf3,
    0x0, 0x0, 0x0, 0x0, 0x0, 0x0, 0x0, 0x4,
    0xff, 0xff, 0xfe, 0xff, 0xf3, 0x0, 0x0, 0x0,
    0x0, 0x0, 0x0, 0x0, 0x4, 0xff, 0xff, 0xfe,
    0xff, 0xe1, 0x0, 0x0, 0x0, 0x0, 0x0, 0x0,
    0x0, 0x5, 0xff, 0xff, 0xfe, 0xff, 0x60, 0x0,
    0x0, 0x0, 0x0, 0x0, 0x0, 0x0, 0x5, 0xff,
    0xff, 0xcf, 0xf8, 0x0, 0x0, 0x0, 0x0, 0x0,
    0x0, 0x0, 0x0, 0x5, 0xff, 0xff, 0xff, 0x50,
    0x0, 0x0, 0x0, 0x0, 0x0, 0x0, 0x0, 0x0,
    0x5, 0xff, 0xff, 0xb0, 0x0, 0x0, 0x0, 0x0,
    0x0, 0x0, 0x0, 0x0, 0x0, 0x2, 0x89, 0x50,
    0x0,

    /* U+E86B "" */
    0x0, 0x0, 0x0, 0x0, 0x0, 0x0, 0xcc, 0x10,
    0x0, 0x0, 0x0, 0x0, 0x0, 0x0, 0x0, 0x0,
    0x0, 0x0, 0x9, 0xff, 0xa0, 0x0, 0x0, 0x0,
    0x0, 0x0, 0x0, 0x0, 0x0, 0x0, 0x0, 0x3f,
    0xff, 0xf4, 0x0, 0x0, 0x0, 0x0, 0x0, 0x0,
    0x0, 0x0, 0x0, 0x0, 0xdf, 0xff, 0xfd, 0x0,
    0x0, 0x0, 0x0, 0x0, 0x0, 0x0, 0x0, 0x0,
    0x7, 0xff, 0xff, 0xff, 0x80, 0x0, 0x0, 0x0,
    0x0, 0x0, 0x0, 0x0, 0x0, 0x2f, 0xff, 0xff,
    0xff, 0xf2, 0x0, 0x0, 0x0, 0x0, 0x0, 0x0,
    0x0, 0x0, 0xbf, 0xff, 0xff, 0xff, 0xfc, 0x0,
    0x0, 0x0, 0x0, 0x0, 0x0, 0x0, 0x5, 0xff,
    0xff, 0xff, 0xff, 0xff, 0x60, 0x0, 0x0, 0x0,
    0x0, 0x0, 0x0, 0x1e, 0xff, 0xff, 0xff, 0xff,
    0xff, 0xe1, 0x0, 0x0, 0x0, 0x0, 0x0, 0x0,
    0x9f, 0xff, 0xff, 0xff, 0xff, 0xff, 0xfa, 0x0,
    0x0, 0x0, 0x0, 0x0, 0x4, 0xff, 0xff, 0xff,
    0xff, 0xff, 0xff, 0xff, 0x40, 0x0, 0x0, 0x0,
    0x0, 0xd, 0xff, 0xff, 0xff, 0xff, 0xff, 0xff,
    0xff, 0xd0, 0x0, 0x0, 0x0, 0x0, 0x8f, 0xff,
    0xff, 0xff, 0xff, 0xff, 0xff, 0xff, 0xf8, 0x0,
    0x0, 0x0, 0x2, 0xff, 0xff, 0xff, 0xff, 0xff,
    0xff, 0xff, 0xff, 0xff, 0x20, 0x0, 0x0, 0xc,
    0xff, 0xff, 0xff, 0xff, 0xff, 0xff, 0xff, 0xff,
    0xff, 0xc0, 0x0, 0x0, 0x6f, 0xff, 0xff, 0xff,
    0xff, 0xff, 0xff, 0xff, 0xff, 0xff, 0xf6, 0x0,
    0x1, 0xef, 0xff, 0xff, 0xff, 0xff, 0xff, 0xff,
    0xff, 0xff, 0xff, 0xfe, 0x10, 0xa, 0xff, 0xff,
    0xff, 0xff, 0xff, 0xff, 0xff, 0xff, 0xff, 0xff,
    0xff, 0xa0, 0x4f, 0xff, 0xff, 0xff, 0xff, 0xff,
    0xff, 0xff, 0xff, 0xff, 0xff, 0xff, 0xf4, 0xaf,
    0xff, 0xff, 0xff, 0xff, 0xff, 0xff, 0xff, 0xff,
    0xff, 0xff, 0xff, 0xfa, 0x4d, 0xee, 0xee, 0xee,
    0xee, 0xee, 0xee, 0xee, 0xee, 0xee, 0xee, 0xee,
    0xd4,

    /* U+E86C "" */
    0x0, 0x0, 0x0, 0x0, 0x0, 0x15, 0x78, 0x87,
    0x51, 0x0, 0x0, 0x0, 0x0, 0x0, 0x0, 0x0,
    0x0, 0x0, 0x5c, 0xff, 0xff, 0xff, 0xff, 0xc6,
    0x0, 0x0, 0x0, 0x0, 0x0, 0x0, 0x0, 0x4d,
    0xff, 0xff, 0xff, 0xff, 0xff, 0xff, 0xd4, 0x0,
    0x0, 0x0, 0x0, 0x0, 0x8, 0xff, 0xff, 0xff,
    0xff, 0xff, 0xff, 0xff, 0xff, 0x80, 0x0, 0x0,
    0x0, 0x0, 0xaf, 0xff, 0xff, 0xff, 0xff, 0xff,
    0xff, 0xff, 0xff, 0xfa, 0x0, 0x0, 0x0, 0x8,
    0xff, 0xff, 0xff, 0xff, 0xff, 0xff, 0xff, 0xff,
    0xff, 0xff, 0x80, 0x0, 0x0, 0x4f, 0xff, 0xff,
    0xff, 0xff, 0xff, 0xff, 0xff, 0xff, 0xff, 0xff,
    0xf4, 0x0, 0x0, 0xdf, 0xff, 0xff, 0xff, 0xff,
    0xff, 0xff, 0xff, 0xff, 0xff, 0xff, 0xfd, 0x0,
    0x6, 0xff, 0xff, 0xff, 0xff, 0xff, 0xff, 0xff,
    0xff, 0xff, 0xff, 0xff, 0xff, 0x60, 0xc, 0xff,
    0xff, 0xff, 0xff, 0xff, 0xff, 0xff, 0xff, 0xe7,
    0xbf, 0xff, 0xff, 0xc0, 0x1f, 0xff, 0xff, 0xff,
    0xff, 0xff, 0xff, 0xff, 0xfe, 0x20, 0xf, 0xff,
    0xff, 0xf1, 0x5f, 0xff, 0xff, 0xff, 0xff, 0xff,
    0xff, 0xff, 0xe2, 0x0, 0x4f, 0xff, 0xff, 0xf5,
    0x7f, 0xff, 0xff, 0xff, 0xff, 0xff, 0xff, 0xfe,
    0x20, 0x3, 0xff, 0xff, 0xff, 0xf7, 0x8f, 0xff,
    0xff, 0xf8, 0x4d, 0xff, 0xff, 0xe2, 0x0, 0x3f,
    0xff, 0xff, 0xff, 0xf8, 0x8f, 0xff, 0xff, 0xf0,
    0x1, 0xdf, 0xfe, 0x20, 0x3, 0xff, 0xff, 0xff,
    0xff, 0xf8, 0x7f, 0xff, 0xff, 0xf5, 0x0, 0x1d,
    0xe2, 0x0, 0x3f, 0xff, 0xff, 0xff, 0xff, 0xf7,
    0x5f, 0xff, 0xff, 0xff, 0x50, 0x1, 0x20, 0x3,
    0xff, 0xff, 0xff, 0xff, 0xff, 0xf5, 0x1f, 0xff,
    0xff, 0xff, 0xf5, 0x0, 0x0, 0x3f, 0xff, 0xff,
    0xff, 0xff, 0xff, 0xf1, 0xc, 0xff, 0xff, 0xff,
    0xff, 0x50, 0x3, 0xff, 0xff, 0xff, 0xff, 0xff,
    0xff, 0xc0, 0x6, 0xff, 0xff, 0xff, 0xff, 0xf7,
    0x6f, 0xff, 0xff, 0xff, 0xff, 0xff, 0xff, 0x50,
    0x0, 0xdf, 0xff, 0xff, 0xff, 0xff, 0xff, 0xff,
    0xff, 0xff, 0xff, 0xff, 0xfd, 0x0, 0x0, 0x4f,
    0xff, 0xff, 0xff, 0xff, 0xff, 0xff, 0xff, 0xff,
    0xff, 0xff, 0xf4, 0x0, 0x0, 0x8, 0xff, 0xff,
    0xff, 0xff, 0xff, 0xff, 0xff, 0xff, 0xff, 0xff,
    0x80, 0x0, 0x0, 0x0, 0xaf, 0xff, 0xff, 0xff,
    0xff, 0xff, 0xff, 0xff, 0xff, 0xfa, 0x0, 0x0,
    0x0, 0x0, 0x8, 0xff, 0xff, 0xff, 0xff, 0xff,
    0xff, 0xff, 0xff, 0x80, 0x0, 0x0, 0x0, 0x0,
    0x0, 0x4d, 0xff, 0xff, 0xff, 0xff, 0xff, 0xff,
    0xd4, 0x0, 0x0, 0x0, 0x0, 0x0, 0x0, 0x0,
    0x6c, 0xff, 0xff, 0xff, 0xff, 0xc6, 0x0, 0x0,
    0x0, 0x0, 0x0, 0x0, 0x0, 0x0, 0x0, 0x15,
    0x78, 0x87, 0x51, 0x0, 0x0, 0x0, 0x0, 0x0,

    /* U+E86F "" */
    0x0, 0x0, 0x0, 0x4, 0xc6, 0x0, 0x0, 0x0,
    0x0, 0x5b, 0x40, 0x0, 0x0, 0x0, 0x0, 0x0,
    0x0, 0x4f, 0xfe, 0x0, 0x0, 0x0, 0x0, 0xdf,
    0xf4, 0x0, 0x0, 0x0, 0x0, 0x0, 0x4, 0xff,
    0xf7, 0x0, 0x0, 0x0, 0x0, 0x6f, 0xff, 0x40,
    0x0, 0x0, 0x0, 0x0, 0x4f, 0xff, 0x70, 0x0,
    0x0, 0x0, 0x0, 0x7, 0xff, 0xf4, 0x0, 0x0,
    0x0, 0x5, 0xff, 0xf7, 0x0, 0x0, 0x0, 0x0,
    0x0, 0x0, 0x7f, 0xff, 0x40, 0x0, 0x0, 0x5f,
    0xff, 0x70, 0x0, 0x0, 0x0, 0x0, 0x0, 0x0,
    0x7, 0xff, 0xf4, 0x0, 0x5, 0xff, 0xf7, 0x0,
    0x0, 0x0, 0x0, 0x0, 0x0, 0x0, 0x0, 0x7f,
    0xff, 0x50, 0x1f, 0xff, 0x70, 0x0, 0x0, 0x0,
    0x0, 0x0, 0x0, 0x0, 0x0, 0x7, 0xff, 0xf0,
    0xe, 0xff, 0xb0, 0x0, 0x0, 0x0, 0x0, 0x0,
    0x0, 0x0, 0x0, 0xa, 0xff, 0xe0, 0x2, 0xef,
    0xfb, 0x0, 0x0, 0x0, 0x0, 0x0, 0x0, 0x0,
    0x0, 0xbf, 0xfe, 0x20, 0x0, 0x2e, 0xff, 0xb0,
    0x0, 0x0, 0x0, 0x0, 0x0, 0x0, 0xb, 0xff,
    0xe2, 0x0, 0x0, 0x2, 0xef, 0xfb, 0x0, 0x0,
    0x0, 0x0, 0x0, 0x0, 0xbf, 0xfe, 0x20, 0x0,
    0x0, 0x0, 0x2e, 0xff, 0xb0, 0x0, 0x0, 0x0,
    0x0, 0xb, 0xff, 0xe2, 0x0, 0x0, 0x0, 0x0,
    0x2, 0xef, 0xf9, 0x0, 0x0, 0x0, 0x0, 0xaf,
    0xfe, 0x20, 0x0, 0x0, 0x0, 0x0, 0x0, 0x2e,
    0xfc, 0x0, 0x0, 0x0, 0x0, 0xdf, 0xe2, 0x0,
    0x0, 0x0, 0x0, 0x0, 0x0, 0x1, 0x72, 0x0,
    0x0, 0x0, 0x0, 0x38, 0x20, 0x0, 0x0, 0x0,

    /* U+E873 "" */
    0x3, 0x89, 0x99, 0x99, 0x99, 0x99, 0x87, 0x10,
    0x0, 0x0, 0x0, 0x4f, 0xff, 0xff, 0xff, 0xff,
    0xff, 0xff, 0xe3, 0x0, 0x0, 0x0, 0xcf, 0xff,
    0xff, 0xff, 0xff, 0xff, 0xff, 0xfe, 0x20, 0x0,
    0x0, 0xef, 0xff, 0xff, 0xff, 0xff, 0xff, 0xbd,
    0xff, 0xe2, 0x0, 0x0, 0xef, 0xff, 0xff, 0xff,
    0xff, 0xff, 0xa1, 0xdf, 0xfe, 0x20, 0x0, 0xef,
    0xff, 0xff, 0xff, 0xff, 0xff, 0xa0, 0x1d, 0xff,
    0xe2, 0x0, 0xef, 0xff, 0xff, 0xff, 0xff, 0xff,
    0xa0, 0x1, 0xdf, 0xfe, 0x20, 0xef, 0xff, 0xff,
    0xff, 0xff, 0xff, 0xa0, 0x0, 0x1d, 0xff, 0xe1,
    0xef, 0xff, 0xff, 0xff, 0xff, 0xff, 0xb0, 0x0,
    0x1, 0xdf, 0xf9, 0xef, 0xff, 0xff, 0xff, 0xff,
    0xff, 0xf9, 0x77, 0x77, 0x9f, 0xfc, 0xef, 0xff,
    0xff, 0xff, 0xff, 0xff, 0xff, 0xff, 0xff, 0xff,
    0xfc, 0xef, 0xff, 0xff, 0xff, 0xff, 0xff, 0xff,
    0xff, 0xff, 0xff, 0xfc, 0xef, 0xff, 0xff, 0xff,
    0xff, 0xff, 0xff, 0xff, 0xff, 0xff, 0xfc, 0xef,
    0xff, 0xff, 0xfe, 0xee, 0xee, 0xee, 0xef, 0xff,
    0xff, 0xfc, 0xef, 0xff, 0xfd, 0x0, 0x0, 0x0,
    0x0, 0x1, 0xef, 0xff, 0xfc, 0xef, 0xff, 0xfd,
    0x0, 0x0, 0x0, 0x0, 0x0, 0xef, 0xff, 0xfc,
    0xef, 0xff, 0xff, 0xed, 0xdd, 0xdd, 0xdd, 0xdf,
    0xff, 0xff, 0xfc, 0xef, 0xff, 0xff, 0xff, 0xff,
    0xff, 0xff, 0xff, 0xff, 0xff, 0xfc, 0xef, 0xff,
    0xff, 0xff, 0xff, 0xff, 0xff, 0xff, 0xff, 0xff,
    0xfc, 0xef, 0xff, 0xff, 0x43, 0x33, 0x33, 0x33,
    0x35, 0xff, 0xff, 0xfc, 0xef, 0xff, 0xfb, 0x0,
    0x0, 0x0, 0x0, 0x0, 0xcf, 0xff, 0xfc, 0xef,
    0xff, 0xfe, 0x42, 0x22, 0x22, 0x22, 0x24, 0xff,
    0xff, 0xfc, 0xef, 0xff, 0xff, 0xff, 0xff, 0xff,
    0xff, 0xff, 0xff, 0xff, 0xfc, 0xef, 0xff, 0xff,
    0xff, 0xff, 0xff, 0xff, 0xff, 0xff, 0xff, 0xfc,
    0xef, 0xff, 0xff, 0xff, 0xff, 0xff, 0xff, 0xff,
    0xff, 0xff, 0xfc, 0xcf, 0xff, 0xff, 0xff, 0xff,
    0xff, 0xff, 0xff, 0xff, 0xff, 0xfa, 0x4f, 0xff,
    0xff, 0xff, 0xff, 0xff, 0xff, 0xff, 0xff, 0xff,
    0xf3, 0x3, 0x89, 0x99, 0x99, 0x99, 0x99, 0x99,
    0x99, 0x99, 0x97, 0x20,

    /* U+E87A "" */
    0x0, 0x0, 0x0, 0x0, 0x0, 0x15, 0x78, 0x87,
    0x51, 0x0, 0x0, 0x0, 0x0, 0x0, 0x0, 0x0,
    0x0, 0x0, 0x5c, 0xff, 0xff, 0xff, 0xff, 0xc6,
    0x0, 0x0, 0x0, 0x0, 0x0, 0x0, 0x0, 0x4d,
    0xff, 0xff, 0xff, 0xff, 0xff, 0xff, 0xd4, 0x0,
    0x0, 0x0, 0x0, 0x0, 0x8, 0xff, 0xff, 0xff,
    0xff, 0xff, 0xff, 0xff, 0xff, 0x80, 0x0, 0x0,
    0x0, 0x0, 0xaf, 0xff, 0xff, 0xff, 0xff, 0xff,
    0xff, 0xff, 0xff, 0xfa, 0x0, 0x0, 0x0, 0x8,
    0xff, 0xff, 0xff, 0xff, 0xff, 0xff, 0xff, 0xff,
    0xff, 0xff, 0x80, 0x0, 0x0, 0x4f, 0xff, 0xff,
    0xff, 0xff, 0xff, 0xff, 0xff, 0xff, 0xff, 0xff,
    0xf4, 0x0, 0x0, 0xdf, 0xff, 0xff, 0xff, 0xff,
    0xff, 0xff, 0xff, 0xff, 0xff, 0xff, 0xfd, 0x0,
    0x6, 0xff, 0xff, 0xff, 0xff, 0xff, 0xff, 0xff,
    0xfc, 0x8b, 0xff, 0xff, 0xff, 0x60, 0xc, 0xff,
    0xff, 0xff, 0xff, 0xff, 0xfe, 0xa6, 0x10, 0x8,
    0xff, 0xff, 0xff, 0xc0, 0x1f, 0xff, 0xff, 0xff,
    0xff, 0xfa, 0x30, 0x0, 0x0, 0xc, 0xff, 0xff,
    0xff, 0xf1, 0x5f, 0xff, 0xff, 0xff, 0xff, 0xa0,
    0x0, 0x0, 0x0, 0x1f, 0xff, 0xff, 0xff, 0xf5,
    0x7f, 0xff, 0xff, 0xff, 0xff, 0x30, 0x3, 0x10,
    0x0, 0x6f, 0xff, 0xff, 0xff, 0xf7, 0x8f, 0xff,
    0xff, 0xff, 0xfe, 0x0, 0x8f, 0xf1, 0x0, 0xaf,
    0xff, 0xff, 0xff, 0xf8, 0x8f, 0xff, 0xff, 0xff,
    0xfa, 0x0, 0xaf, 0xf3, 0x0, 0xef, 0xff, 0xff,
    0xff, 0xf8, 0x7f, 0xff, 0xff, 0xff, 0xf5, 0x0,
    0x2a, 0x80, 0x3, 0xff, 0xff, 0xff, 0xff, 0xf7,
    0x5f, 0xff, 0xff, 0xff, 0xf1, 0x0, 0x0, 0x0,
    0xa, 0xff, 0xff, 0xff, 0xff, 0xf5, 0x1f, 0xff,
    0xff, 0xff, 0xc0, 0x0, 0x0, 0x3, 0xaf, 0xff,
    0xff, 0xff, 0xff, 0xf1, 0xc, 0xff, 0xff, 0xff,
    0x70, 0x1, 0x5a, 0xef, 0xff, 0xff, 0xff, 0xff,
    0xff, 0xc0, 0x6, 0xff, 0xff, 0xff, 0xb7, 0xcf,
    0xff, 0xff, 0xff, 0xff, 0xff, 0xff, 0xff, 0x50,
    0x0, 0xdf, 0xff, 0xff, 0xff, 0xff, 0xff, 0xff,
    0xff, 0xff, 0xff, 0xff, 0xfd, 0x0, 0x0, 0x4f,
    0xff, 0xff, 0xff, 0xff, 0xff, 0xff, 0xff, 0xff,
    0xff, 0xff, 0xf4, 0x0, 0x0, 0x8, 0xff, 0xff,
    0xff, 0xff, 0xff, 0xff, 0xff, 0xff, 0xff, 0xff,
    0x80, 0x0, 0x0, 0x0, 0xaf, 0xff, 0xff, 0xff,
    0xff, 0xff, 0xff, 0xff, 0xff, 0xfa, 0x0, 0x0,
    0x0, 0x0, 0x8, 0xff, 0xff, 0xff, 0xff, 0xff,
    0xff, 0xff, 0xff, 0x80, 0x0, 0x0, 0x0, 0x0,
    0x0, 0x4d, 0xff, 0xff, 0xff, 0xff, 0xff, 0xff,
    0xd4, 0x0, 0x0, 0x0, 0x0, 0x0, 0x0, 0x0,
    0x6c, 0xff, 0xff, 0xff, 0xff, 0xc6, 0x0, 0x0,
    0x0, 0x0, 0x0, 0x0, 0x0, 0x0, 0x0, 0x15,
    0x78, 0x87, 0x51, 0x0, 0x0, 0x0, 0x0, 0x0,

    /* U+E88E "" */
    0x0, 0x0, 0x0, 0x0, 0x0, 0x15, 0x78, 0x87,
    0x51, 0x0, 0x0, 0x0, 0x0, 0x0, 0x0, 0x0,
    0x0, 0x0, 0x5c, 0xff, 0xff, 0xff, 0xff, 0xc6,
    0x0, 0x0, 0x0, 0x0, 0x0, 0x0, 0x0, 0x4d,
    0xff, 0xff, 0xff, 0xff, 0xff, 0xff, 0xd4, 0x0,
    0x0, 0x0, 0x0, 0x0, 0x8, 0xff, 0xff, 0xff,
    0xff, 0xff, 0xff, 0xff, 0xff, 0x80, 0x0, 0x0,
    0x0, 0x0, 0xaf, 0xff, 0xff, 0xff, 0xff, 0xff,
    0xff, 0xff, 0xff, 0xfa, 0x0, 0x0, 0x0, 0x8,
    0xff, 0xff, 0xff, 0xff, 0xff, 0xff, 0xff, 0xff,
    0xff, 0xff, 0x80, 0x0, 0x0, 0x4f, 0xff, 0xff,
    0xff, 0xff, 0xff, 0xff, 0xff, 0xff, 0xff, 0xff,
    0xf4, 0x0, 0x0, 0xdf, 0xff, 0xff, 0xff, 0xff,
    0xfa, 0xaf, 0xff, 0xff, 0xff, 0xff, 0xfd, 0x0,
    0x6, 0xff, 0xff, 0xff, 0xff, 0xff, 0xb0, 0xb,
    0xff, 0xff, 0xff, 0xff, 0xff, 0x60, 0xc, 0xff,
    0xff, 0xff, 0xff, 0xff, 0xd0, 0xd, 0xff, 0xff,
    0xff, 0xff, 0xff, 0xc0, 0x1f, 0xff, 0xff, 0xff,
    0xff, 0xff, 0xff, 0xff, 0xff, 0xff, 0xff, 0xff,
    0xff, 0xf1, 0x5f, 0xff, 0xff, 0xff, 0xff, 0xff,
    0xff, 0xff, 0xff, 0xff, 0xff, 0xff, 0xff, 0xf5,
    0x7f, 0xff, 0xff, 0xff, 0xff, 0xff, 0xfc, 0xbf,
    0xff, 0xff, 0xff, 0xff, 0xff, 0xf7, 0x8f, 0xff,
    0xff, 0xff, 0xff, 0xff, 0xd0, 0xc, 0xff, 0xff,
    0xff, 0xff, 0xff, 0xf8, 0x8f, 0xff, 0xff, 0xff,
    0xff, 0xff, 0xc0, 0xa, 0xff, 0xff, 0xff, 0xff,
    0xff, 0xf8, 0x7f, 0xff, 0xff, 0xff, 0xff, 0xff,
    0xc0, 0xa, 0xff, 0xff, 0xff, 0xff, 0xff, 0xf7,
    0x5f, 0xff, 0xff, 0xff, 0xff, 0xff, 0xc0, 0xa,
    0xff, 0xff, 0xff, 0xff, 0xff, 0xf5, 0x1f, 0xff,
    0xff, 0xff, 0xff, 0xff, 0xc0, 0xa, 0xff, 0xff,
    0xff, 0xff, 0xff, 0xf1, 0xc, 0xff, 0xff, 0xff,
    0xff, 0xff, 0xc0, 0xa, 0xff, 0xff, 0xff, 0xff,
    0xff, 0xc0, 0x6, 0xff, 0xff, 0xff, 0xff, 0xff,
    0xc0, 0xb, 0xff, 0xff, 0xff, 0xff, 0xff, 0x50,
    0x0, 0xdf, 0xff, 0xff, 0xff, 0xff, 0xf6, 0x5f,
    0xff, 0xff, 0xff, 0xff, 0xfd, 0x0, 0x0, 0x4f,
    0xff, 0xff, 0xff, 0xff, 0xff, 0xff, 0xff, 0xff,
    0xff, 0xff, 0xf4, 0x0, 0x0, 0x8, 0xff, 0xff,
    0xff, 0xff, 0xff, 0xff, 0xff, 0xff, 0xff, 0xff,
    0x80, 0x0, 0x0, 0x0, 0xaf, 0xff, 0xff, 0xff,
    0xff, 0xff, 0xff, 0xff, 0xff, 0xfa, 0x0, 0x0,
    0x0, 0x0, 0x8, 0xff, 0xff, 0xff, 0xff, 0xff,
    0xff, 0xff, 0xff, 0x80, 0x0, 0x0, 0x0, 0x0,
    0x0, 0x4d, 0xff, 0xff, 0xff, 0xff, 0xff, 0xff,
    0xd4, 0x0, 0x0, 0x0, 0x0, 0x0, 0x0, 0x0,
    0x6c, 0xff, 0xff, 0xff, 0xff, 0xc6, 0x0, 0x0,
    0x0, 0x0, 0x0, 0x0, 0x0, 0x0, 0x0, 0x15,
    0x78, 0x87, 0x51, 0x0, 0x0, 0x0, 0x0, 0x0,

    /* U+E8B8 "" */
    0x0, 0x0, 0x0, 0x0, 0x0, 0x6, 0x89, 0x98,
    0x60, 0x0, 0x0, 0x0, 0x0, 0x0, 0x0, 0x0,
    0x0, 0x0, 0x0, 0x8f, 0xff, 0xff, 0xf8, 0x0,
    0x0, 0x0, 0x0, 0x0, 0x0, 0x0, 0x0, 0x0,
    0x0, 0xdf, 0xff, 0xff, 0xfd, 0x0, 0x0, 0x0,
    0x0, 0x0, 0x0, 0x0, 0x0, 0x0, 0x0, 0xff,
    0xff, 0xff, 0xff, 0x0, 0x0, 0x0, 0x0, 0x0,
    0x0, 0x1, 0x64, 0x0, 0x3, 0xff, 0xff, 0xff,
    0xff, 0x20, 0x0, 0x46, 0x0, 0x0, 0x0, 0xd,
    0xff, 0xd6, 0x8f, 0xff, 0xff, 0xff, 0xff, 0xf9,
    0x6d, 0xff, 0xd0, 0x0, 0x0, 0x7f, 0xff, 0xff,
    0xff, 0xff, 0xff, 0xff, 0xff, 0xff, 0xff, 0xff,
    0xf7, 0x0, 0x1, 0xff, 0xff, 0xff, 0xff, 0xff,
    0xff, 0xff, 0xff, 0xff, 0xff, 0xff, 0xff, 0x10,
    0x9, 0xff, 0xff, 0xff, 0xff, 0xff, 0xff, 0xff,
    0xff, 0xff, 0xff, 0xff, 0xff, 0x90, 0xf, 0xff,
    0xff, 0xff, 0xff, 0xff, 0xc8, 0x8c, 0xff, 0xff,
    0xff, 0xff, 0xff, 0xf0, 0xe, 0xff, 0xff, 0xff,
    0xff, 0xf4, 0x0, 0x0, 0x4f, 0xff, 0xff, 0xff,
    0xff, 0xe0, 0x2, 0xdf, 0xff, 0xff, 0xff, 0x40,
    0x0, 0x0, 0x4, 0xff, 0xff, 0xff, 0xfd, 0x20,
    0x0, 0xa, 0xff, 0xff, 0xfc, 0x0, 0x0, 0x0,
    0x0, 0xcf, 0xff, 0xff, 0xa0, 0x0, 0x0, 0x2,
    0xff, 0xff, 0xf8, 0x0, 0x0, 0x0, 0x0, 0x8f,
    0xff, 0xff, 0x20, 0x0, 0x0, 0x2, 0xff, 0xff,
    0xf8, 0x0, 0x0, 0x0, 0x0, 0x8f, 0xff, 0xff,
    0x20, 0x0, 0x0, 0xa, 0xff, 0xff, 0xfc, 0x0,
    0x0, 0x0, 0x0, 0xcf, 0xff, 0xff, 0xa0, 0x0,
    0x2, 0xdf, 0xff, 0xff, 0xff, 0x40, 0x0, 0x0,
    0x4, 0xff, 0xff, 0xff, 0xfd, 0x20, 0xe, 0xff,
    0xff, 0xff, 0xff, 0xe4, 0x0, 0x0, 0x4f, 0xff,
    0xff, 0xff, 0xff, 0xe0, 0xf, 0xff, 0xff, 0xff,
    0xff, 0xff, 0xc8, 0x8c, 0xff, 0xff, 0xff, 0xff,
    0xff, 0xf0, 0xa, 0xff, 0xff, 0xff, 0xff, 0xff,
    0xff, 0xff, 0xff, 0xff, 0xff, 0xfe, 0xff, 0x90,
    0x1, 0xff, 0xff, 0xff, 0xff, 0xff, 0xff, 0xff,
    0xff, 0xff, 0xff, 0xff, 0xff, 0x10, 0x0, 0x8f,
    0xff, 0xff, 0xff, 0xff, 0xff, 0xff, 0xff, 0xff,
    0xff, 0xff, 0xf7, 0x0, 0x0, 0xd, 0xff, 0xd6,
    0x9f, 0xff, 0xff, 0xff, 0xff, 0xf8, 0x6d, 0xff,
    0xd0, 0x0, 0x0, 0x1, 0x64, 0x0, 0x3, 0xff,
    0xff, 0xff, 0xff, 0x30, 0x0, 0x45, 0x0, 0x0,
    0x0, 0x0, 0x0, 0x0, 0x0, 0xff, 0xff, 0xff,
    0xff, 0x0, 0x0, 0x0, 0x0, 0x0, 0x0, 0x0,
    0x0, 0x0, 0x0, 0xdf, 0xff, 0xff, 0xfd, 0x0,
    0x0, 0x0, 0x0, 0x0, 0x0, 0x0, 0x0, 0x0,
    0x0, 0x8f, 0xff, 0xff, 0xf8, 0x0, 0x0, 0x0,
    0x0, 0x0, 0x0, 0x0, 0x0, 0x0, 0x0, 0x6,
    0x89, 0x98, 0x60, 0x0, 0x0, 0x0, 0x0, 0x0,

    /* U+E8BE "" */
    0x0, 0x0, 0x0, 0x3, 0x71, 0x0, 0x0, 0x0,
    0x0, 0x0, 0x17, 0x30, 0x0, 0x0, 0x0, 0x0,
    0x0, 0x0, 0x3f, 0xf9, 0x0, 0x0, 0x0, 0x0,
    0x0, 0x9f, 0xf4, 0x0, 0x0, 0x0, 0x0, 0x0,
    0x3, 0xff, 0xf6, 0x0, 0x0, 0x0, 0x0, 0x0,
    0x6f, 0xff, 0x40, 0x0, 0x0, 0x0, 0x0, 0x4f,
    0xff, 0x70, 0x0, 0x0, 0x0, 0x0, 0x0, 0x7,
    0xff, 0xf4, 0x0, 0x0, 0x0, 0x4, 0xff, 0xf8,
    0x0, 0x0, 0x0, 0x0, 0x0, 0x0, 0x0, 0x8f,
    0xff, 0x40, 0x0, 0x0, 0x4f, 0xff, 0x80, 0x0,
    0x0, 0x0, 0x0, 0x0, 0x0, 0x0, 0x8, 0xff,
    0xf4, 0x0, 0x4, 0xff, 0xf8, 0x0, 0x1, 0x0,
    0x0, 0x0, 0x0, 0x0, 0x10, 0x0, 0x8f, 0xff,
    0x40, 0x2f, 0xff, 0x80, 0x0, 0x5f, 0xc0, 0x1,
    0xef, 0x20, 0xc, 0xf4, 0x0, 0x8, 0xff, 0xf2,
    0x3f, 0xff, 0x40, 0x0, 0x7f, 0xe0, 0x2, 0xff,
    0x40, 0xe, 0xf7, 0x0, 0x4, 0xff, 0xf3, 0x8,
    0xff, 0xf4, 0x0, 0x6, 0x20, 0x0, 0x45, 0x0,
    0x2, 0x60, 0x0, 0x4f, 0xff, 0x80, 0x0, 0x8f,
    0xff, 0x40, 0x0, 0x0, 0x0, 0x0, 0x0, 0x0,
    0x0, 0x4, 0xff, 0xf8, 0x0, 0x0, 0x8, 0xff,
    0xf3, 0x0, 0x0, 0x0, 0x0, 0x0, 0x0, 0x0,
    0x3f, 0xff, 0x80, 0x0, 0x0, 0x0, 0x8f, 0xff,
    0x30, 0x0, 0x0, 0x0, 0x0, 0x0, 0x3, 0xff,
    0xf8, 0x0, 0x0, 0x0, 0x0, 0x8, 0xff, 0xf3,
    0x0, 0x0, 0x0, 0x0, 0x0, 0x3f, 0xff, 0x80,
    0x0, 0x0, 0x0, 0x0, 0x0, 0x8f, 0xf9, 0x0,
    0x0, 0x0, 0x0, 0x0, 0x9f, 0xf8, 0x0, 0x0,
    0x0, 0x0, 0x0, 0x0, 0x7, 0xc3, 0x0, 0x0,
    0x0, 0x0, 0x0, 0x3c, 0x70, 0x0, 0x0, 0x0,

    /* U+E8D4 "" */
    0x0, 0x0, 0x0, 0x0, 0x0, 0x0, 0x0, 0x0,
    0x0, 0x0, 0x64, 0x0, 0x0, 0x0, 0x0, 0x0,
    0x0, 0x0, 0x0, 0x0, 0x0, 0x0, 0x0, 0x7,
    0xff, 0x50, 0x0, 0x0, 0x0, 0x0, 0x0, 0x0,
    0x0, 0x0, 0x0, 0x0, 0x0, 0x4, 0xff, 0xf5,
    0x0, 0x0, 0x0, 0x0, 0x0, 0x0, 0x0, 0x0,
    0x0, 0x0, 0x0, 0x0, 0x6f, 0xff, 0x50, 0x0,
    0x0, 0x0, 0x0, 0x0, 0x0, 0x0, 0x0, 0x0,
    0x0, 0x0, 0x6, 0xff, 0xf5, 0x0, 0x0, 0x0,
    0x0, 0x0, 0x0, 0x0, 0x6, 0x9a, 0xaa, 0xaa,
    0xaa, 0xef, 0xff, 0x50, 0x0, 0x0, 0x0, 0x0,
    0x0, 0x0, 0x1f, 0xff, 0xff, 0xff, 0xff, 0xff,
    0xff, 0xf0, 0x0, 0x0, 0x0, 0x0, 0x0, 0x0,
    0xc, 0xff, 0xff, 0xff, 0xff, 0xff, 0xff, 0xb0,
    0x0, 0x0, 0x0, 0x0, 0x0, 0x0, 0x0, 0x0,
    0x0, 0x0, 0x2, 0xef, 0xfb, 0x0, 0x0, 0x0,
    0x0, 0xad, 0x20, 0x0, 0x0, 0x0, 0x0, 0x0,
    0x1d, 0xff, 0xb0, 0x0, 0x0, 0x0, 0xb, 0xff,
    0x70, 0x0, 0x0, 0x0, 0x0, 0x1, 0xdf, 0xfb,
    0x0, 0x0, 0x0, 0x0, 0xbf, 0xfd, 0x10, 0x0,
    0x0, 0x0, 0x0, 0x7, 0xff, 0xb0, 0x0, 0x0,
    0x0, 0xb, 0xff, 0xd1, 0x0, 0x0, 0x0, 0x0,
    0x0, 0x2, 0xda, 0x0, 0x0, 0x0, 0x0, 0xbf,
    0xfe, 0x20, 0x0, 0x0, 0x0, 0x0, 0x0, 0x0,
    0x0, 0x0, 0x0, 0x0, 0xb, 0xff, 0xff, 0xff,
    0xff, 0xff, 0xff, 0xc0, 0x0, 0x0, 0x0, 0x0,
    0x0, 0x0, 0xf, 0xff, 0xff, 0xff, 0xff, 0xff,
    0xff, 0xf1, 0x0, 0x0, 0x0, 0x0, 0x0, 0x0,
    0x5, 0xff, 0xfe, 0xaa, 0xaa, 0xaa, 0xa9, 0x60,
    0x0, 0x0, 0x0, 0x0, 0x0, 0x0, 0x0, 0x5f,
    0xff, 0x60, 0x0, 0x0, 0x0, 0x0, 0x0, 0x0,
    0x0, 0x0, 0x0, 0x0, 0x0, 0x5, 0xff, 0xf6,
    0x0, 0x0, 0x0, 0x0, 0x0, 0x0, 0x0, 0x0,
    0x0, 0x0, 0x0, 0x0, 0x5f, 0xff, 0x40, 0x0,
    0x0, 0x0, 0x0, 0x0, 0x0, 0x0, 0x0, 0x0,
    0x0, 0x0, 0x5, 0xff, 0x70, 0x0, 0x0, 0x0,
    0x0, 0x0, 0x0, 0x0, 0x0, 0x0, 0x0, 0x0,
    0x0, 0x46, 0x0, 0x0, 0x0, 0x0, 0x0, 0x0,
    0x0, 0x0, 0x0, 0x0,

    /* U+E922 "" */
    0x0, 0x0, 0x0, 0x0, 0x0, 0x0, 0x0, 0x0,
    0x0, 0x0, 0x0, 0x0, 0x6, 0xdd, 0x70, 0x0,
    0x0, 0x0, 0x0, 0x0, 0x5, 0x73, 0x0, 0x0,
    0x0, 0x0, 0x0, 0x4f, 0xff, 0xf6, 0x0, 0x0,
    0x0, 0x0, 0x0, 0xbf, 0xff, 0x60, 0x0, 0x0,
    0x0, 0x0, 0x9f, 0xff, 0xfb, 0x0, 0x0, 0x0,
    0x0, 0x3, 0xff, 0xff, 0xe0, 0x0, 0x0, 0x0,
    0x0, 0xbf, 0xff, 0xf9, 0x0, 0x0, 0x0, 0x0,
    0x5, 0xff, 0xff, 0xf0, 0x0, 0x0, 0x0, 0x8,
    0xff, 0xff, 0xe2, 0x0, 0x0, 0x0, 0x0, 0x1d,
    0xff, 0xff, 0xf9, 0x0, 0x0, 0x0, 0x8f, 0xfe,
    0x76, 0x10, 0x0, 0x0, 0x0, 0x1, 0xdf, 0xfe,
    0xdf, 0xff, 0x90, 0x0, 0x8, 0xff, 0xe2, 0x0,
    0x0, 0x0, 0x0, 0x0, 0x1d, 0xff, 0xc0, 0x3,
    0xff, 0xf9, 0x0, 0x9f, 0xfe, 0x20, 0x0, 0x0,
    0x0, 0x0, 0x1, 0xdf, 0xfc, 0x0, 0x0, 0x3f,
    0xff, 0xee, 0xff, 0xe2, 0x0, 0x0, 0x0, 0x0,
    0x0, 0x1d, 0xff, 0xc0, 0x0, 0x0, 0x3, 0xff,
    0xff, 0xfe, 0x20, 0x0, 0x0, 0x0, 0x0, 0x34,
    0xdf, 0xfb, 0x0, 0x0, 0x0, 0x0, 0xbf, 0xff,
    0xf9, 0x0, 0x0, 0x0, 0x0, 0x1d, 0xff, 0xff,
    0xb0, 0x0, 0x0, 0x0, 0x0, 0x9f, 0xff, 0xf7,
    0x0, 0x0, 0x0, 0x0, 0x9f, 0xff, 0xfc, 0x0,
    0x0, 0x0, 0x0, 0x0, 0x1d, 0xff, 0xc0, 0x0,
    0x0, 0x0, 0x0, 0xbf, 0xff, 0xfa, 0x0, 0x0,
    0x0, 0x0, 0x0, 0x0, 0x44, 0x0, 0x0, 0x0,
    0x0, 0x0, 0x7f, 0xff, 0xf6, 0x0, 0x0, 0x0,
    0x0, 0x0, 0x0, 0x0, 0x0, 0x0, 0x0, 0x0,
    0x0, 0xa, 0xff, 0x80, 0x0, 0x0, 0x0, 0x0,
    0x0, 0x0, 0x0, 0x0, 0x0, 0x0, 0x0, 0x0,
    0x0, 0x0, 0x0, 0x0, 0x0, 0x0, 0x0, 0x0,
    0x0, 0x0, 0x0, 0x0, 0x0, 0x0, 0x0,

    /* U+E97A "" */
    0x0, 0x24, 0x44, 0x43, 0x0, 0x0, 0x0, 0x0,
    0x0, 0x0, 0x34, 0x44, 0x42, 0x0, 0xc, 0xff,
    0xff, 0xff, 0xe3, 0x0, 0x0, 0x0, 0x0, 0x3e,
    0xff, 0xff, 0xff, 0xc0, 0x8f, 0xff, 0xff, 0xff,
    0xfc, 0x0, 0x0, 0x0, 0x0, 0xcf, 0xff, 0xff,
    0xff, 0xf7, 0xbf, 0xff, 0xff, 0xff, 0xff, 0x0,
    0x0, 0x0, 0x0, 0xff, 0xff, 0xff, 0xff, 0xfa,
    0xbf, 0xff, 0xff, 0xff, 0xff, 0x0, 0x0, 0x0,
    0x0, 0xff, 0xff, 0xff, 0xff, 0xfb, 0xbf, 0xff,
    0xff, 0xff, 0xff, 0xff, 0xff, 0xff, 0xff, 0xff,
    0xff, 0xff, 0xff, 0xfb, 0xbf, 0xff, 0xff, 0xff,
    0xff, 0xff, 0xff, 0xff, 0xff, 0xff, 0xff, 0xff,
    0xff, 0xfb, 0xbf, 0xff, 0xff, 0xff, 0xff, 0xaa,
    0xaf, 0xfd, 0xaa, 0xff, 0xff, 0xff, 0xff, 0xfb,
    0xbf, 0xff, 0xff, 0xff, 0xff, 0x0, 0x1f, 0xf8,
    0x0, 0xff, 0xff, 0xff, 0xff, 0xfb, 0x9f, 0xff,
    0xff, 0xff, 0xfe, 0x0, 0x1f, 0xf8, 0x0, 0xef,
    0xff, 0xff, 0xff, 0xf9, 0x3f, 0xff, 0xff, 0xff,
    0xf8, 0x0, 0x1f, 0xf8, 0x0, 0x8f, 0xff, 0xff,
    0xff, 0xf3, 0x3, 0x8a, 0xaa, 0xa9, 0x50, 0x0,
    0x1f, 0xf8, 0x0, 0x5, 0x9a, 0xaa, 0xa8, 0x30,
    0x0, 0x0, 0x0, 0x0, 0x0, 0x0, 0x1f, 0xf8,
    0x0, 0x0, 0x0, 0x0, 0x0, 0x0, 0x0, 0x0,
    0x0, 0x0, 0x0, 0x0, 0x1f, 0xf8, 0x0, 0x0,
    0x0, 0x0, 0x0, 0x0, 0x0, 0x0, 0x0, 0x0,
    0x0, 0x0, 0x1f, 0xf8, 0x0, 0x5, 0x9a, 0xaa,
    0xa8, 0x20, 0x0, 0x0, 0x0, 0x0, 0x0, 0x0,
    0x1f, 0xf8, 0x0, 0x8f, 0xff, 0xff, 0xff, 0xf3,
    0x0, 0x0, 0x0, 0x0, 0x0, 0x0, 0x1f, 0xf8,
    0x0, 0xef, 0xff, 0xff, 0xff, 0xf9, 0x0, 0x0,
    0x0, 0x0, 0x0, 0x0, 0x1f, 0xf8, 0x0, 0xff,
    0xff, 0xff, 0xff, 0xfb, 0x0, 0x0, 0x0, 0x0,
    0x0, 0x0, 0x1f, 0xfd, 0x99, 0xff, 0xff, 0xff,
    0xff, 0xfb, 0x0, 0x0, 0x0, 0x0, 0x0, 0x0,
    0xd, 0xff, 0xff, 0xff, 0xff, 0xff, 0xff, 0xfb,
    0x0, 0x0, 0x0, 0x0, 0x0, 0x0, 0x2, 0xdf,
    0xff, 0xff, 0xff, 0xff, 0xff, 0xfb, 0x0, 0x0,
    0x0, 0x0, 0x0, 0x0, 0x0, 0x0, 0x0, 0xff,
    0xff, 0xff, 0xff, 0xfb, 0x0, 0x0, 0x0, 0x0,
    0x0, 0x0, 0x0, 0x0, 0x0, 0xff, 0xff, 0xff,
    0xff, 0xfa, 0x0, 0x0, 0x0, 0x0, 0x0, 0x0,
    0x0, 0x0, 0x0, 0xcf, 0xff, 0xff, 0xff, 0xf7,
    0x0, 0x0, 0x0, 0x0, 0x0, 0x0, 0x0, 0x0,
    0x0, 0x3e, 0xff, 0xff, 0xff, 0xc0, 0x0, 0x0,
    0x0, 0x0, 0x0, 0x0, 0x0, 0x0, 0x0, 0x0,
    0x34, 0x44, 0x42, 0x0,

    /* U+E9C1 "" */
    0x0, 0x0, 0x0, 0x0, 0x0, 0x14, 0x78, 0x87,
    0x51, 0x0, 0x0, 0x0, 0x0, 0x0, 0x0, 0x0,
    0x0, 0x0, 0x9, 0xff, 0xff, 0xff, 0xff, 0xc5,
    0x0, 0x0, 0x0, 0x0, 0x0, 0x0, 0x0, 0x0,
    0xe, 0xff, 0xff, 0xff, 0xff, 0xff, 0xd4, 0x0,
    0x0, 0x0, 0x0, 0x1, 0xbc, 0x30, 0x3, 0x86,
    0x32, 0x23, 0x6a, 0xff, 0xff, 0x70, 0x0, 0x0,
    0x0, 0xa, 0xff, 0xd0, 0x0, 0x0, 0x0, 0x0,
    0x0, 0x19, 0xff, 0xf9, 0x0, 0x0, 0x0, 0xc,
    0xff, 0xf0, 0x0, 0x0, 0x23, 0x31, 0x0, 0x0,
    0x3e, 0xff, 0x70, 0x0, 0x0, 0x7, 0xff, 0x90,
    0x2, 0x9e, 0xff, 0xff, 0xd6, 0x0, 0x2, 0xef,
    0xf4, 0x0, 0x0, 0x0, 0x45, 0x0, 0x6f, 0xff,
    0xff, 0xff, 0xff, 0xd2, 0x0, 0x4f, 0xfd, 0x0,
    0x0, 0x0, 0x0, 0x7, 0xff, 0xff, 0xff, 0xff,
    0xff, 0xfe, 0x20, 0x9, 0xff, 0x60, 0x9, 0xc1,
    0x0, 0x4f, 0xff, 0xff, 0xff, 0xff, 0xff, 0xff,
    0xd0, 0x1, 0xff, 0xc0, 0x1f, 0xf7, 0x0, 0xdf,
    0xff, 0xff, 0xff, 0xff, 0xff, 0xff, 0xf6, 0x0,
    0xaf, 0xf1, 0x5f, 0xf6, 0x4, 0xff, 0xff, 0xff,
    0xff, 0xff, 0xff, 0xff, 0xfd, 0x0, 0x6f, 0xf5,
    0x7f, 0xf3, 0x8, 0xff, 0xff, 0xff, 0xff, 0xff,
    0xff, 0xff, 0xff, 0x10, 0x3f, 0xf7, 0x8f, 0xf2,
    0xa, 0xff, 0xff, 0xff, 0xff, 0xff, 0xff, 0xff,
    0xff, 0x30, 0x2f, 0xf8, 0x8f, 0xf2, 0xb, 0xff,
    0xff, 0xff, 0xff, 0xff, 0xff, 0xff, 0xff, 0x30,
    0x2f, 0xf8, 0x7f, 0xf3, 0x9, 0xff, 0xff, 0xff,
    0xff, 0xff, 0xff, 0xff, 0xff, 0x20, 0x3f, 0xf7,
    0x5f, 0xf6, 0x6, 0xff, 0xff, 0xff, 0xff, 0xff,
    0xff, 0xff, 0xfe, 0x0, 0x6f, 0xf5, 0x1f, 0xfa,
    0x1, 0xff, 0xff, 0xff, 0xff, 0xff, 0xff, 0xff,
    0xf9, 0x0, 0xaf, 0xf1, 0xc, 0xff, 0x10, 0x8f,
    0xff, 0xff, 0xff, 0xff, 0xff, 0xff, 0xf2, 0x1,
    0xff, 0xc0, 0x6, 0xff, 0x90, 0xc, 0xff, 0xff,
    0xff, 0xff, 0xff, 0xff, 0x60, 0x9, 0xff, 0x50,
    0x0, 0xdf, 0xf4, 0x1, 0xcf, 0xff, 0xff, 0xff,
    0xff, 0xf7, 0x0, 0x4f, 0xfd, 0x0, 0x0, 0x4f,
    0xfe, 0x20, 0x8, 0xff, 0xff, 0xff, 0xfd, 0x40,
    0x2, 0xef, 0xf4, 0x0, 0x0, 0x8, 0xff, 0xe4,
    0x0, 0x16, 0x9b, 0xa8, 0x40, 0x0, 0x4e, 0xff,
    0x80, 0x0, 0x0, 0x0, 0xaf, 0xff, 0x91, 0x0,
    0x0, 0x0, 0x0, 0x19, 0xff, 0xfa, 0x0, 0x0,
    0x0, 0x0, 0x8, 0xff, 0xff, 0xa6, 0x32, 0x23,
    0x6a, 0xff, 0xff, 0x80, 0x0, 0x0, 0x0, 0x0,
    0x0, 0x4d, 0xff, 0xff, 0xff, 0xff, 0xff, 0xff,
    0xd4, 0x0, 0x0, 0x0, 0x0, 0x0, 0x0, 0x0,
    0x6c, 0xff, 0xff, 0xff, 0xff, 0xc6, 0x0, 0x0,
    0x0, 0x0, 0x0, 0x0, 0x0, 0x0, 0x0, 0x15,
    0x78, 0x87, 0x51, 0x0, 0x0, 0x0, 0x0, 0x0,

    /* U+E9E4 "" */
    0x0, 0x0, 0x0, 0x0, 0x2, 0x6a, 0xce, 0xdc,
    0x95, 0x10, 0x0, 0x0, 0x0, 0x0, 0x0, 0x0,
    0x0, 0x2, 0xbf, 0xff, 0xff, 0xff, 0xff, 0xfa,
    0x20, 0x0, 0x0, 0x0, 0x0, 0x0, 0x0, 0x9f,
    0xff, 0xff, 0xff, 0xff, 0xff, 0xff, 0xf7, 0x0,
    0x0, 0x0, 0x0, 0x0, 0x1c, 0xff, 0xff, 0xff,
    0xff, 0xff, 0xff, 0xff, 0xff, 0x70, 0x0, 0x0,
    0x0, 0x1, 0xdf, 0xff, 0xff, 0xff, 0xff, 0xff,
    0xff, 0xff, 0xff, 0xf7, 0x0, 0x0, 0x0, 0xb,
    0xff, 0xff, 0xff, 0xff, 0xff, 0xff, 0xff, 0xff,
    0xff, 0xff, 0x60, 0x0, 0x0, 0x7f, 0xff, 0xff,
    0xff, 0xff, 0xff, 0xff, 0xff, 0xfd, 0x37, 0xff,
    0xf6, 0x0, 0x1, 0xef, 0xff, 0xff, 0xff, 0xff,
    0xff, 0xff, 0xff, 0x80, 0xb, 0xff, 0xfe, 0x0,
    0x8, 0xff, 0xff, 0xff, 0xff, 0xff, 0xff, 0xff,
    0xd3, 0x0, 0x6f, 0xff, 0xff, 0x60, 0xe, 0xff,
    0xff, 0xff, 0xff, 0xff, 0xff, 0xf8, 0x0, 0x2,
    0xff, 0xff, 0xff, 0xd0, 0x2f, 0xff, 0xff, 0xff,
    0xff, 0xff, 0xfd, 0x30, 0x0, 0xc, 0xff, 0xff,
    0xff, 0xf1, 0x6f, 0xff, 0xff, 0xff, 0xff, 0xff,
    0x80, 0x0, 0x0, 0x6f, 0xff, 0xff, 0xff, 0xf5,
    0x8f, 0xff, 0xff, 0xff, 0xff, 0xf8, 0x0, 0x0,
    0x2, 0xff, 0xff, 0xff, 0xff, 0xf7, 0x8f, 0xff,
    0xff, 0xff, 0xff, 0xf3, 0x0, 0x0, 0xc, 0xff,
    0xff, 0xff, 0xff, 0xf8, 0x8f, 0xff, 0xff, 0xff,
    0xff, 0xf4, 0x0, 0x0, 0x6f, 0xff, 0xff, 0xff,
    0xff, 0xf7, 0x6f, 0xff, 0xff, 0xff, 0xff, 0xfc,
    0x0, 0x2, 0xff, 0xff, 0xff, 0xff, 0xff, 0xf6,
    0x3f, 0xff, 0xff, 0xff, 0xff, 0xff, 0xd9, 0x9f,
    0xff, 0xff, 0xff, 0xff, 0xff, 0xf3, 0xf, 0xff,
    0xff, 0xff, 0xff, 0xff, 0xff, 0xff, 0xff, 0xff,
    0xff, 0xff, 0xff, 0xf0, 0xa, 0xff, 0xff, 0xff,
    0xff, 0xff, 0xff, 0xff, 0xff, 0xff, 0xff, 0xff,
    0xff, 0xa0, 0x4, 0xff, 0xff, 0xff, 0xff, 0xff,
    0xff, 0xff, 0xff, 0xff, 0xff, 0xff, 0xff, 0x40,
    0x0, 0xcf, 0xff, 0xff, 0xff, 0xff, 0xff, 0xff,
    0xff, 0xff, 0xff, 0xff, 0xfc, 0x0, 0x0, 0x1a,
    0xee, 0xee, 0xee, 0xee, 0xee, 0xee, 0xee, 0xee,
    0xee, 0xee, 0xa1, 0x0,

    /* U+E9F4 "" */
    0x0, 0x0, 0x0, 0x0, 0x0, 0x0, 0x0, 0x2,
    0x55, 0x20, 0x0, 0x0, 0x0, 0x0, 0x0, 0x0,
    0x0, 0x0, 0x0, 0x0, 0x0, 0x0, 0x0, 0x0,
    0x8f, 0xff, 0xf9, 0x0, 0x0, 0x0, 0x0, 0x0,
    0x0, 0x0, 0x0, 0x0, 0x0, 0x0, 0x0, 0x0,
    0x7, 0xff, 0xff, 0xff, 0x70, 0x0, 0x0, 0x0,
    0x0, 0x0, 0x0, 0x0, 0x0, 0x0, 0x0, 0x0,
    0x0, 0xe, 0xff, 0xff, 0xff, 0xe0, 0x0, 0x0,
    0x0, 0x0, 0x0, 0x0, 0x0, 0x0, 0x0, 0x0,
    0x0, 0x0, 0x1f, 0xff, 0xff, 0xff, 0xf1, 0x0,
    0x0, 0x0, 0x0, 0x0, 0x0, 0x0, 0x0, 0x0,
    0x0, 0x0, 0x0, 0xf, 0xfe, 0xff, 0xff, 0xf0,
    0x0, 0x0, 0x0, 0x0, 0x0, 0x0, 0x0, 0x0,
    0x0, 0x0, 0x0, 0x0, 0xa, 0xff, 0xef, 0xff,
    0xa0, 0x0, 0x0, 0x0, 0x0, 0x0, 0x0, 0x0,
    0x0, 0x0, 0x0, 0x0, 0x0, 0x2, 0xef, 0xff,
    0xfc, 0x10, 0x0, 0x0, 0x0, 0x0, 0x0, 0x0,
    0x0, 0x0, 0x0, 0x0, 0x0, 0x0, 0x0, 0x1a,
    0xff, 0x60, 0x0, 0x0, 0x0, 0x0, 0x0, 0x0,
    0x0, 0x0, 0x5, 0x87, 0x20, 0x0, 0x0, 0x0,
    0x5, 0xfe, 0x0, 0x0, 0x0, 0x0, 0x2, 0x78,
    0x50, 0x0, 0x1, 0xcf, 0xff, 0xf8, 0x0, 0x0,
    0x0, 0x5, 0xfe, 0x0, 0x0, 0x0, 0x0, 0x6f,
    0xff, 0xfd, 0x10, 0xc, 0xff, 0xff, 0xff, 0x50,
    0x0, 0x0, 0x5, 0xfe, 0x0, 0x0, 0x0, 0x3,
    0xff, 0xff, 0xff, 0xc0, 0x2f, 0xff, 0xff, 0xff,
    0xc0, 0x0, 0x0, 0x6c, 0xff, 0xa4, 0x0, 0x0,
    0xa, 0xff, 0xff, 0xff, 0xf2, 0x4f, 0xff, 0xff,
    0xff, 0xe1, 0x0, 0xb, 0xff, 0xff, 0xff, 0xa0,
    0x0, 0xd, 0xff, 0xff, 0xff, 0xf4, 0x3f, 0xff,
    0xff, 0xff, 0xff, 0xa5, 0xaf, 0xff, 0xff, 0xff,
    0xfa, 0x4a, 0xff, 0xff, 0xff, 0xff, 0xf3, 0xd,
    0xff, 0xff, 0xff, 0xff, 0xff, 0xff, 0xff, 0xff,
    0xff, 0xff, 0xff, 0xff, 0xff, 0xff, 0xff, 0xd0,
    0x2, 0xef, 0xff, 0xfa, 0x4, 0xaf, 0xff, 0xff,
    0xff, 0xff, 0xff, 0xfa, 0x50, 0x8f, 0xff, 0xfe,
    0x20, 0x0, 0x7, 0xa9, 0x40, 0x0, 0x9, 0xff,
    0xff, 0xff, 0xff, 0xff, 0xa0, 0x0, 0x4, 0x9a,
    0x71, 0x0, 0x0, 0x0, 0x0, 0x0, 0x0, 0x8,
    0xff, 0xff, 0xff, 0xff, 0xff, 0x90, 0x0, 0x0,
    0x0, 0x0, 0x0, 0x0, 0x0, 0x0, 0x0, 0x0,
    0x5, 0xff, 0xff, 0xff, 0xff, 0xff, 0x50, 0x0,
    0x0, 0x0, 0x0, 0x0, 0x0, 0x0, 0x0, 0x0,
    0x0, 0x0, 0xdf, 0xff, 0xff, 0xff, 0xfd, 0x0,
    0x0, 0x0, 0x0, 0x0, 0x0, 0x0, 0x0, 0x0,
    0x0, 0x0, 0x0, 0x8f, 0xff, 0xff, 0xff, 0xf9,
    0x0, 0x0, 0x0, 0x0, 0x0, 0x0, 0x0, 0x0,
    0x0, 0x0, 0x0, 0x4, 0xff, 0xcf, 0xff, 0xfc,
    0xff, 0x50, 0x0, 0x0, 0x0, 0x0, 0x0, 0x0,
    0x0, 0x0, 0x0, 0x10, 0x1e, 0xfa, 0x1, 0x33,
    0x0, 0xcf, 0xf2, 0x1, 0x0, 0x0, 0x0, 0x0,
    0x0, 0x0, 0x0, 0x6e, 0xff, 0xef, 0xe1, 0x0,
    0x0, 0x0, 0x1e, 0xff, 0xff, 0xe6, 0x0, 0x0,
    0x0, 0x0, 0x0, 0x6, 0xff, 0xff, 0xff, 0x50,
    0x0, 0x0, 0x0, 0x5, 0xff, 0xff, 0xff, 0x70,
    0x0, 0x0, 0x0, 0x0, 0xf, 0xff, 0xff, 0xff,
    0xa0, 0x0, 0x0, 0x0, 0x9, 0xff, 0xff, 0xff,
    0xf1, 0x0, 0x0, 0x0, 0x0, 0x3f, 0xfe, 0xff,
    0xff, 0xe0, 0x0, 0x0, 0x0, 0xd, 0xff, 0xff,
    0xef, 0xf4, 0x0, 0x0, 0x0, 0x0, 0x2f, 0xfe,
    0xff, 0xff, 0xe0, 0x0, 0x0, 0x0, 0xd, 0xff,
    0xff, 0xff, 0xf3, 0x0, 0x0, 0x0, 0x0, 0xe,
    0xff, 0xff, 0xff, 0xa0, 0x0, 0x0, 0x0, 0x9,
    0xff, 0xff, 0xff, 0xe0, 0x0, 0x0, 0x0, 0x0,
    0x4, 0xff, 0xff, 0xfe, 0x10, 0x0, 0x0, 0x0,
    0x1, 0xef, 0xff, 0xff, 0x50, 0x0, 0x0, 0x0,
    0x0, 0x0, 0x4c, 0xfe, 0xa1, 0x0, 0x0, 0x0,
    0x0, 0x0, 0x1a, 0xef, 0xc4, 0x0, 0x0, 0x0,

    /* U+E9FC "" */
    0x3, 0x89, 0x99, 0x99, 0x99, 0x99, 0x97, 0x10,
    0x0, 0x0, 0x0, 0x4f, 0xff, 0xff, 0xff, 0xff,
    0xff, 0xff, 0xf3, 0x0, 0x0, 0x0, 0xcf, 0xff,
    0xff, 0xff, 0xff, 0xff, 0xff, 0xff, 0x30, 0x0,
    0x0, 0xef, 0xff, 0xff, 0xff, 0xff, 0xff, 0xbc,
    0xff, 0xf3, 0x0, 0x0, 0xef, 0xff, 0xff, 0xff,
    0xff, 0xff, 0xa1, 0xcf, 0xff, 0x30, 0x0, 0xef,
    0xff, 0xff, 0xff, 0xff, 0xff, 0xa0, 0x1c, 0xff,
    0xf3, 0x0, 0xef, 0xff, 0xff, 0xff, 0xff, 0xff,
    0xa0, 0x1, 0xcf, 0xff, 0x30, 0xef, 0xff, 0xff,
    0xff, 0xff, 0xff, 0xa0, 0x0, 0xc, 0xff, 0xf3,
    0xef, 0xff, 0xff, 0xff, 0xff, 0xff, 0xb0, 0x0,
    0x0, 0xcf, 0xfb, 0xef, 0xff, 0xff, 0xff, 0xff,
    0xff, 0xf9, 0x77, 0x77, 0x8f, 0xfe, 0xef, 0xff,
    0xff, 0xff, 0xff, 0xff, 0xff, 0xff, 0xff, 0xff,
    0xfe, 0xef, 0xff, 0xff, 0xff, 0xff, 0xff, 0xff,
    0xff, 0xff, 0xff, 0xfe, 0xef, 0xff, 0xff, 0xff,
    0xff, 0xff, 0xff, 0xff, 0xff, 0xff, 0xfe, 0xef,
    0xff, 0xff, 0xff, 0xff, 0x55, 0xff, 0xff, 0xff,
    0xff, 0xfe, 0xef, 0xff, 0xff, 0xff, 0xf3, 0x0,
    0x3f, 0xff, 0xff, 0xff, 0xfe, 0xef, 0xff, 0xff,
    0xff, 0x30, 0x0, 0x3, 0xef, 0xff, 0xff, 0xfe,
    0xef, 0xff, 0xff, 0xf3, 0x0, 0x0, 0x0, 0x3e,
    0xff, 0xff, 0xfe, 0xef, 0xff, 0xff, 0x50, 0x6,
    0x0, 0x60, 0x5, 0xff, 0xff, 0xfe, 0xef, 0xff,
    0xff, 0x70, 0x8d, 0x0, 0xca, 0x39, 0xff, 0xff,
    0xfe, 0xef, 0xff, 0xff, 0xff, 0xfd, 0x0, 0xcf,
    0xff, 0xff, 0xff, 0xfe, 0xef, 0xff, 0xff, 0xff,
    0xfd, 0x0, 0xcf, 0xff, 0xff, 0xff, 0xfe, 0xef,
    0xff, 0xff, 0xff, 0xfd, 0x0, 0xcf, 0xff, 0xff,
    0xff, 0xfe, 0xef, 0xff, 0xff, 0xff, 0xff, 0x0,
    0xef, 0xff, 0xff, 0xff, 0xfe, 0xef, 0xff, 0xff,
    0xff, 0xff, 0xee, 0xff, 0xff, 0xff, 0xff, 0xfe,
    0xef, 0xff, 0xff, 0xff, 0xff, 0xff, 0xff, 0xff,
    0xff, 0xff, 0xfe, 0xcf, 0xff, 0xff, 0xff, 0xff,
    0xff, 0xff, 0xff, 0xff, 0xff, 0xfc, 0x4f, 0xff,
    0xff, 0xff, 0xff, 0xff, 0xff, 0xff, 0xff, 0xff,
    0xf4, 0x3, 0x89, 0x99, 0x99, 0x99, 0x99, 0x99,
    0x99, 0x99, 0x98, 0x30,

    /* U+EA05 "" */
    0x0, 0x0, 0x0, 0x0, 0x0, 0x0, 0x0, 0x0,
    0x0, 0x0, 0x0, 0x0, 0x0, 0x0, 0x0, 0x9f,
    0x90, 0x0, 0x0, 0x0, 0x0, 0x0, 0x0, 0x0,
    0x0, 0x2d, 0xff, 0xf0, 0x0, 0x0, 0x0, 0x0,
    0x0, 0x0, 0x0, 0x3, 0xef, 0xff, 0xf0, 0x0,
    0x0, 0x0, 0x0, 0x0, 0x0, 0x0, 0x3f, 0xff,
    0xff, 0xf1, 0x0, 0x0, 0x0, 0x0, 0x0, 0x0,
    0x2, 0xff, 0xff, 0xff, 0xf5, 0x0, 0x0, 0x50,
    0x0, 0x0, 0x0, 0xd, 0xff, 0xff, 0xff, 0xfe,
    0x40, 0x3c, 0xfc, 0x10, 0x0, 0x0, 0x9f, 0xff,
    0xff, 0xff, 0xff, 0xff, 0xff, 0xff, 0xd1, 0x0,
    0x2, 0xff, 0xff, 0xff, 0xff, 0xff, 0xff, 0xff,
    0xff, 0xfa, 0x0, 0xa, 0xff, 0xff, 0xff, 0xff,
    0xff, 0xff, 0xff, 0xff, 0xff, 0x50, 0xf, 0xff,
    0xff, 0xff, 0xff, 0xff, 0xff, 0xff, 0xff, 0xff,
    0xd0, 0x5f, 0xff, 0xff, 0xff, 0xff, 0x34, 0xff,
    0xff, 0xff, 0xff, 0xf3, 0x8f, 0xff, 0xff, 0xff,
    0xe3, 0x0, 0x3f, 0xff, 0xff, 0xff, 0xf7, 0xaf,
    0xff, 0xff, 0xfe, 0x30, 0x0, 0x3, 0xff, 0xff,
    0xff, 0xf9, 0xbf, 0xff, 0xff, 0xe2, 0x0, 0x32,
    0x0, 0x3e, 0xff, 0xff, 0xfa, 0xbf, 0xff, 0xff,
    0x20, 0x3, 0xee, 0x20, 0x3, 0xff, 0xff, 0xfa,
    0x9f, 0xff, 0xf5, 0x0, 0x3e, 0xff, 0xe2, 0x0,
    0x5f, 0xff, 0xf8, 0x6f, 0xff, 0xc0, 0x2, 0xff,
    0xff, 0xfe, 0x20, 0xd, 0xff, 0xf5, 0x1f, 0xff,
    0x70, 0xb, 0xff, 0xff, 0xff, 0xa0, 0x8, 0xff,
    0xf0, 0x9, 0xff, 0x50, 0xf, 0xff, 0xff, 0xff,
    0xf0, 0x5, 0xff, 0x80, 0x1, 0xef, 0x40, 0xf,
    0xff, 0xff, 0xff, 0xf0, 0x6, 0xfe, 0x10, 0x0,
    0x4f, 0x70, 0xc, 0xff, 0xff, 0xff, 0xb0, 0x8,
    0xf3, 0x0, 0x0, 0x5, 0xc0, 0x3, 0xff, 0xff,
    0xff, 0x20, 0xd, 0x40, 0x0, 0x0, 0x0, 0x33,
    0x0, 0x3b, 0xff, 0xb2, 0x0, 0x32, 0x0, 0x0,

    /* U+EA0B "" */
    0x0, 0x0, 0x0, 0x0, 0x0, 0x0, 0x4, 0x10,
    0x0, 0x0, 0x0, 0x0, 0x0, 0x0, 0x0, 0x0,
    0xa, 0xfe, 0x0, 0x0, 0x0, 0x0, 0x0, 0x0,
    0x0, 0x0, 0x6, 0xff, 0xf2, 0x0, 0x0, 0x0,
    0x0, 0x0, 0x0, 0x0, 0x2, 0xff, 0xff, 0x10,
    0x0, 0x0, 0x0, 0x0, 0x0, 0x0, 0x0, 0xcf,
    0xff, 0xf0, 0x0, 0x0, 0x0, 0x0, 0x0, 0x0,
    0x0, 0x8f, 0xff, 0xfd, 0x0, 0x0, 0x0, 0x0,
    0x0, 0x0, 0x0, 0x3f, 0xff, 0xff, 0xb0, 0x0,
    0x0, 0x0, 0x0, 0x0, 0x0, 0xd, 0xff, 0xef,
    0xf9, 0x0, 0x0, 0x0, 0x0, 0x0, 0x0, 0x9,
    0xff, 0xff, 0xff, 0x70, 0x0, 0x0, 0x0, 0x0,
    0x0, 0x4, 0xff, 0xff, 0xff, 0xf5, 0x0, 0x0,
    0x0, 0x0, 0x0, 0x1, 0xef, 0xff, 0xff, 0xff,
    0x30, 0x0, 0x0, 0x0, 0x0, 0x0, 0xbf, 0xff,
    0xff, 0xff, 0xf1, 0x0, 0x0, 0x0, 0x0, 0x0,
    0x6f, 0xff, 0xff, 0xff, 0xff, 0xff, 0xff, 0xfe,
    0x40, 0x0, 0x2f, 0xff, 0xff, 0xff, 0xff, 0xff,
    0xff, 0xff, 0xf9, 0x0, 0xc, 0xff, 0xff, 0xff,
    0xfe, 0xff, 0xff, 0xff, 0xfe, 0x20, 0x8, 0xff,
    0xff, 0xff, 0xff, 0xff, 0xff, 0xff, 0xff, 0x40,
    0x3, 0xff, 0xfe, 0xff, 0xfe, 0xff, 0xff, 0xff,
    0xff, 0x60, 0x0, 0xbf, 0xff, 0xff, 0xff, 0xff,
    0xff, 0xff, 0xff, 0x80, 0x0, 0x7, 0xff, 0xff,
    0xff, 0xff, 0xff, 0xfe, 0xff, 0xb0, 0x0, 0x0,
    0x0, 0x0, 0x4, 0xff, 0xff, 0xfe, 0xff, 0xd0,
    0x0, 0x0, 0x0, 0x0, 0x0, 0x6f, 0xff, 0xff,
    0xff, 0xe1, 0x0, 0x0, 0x0, 0x0, 0x0, 0x9,
    0xff, 0xff, 0xff, 0xf3, 0x0, 0x0, 0x0, 0x0,
    0x0, 0x0, 0xbf, 0xff, 0xff, 0xf5, 0x0, 0x0,
    0x0, 0x0, 0x0, 0x0, 0xd, 0xff, 0xff, 0xf7,
    0x0, 0x0, 0x0, 0x0, 0x0, 0x0, 0x0, 0xff,
    0xff, 0xfa, 0x0, 0x0, 0x0, 0x0, 0x0, 0x0,
    0x0, 0x2f, 0xff, 0xfc, 0x0, 0x0, 0x0, 0x0,
    0x0, 0x0, 0x0, 0x4, 0xff, 0xfe, 0x10, 0x0,
    0x0, 0x0, 0x0, 0x0, 0x0, 0x0, 0x6f, 0xff,
    0x20, 0x0, 0x0, 0x0, 0x0, 0x0, 0x0, 0x0,
    0x1, 0xcf, 0x40, 0x0, 0x0, 0x0, 0x0, 0x0,
    0x0, 0x0, 0x0, 0x0, 0x0, 0x0, 0x0, 0x0,
    0x0, 0x0, 0x0,

    /* U+EA3C "" */
    0x0, 0x0, 0x0, 0x0, 0x0, 0x31, 0x0, 0x0,
    0x0, 0x0, 0x13, 0x20, 0x0, 0x0, 0x0, 0x0,
    0x0, 0x1b, 0xff, 0xfb, 0x0, 0x0, 0x2, 0xbf,
    0xfd, 0x0, 0x0, 0x0, 0x0, 0x0, 0x1d, 0xff,
    0xff, 0xe1, 0x0, 0x1, 0xef, 0xfe, 0x20, 0x0,
    0x0, 0x0, 0x0, 0x1d, 0xff, 0xff, 0xe2, 0x0,
    0x0, 0x9f, 0xfe, 0x20, 0x0, 0x0, 0x0, 0x0,
    0x1d, 0xff, 0xff, 0xe2, 0x0, 0x0, 0xe, 0xff,
    0xc0, 0x0, 0x3e, 0x20, 0x0, 0xd, 0xff, 0xff,
    0xf8, 0x0, 0x0, 0x0, 0xff, 0xff, 0x90, 0x3f,
    0xf3, 0x0, 0x5, 0xff, 0xff, 0xff, 0xf3, 0x0,
    0x0, 0xc, 0xff, 0xff, 0xcf, 0xff, 0x10, 0x0,
    0x1d, 0xff, 0xff, 0xff, 0x30, 0x0, 0x1, 0xdf,
    0xff, 0xff, 0xff, 0xb0, 0xd, 0xff, 0xff, 0xff,
    0xff, 0xfa, 0x0, 0x1, 0xcf, 0xff, 0xff, 0xff,
    0xe1, 0x0, 0x7f, 0xff, 0xfe, 0xff, 0xff, 0xfa,
    0x1, 0xcf, 0xff, 0xed, 0xfe, 0x91, 0x0, 0x0,
    0x7f, 0xff, 0x38, 0x7f, 0xff, 0xfb, 0xdf, 0xff,
    0xe2, 0x0, 0x0, 0x0, 0x0, 0x0, 0x7f, 0xf2,
    0x0, 0x4f, 0xff, 0xff, 0xff, 0xe2, 0x0, 0x0,
    0x0, 0x0, 0x0, 0x0, 0x7f, 0x10, 0x0, 0x4f,
    0xff, 0xff, 0xe2, 0x0, 0x0, 0x0, 0x0, 0x0,
    0x0, 0x0, 0x10, 0x0, 0x1, 0xdf, 0xff, 0xe3,
    0x0, 0x0, 0x0, 0x0, 0x0, 0x0, 0x0, 0x0,
    0x0, 0x1, 0xdf, 0xff, 0xe3, 0x0, 0x0, 0x0,
    0x0, 0x0, 0x0, 0x0, 0x0, 0x0, 0x1, 0xdf,
    0xff, 0xe3, 0x0, 0xab, 0x0, 0x0, 0x0, 0x0,
    0x0, 0x0, 0x0, 0x1, 0xdf, 0xff, 0xe3, 0x0,
    0xaf, 0xfb, 0x0, 0x0, 0x0, 0x0, 0x0, 0x0,
    0x1, 0xdf, 0xff, 0xe3, 0x0, 0x3f, 0xff, 0xfb,
    0x0, 0x0, 0x0, 0x0, 0x0, 0x1, 0xdf, 0xff,
    0xe3, 0x0, 0x0, 0x4f, 0xff, 0xfb, 0x0, 0x0,
    0x0, 0x0, 0x1, 0xdf, 0xff, 0xe3, 0x0, 0x0,
    0x0, 0x4f, 0xff, 0xfb, 0x0, 0x0, 0x0, 0x1,
    0xdf, 0xff, 0xe3, 0x0, 0x0, 0x0, 0x0, 0x4f,
    0xff, 0xfb, 0x0, 0x0, 0x0, 0xdf, 0xff, 0xe3,
    0x0, 0x0, 0x0, 0x0, 0x0, 0x4f, 0xff, 0xfb,
    0x0, 0x0, 0x4f, 0xff, 0xe3, 0x0, 0x0, 0x0,
    0x0, 0x0, 0x0, 0x4f, 0xff, 0xf2, 0x0, 0x2,
    0xff, 0xe3, 0x0, 0x0, 0x0, 0x0, 0x0, 0x0,
    0x0, 0x4f, 0xfe, 0x10, 0x0, 0x3, 0x62, 0x0,
    0x0, 0x0, 0x0, 0x0, 0x0, 0x0, 0x0, 0x26,
    0x20, 0x0,

    /* U+EA4A "" */
    0x0, 0x0, 0x0, 0x0, 0x0, 0x46, 0x88, 0x74,
    0x10, 0x0, 0x0, 0x0, 0x0, 0x0, 0x0, 0x0,
    0x0, 0x3b, 0xff, 0xff, 0xff, 0xff, 0xb4, 0x0,
    0x0, 0x0, 0x0, 0x0, 0x0, 0x1, 0xbf, 0xff,
    0xff, 0xff, 0xff, 0xff, 0xfb, 0x10, 0x0, 0x0,
    0x0, 0x0, 0x2, 0xef, 0xff, 0xee, 0xee, 0xee,
    0xff, 0xff, 0xfe, 0x30, 0x0, 0x0, 0x0, 0x2,
    0xef, 0xfe, 0xdf, 0xff, 0xff, 0xff, 0xff, 0xff,
    0xff, 0x30, 0x0, 0x0, 0x0, 0xdf, 0xfd, 0xff,
    0xff, 0xff, 0xff, 0xff, 0xff, 0xff, 0xfe, 0x10,
    0x0, 0x0, 0x8f, 0xfd, 0xff, 0xff, 0xff, 0xff,
    0xff, 0xff, 0xff, 0xff, 0xf9, 0x0, 0x0, 0x1f,
    0xfe, 0xef, 0xff, 0xff, 0xe4, 0x4e, 0xff, 0xff,
    0xff, 0xff, 0xf1, 0x0, 0x7, 0xff, 0xdf, 0xff,
    0xff, 0xfa, 0x0, 0xbf, 0xff, 0xff, 0xff, 0xff,
    0x70, 0x0, 0xcf, 0xfe, 0xff, 0xfd, 0x25, 0x0,
    0x0, 0x52, 0xcf, 0xff, 0xff, 0xfc, 0x0, 0xf,
    0xfd, 0xff, 0xff, 0x60, 0x1, 0x88, 0x10, 0x4,
    0xff, 0xff, 0xff, 0xf0, 0x1, 0xff, 0xdf, 0xff,
    0xfc, 0x10, 0xdf, 0xfd, 0x0, 0xbf, 0xff, 0xff,
    0xff, 0x40, 0x2f, 0xfd, 0xff, 0xff, 0xf2, 0x2f,
    0xff, 0xf1, 0x1f, 0xff, 0xff, 0xff, 0xf8, 0x2,
    0xff, 0xdf, 0xff, 0xfc, 0x10, 0xdf, 0xfd, 0x0,
    0xcf, 0xff, 0xff, 0xff, 0xc0, 0xf, 0xfd, 0xff,
    0xff, 0x60, 0x2, 0x99, 0x20, 0x4, 0xff, 0xff,
    0xff, 0xff, 0x10, 0xdf, 0xfe, 0xff, 0xfd, 0x24,
    0x0, 0x0, 0x51, 0xcf, 0xff, 0xff, 0xff, 0xf4,
    0x8, 0xff, 0xef, 0xff, 0xff, 0xfa, 0x0, 0xaf,
    0xff, 0xff, 0xff, 0xff, 0xff, 0x80, 0x2f, 0xff,
    0xff, 0xff, 0xff, 0xe2, 0x2e, 0xff, 0xff, 0xff,
    0xff, 0xff, 0xf6, 0x0, 0x9f, 0xff, 0xff, 0xff,
    0xff, 0xff, 0xff, 0xff, 0xff, 0xff, 0xa3, 0x32,
    0x0, 0x1, 0xef, 0xff, 0xff, 0xff, 0xff, 0xff,
    0xff, 0xff, 0xff, 0xf8, 0x0, 0x0, 0x0, 0x3,
    0xff, 0xff, 0xff, 0xff, 0xff, 0xff, 0xff, 0xff,
    0xff, 0x80, 0x0, 0x0, 0x0, 0x4, 0xff, 0xff,
    0xff, 0xff, 0xff, 0xff, 0xff, 0xff, 0xf8, 0x0,
    0x0, 0x0, 0x0, 0x1f, 0xff, 0xff, 0xff, 0xff,
    0xff, 0xff, 0xff, 0xff, 0x70, 0x0, 0x0, 0x0,
    0x1, 0xff, 0xff, 0xff, 0xff, 0xff, 0xff, 0xff,
    0xff, 0xf2, 0x0, 0x0, 0x0, 0x0, 0x1f, 0xff,
    0xff, 0xff, 0xff, 0xff, 0xfe, 0xdd, 0xc4, 0x0,
    0x0, 0x0, 0x0, 0x1, 0xff, 0xff, 0xff, 0xff,
    0xff, 0xff, 0x30, 0x0, 0x0, 0x0, 0x0, 0x0,
    0x0, 0xf, 0xff, 0xff, 0xff, 0xff, 0xff, 0xf2,
    0x0, 0x0, 0x0, 0x0, 0x0, 0x0, 0x0, 0x59,
    0x99, 0x99, 0x99, 0x99, 0x96, 0x0, 0x0, 0x0,
    0x0, 0x0,

    /* U+EA5B "" */
    0x39, 0x99, 0x99, 0x99, 0x99, 0x99, 0x99, 0x99,
    0x99, 0x99, 0x93, 0xdf, 0xff, 0xff, 0xff, 0xff,
    0xff, 0xff, 0xff, 0xff, 0xff, 0xfd, 0x9f, 0xff,
    0xff, 0xff, 0xff, 0xff, 0xff, 0xff, 0xff, 0xff,
    0xf9, 0x0, 0x2f, 0xff, 0xff, 0xff, 0xff, 0xff,
    0xff, 0xff, 0xf2, 0x0, 0x0, 0x1f, 0xff, 0xff,
    0xff, 0xff, 0xff, 0xff, 0xff, 0xf1, 0x0, 0x0,
    0x1f, 0xff, 0xff, 0xff, 0xff, 0xff, 0xff, 0xff,
    0xf1, 0x0, 0x0, 0x1f, 0xff, 0xff, 0xff, 0xff,
    0xff, 0xff, 0xff, 0xf1, 0x0, 0x0, 0x1f, 0xff,
    0xff, 0xff, 0xff, 0xff, 0xff, 0xff, 0xf1, 0x0,
    0x0, 0xf, 0xff, 0xff, 0xff, 0xff, 0xff, 0xff,
    0xff, 0xf0, 0x0, 0x0, 0xb, 0xff, 0xff, 0xff,
    0xff, 0xff, 0xff, 0xff, 0xb0, 0x0, 0x0, 0x4,
    0xff, 0xff, 0xff, 0xff, 0xff, 0xff, 0xff, 0x40,
    0x0, 0x0, 0x0, 0xaf, 0xff, 0xff, 0xff, 0xff,
    0xff, 0xfa, 0x0, 0x0, 0x0, 0x0, 0xc, 0xff,
    0xff, 0xff, 0xff, 0xff, 0xc0, 0x0, 0x0, 0x0,
    0x0, 0x0, 0x9f, 0xff, 0xff, 0xff, 0xf9, 0x0,
    0x0, 0x0, 0x0, 0x0, 0x1, 0xaf, 0xff, 0xff,
    0xff, 0xfa, 0x10, 0x0, 0x0, 0x0, 0x0, 0x1d,
    0xff, 0xfa, 0x77, 0xaf, 0xff, 0xd1, 0x0, 0x0,
    0x0, 0x0, 0xbf, 0xfb, 0x10, 0x0, 0x1, 0xbf,
    0xfb, 0x0, 0x0, 0x0, 0x5, 0xff, 0xb0, 0x0,
    0x0, 0x0, 0xb, 0xff, 0x50, 0x0, 0x0, 0xb,
    0xff, 0x10, 0x0, 0x0, 0x0, 0x2, 0xff, 0xb0,
    0x0, 0x0, 0xf, 0xfb, 0x0, 0x0, 0x0, 0x0,
    0x0, 0xbf, 0xf0, 0x0, 0x0, 0x1f, 0xf9, 0x0,
    0x0, 0x0, 0x0, 0x0, 0x9f, 0xf1, 0x0, 0x0,
    0x1f, 0xf9, 0x0, 0x0, 0x0, 0x0, 0x0, 0x9f,
    0xf1, 0x0, 0x0, 0x1f, 0xf9, 0x0, 0x0, 0x0,
    0x0, 0x0, 0x9f, 0xf1, 0x0, 0x0, 0x1f, 0xf9,
    0x0, 0x0, 0x0, 0x0, 0x0, 0x9f, 0xf1, 0x0,
    0x0, 0x2f, 0xf9, 0x0, 0x0, 0x0, 0x0, 0x0,
    0x9f, 0xf2, 0x0, 0x9f, 0xff, 0xff, 0xff, 0xff,
    0xff, 0xff, 0xff, 0xff, 0xff, 0xf9, 0xdf, 0xff,
    0xff, 0xff, 0xff, 0xff, 0xff, 0xff, 0xff, 0xff,
    0xfd, 0x39, 0x99, 0x99, 0x99, 0x99, 0x99, 0x99,
    0x99, 0x99, 0x99, 0x93,

    /* U+EAA2 "" */
    0x4, 0xce, 0xee, 0xee, 0xee, 0xee, 0xee, 0xee,
    0xee, 0xee, 0xee, 0xee, 0xec, 0x40, 0x3f, 0xff,
    0xff, 0xff, 0xff, 0xff, 0xff, 0xff, 0xff, 0xff,
    0xff, 0xff, 0xff, 0xf3, 0x8f, 0xff, 0xff, 0xff,
    0xff, 0xff, 0xff, 0xff, 0xff, 0xff, 0xff, 0xff,
    0xff, 0xf8, 0x9f, 0xff, 0xff, 0xff, 0xff, 0xff,
    0xff, 0xff, 0xff, 0xff, 0xff, 0xff, 0xff, 0xf9,
    0x9f, 0xff, 0xff, 0xff, 0xff, 0xff, 0xff, 0xff,
    0xad, 0xff, 0xff, 0xff, 0xff, 0xf9, 0x9f, 0xff,
    0xff, 0xff, 0xff, 0xff, 0xff, 0xf7, 0x1, 0xff,
    0xff, 0xff, 0xff, 0xf9, 0x9f, 0xff, 0xff, 0xff,
    0xff, 0xff, 0xff, 0xe0, 0x0, 0x9f, 0xff, 0xff,
    0xff, 0xf9, 0x8f, 0xff, 0xff, 0xff, 0xff, 0xff,
    0xff, 0x70, 0x0, 0x1f, 0xff, 0xff, 0xff, 0xf8,
    0x7f, 0xff, 0xff, 0xff, 0xff, 0xff, 0xfe, 0x0,
    0x30, 0x9, 0xff, 0xff, 0xff, 0xf7, 0x5d, 0xdd,
    0xdd, 0xdd, 0xdf, 0xff, 0xf7, 0x0, 0xe4, 0x1,
    0xdd, 0xdd, 0xdd, 0xd5, 0x10, 0x0, 0x0, 0x0,
    0x4, 0xff, 0xe0, 0x6, 0xfc, 0x0, 0x0, 0x0,
    0x0, 0x1, 0x10, 0x0, 0x0, 0x0, 0x0, 0xcf,
    0x60, 0xe, 0xff, 0x50, 0x0, 0x0, 0x0, 0x1,
    0x5d, 0xdd, 0xdd, 0xdd, 0x10, 0x4e, 0x0, 0x6f,
    0xff, 0xfd, 0xdd, 0xdd, 0xdd, 0xd5, 0x7f, 0xff,
    0xff, 0xff, 0x90, 0x3, 0x0, 0xef, 0xff, 0xff,
    0xff, 0xff, 0xff, 0xf7, 0x8f, 0xff, 0xff, 0xff,
    0xf2, 0x0, 0x6, 0xff, 0xff, 0xff, 0xff, 0xff,
    0xff, 0xf8, 0x9f, 0xff, 0xff, 0xff, 0xf9, 0x0,
    0xe, 0xff, 0xff, 0xff, 0xff, 0xff, 0xff, 0xf9,
    0x9f, 0xff, 0xff, 0xff, 0xff, 0x20, 0x6f, 0xff,
    0xff, 0xff, 0xff, 0xff, 0xff, 0xf9, 0x9f, 0xff,
    0xff, 0xff, 0xff, 0xd9, 0xff, 0xff, 0xff, 0xff,
    0xff, 0xff, 0xff, 0xf9, 0x9f, 0xff, 0xff, 0xff,
    0xff, 0xff, 0xff, 0xff, 0xff, 0xff, 0xff, 0xff,
    0xff, 0xf9, 0x8f, 0xff, 0xff, 0xff, 0xff, 0xff,
    0xff, 0xff, 0xff, 0xff, 0xff, 0xff, 0xff, 0xf8,
    0x3f, 0xff, 0xff, 0xff, 0xff, 0xff, 0xff, 0xff,
    0xff, 0xff, 0xff, 0xff, 0xff, 0xf3, 0x4, 0xce,
    0xee, 0xee, 0xee, 0xee, 0xee, 0xee, 0xee, 0xee,
    0xee, 0xee, 0xec, 0x40,

    /* U+EB2F "" */
    0x0, 0x0, 0x0, 0x0, 0x5, 0x88, 0x88, 0x88,
    0x50, 0x0, 0x0, 0x0, 0x0, 0x0, 0x0, 0x0,
    0x0, 0xbf, 0xff, 0xff, 0xff, 0xfb, 0x0, 0x0,
    0x0, 0x0, 0x0, 0x0, 0x0, 0x3, 0xff, 0xff,
    0xff, 0xff, 0xff, 0x30, 0x0, 0x0, 0x0, 0x0,
    0x0, 0x0, 0x5, 0xff, 0xff, 0xff, 0xff, 0xff,
    0x50, 0x0, 0x0, 0x0, 0x0, 0x0, 0x0, 0x5,
    0xff, 0xff, 0xff, 0xff, 0xff, 0x50, 0x0, 0x0,
    0x0, 0x0, 0x0, 0x0, 0x5, 0xff, 0xff, 0xff,
    0xff, 0xff, 0x50, 0x0, 0x0, 0x0, 0x0, 0x0,
    0x0, 0x5, 0xff, 0xff, 0xff, 0xff, 0xff, 0x50,
    0x0, 0x0, 0x0, 0x0, 0x0, 0x0, 0x4, 0xff,
    0xff, 0xff, 0xff, 0xff, 0x40, 0x0, 0x0, 0x0,
    0x0, 0x0, 0x0, 0x0, 0xef, 0xff, 0xff, 0xff,
    0xfe, 0x0, 0x0, 0x0, 0x0, 0x0, 0x0, 0x0,
    0x0, 0x2b, 0xee, 0xff, 0xfe, 0xc3, 0x0, 0x0,
    0x0, 0x0, 0x0, 0x0, 0x0, 0x0, 0x0, 0x1,
    0xff, 0x70, 0x0, 0x0, 0x0, 0x0, 0x0, 0x0,
    0x0, 0x0, 0x0, 0x0, 0x1, 0xff, 0x70, 0x0,
    0x0, 0x0, 0x0, 0x0, 0x0, 0x0, 0x0, 0x27,
    0x77, 0x78, 0xff, 0xb7, 0x77, 0x73, 0x0, 0x0,
    0x0, 0x0, 0x0, 0x5, 0xff, 0xff, 0xff, 0xff,
    0xff, 0xff, 0xff, 0x60, 0x0, 0x0, 0x0, 0x0,
    0xe, 0xff, 0xff, 0xff, 0xff, 0xff, 0xff, 0xff,
    0xe0, 0x0, 0x0, 0x0, 0x0, 0x1f, 0xf8, 0x0,
    0x0, 0x0, 0x0, 0x0, 0x8f, 0xf1, 0x0, 0x0,
    0x0, 0x0, 0x1f, 0xf8, 0x0, 0x0, 0x0, 0x0,
    0x0, 0x8f, 0xf1, 0x0, 0x0, 0x0, 0x0, 0x1f,
    0xf8, 0x0, 0x0, 0x0, 0x0, 0x0, 0x8f, 0xf1,
    0x0, 0x0, 0x1, 0xae, 0xef, 0xff, 0xec, 0x30,
    0x0, 0x3, 0xce, 0xff, 0xfe, 0xea, 0x10, 0xd,
    0xff, 0xff, 0xff, 0xff, 0xf1, 0x0, 0x1f, 0xff,
    0xff, 0xff, 0xff, 0xd0, 0x2f, 0xff, 0xff, 0xff,
    0xff, 0xf5, 0x0, 0x5f, 0xff, 0xff, 0xff, 0xff,
    0xf2, 0x3f, 0xff, 0xff, 0xff, 0xff, 0xf6, 0x0,
    0x6f, 0xff, 0xff, 0xff, 0xff, 0xf3, 0x3f, 0xff,
    0xff, 0xff, 0xff, 0xf6, 0x0, 0x6f, 0xff, 0xff,
    0xff, 0xff, 0xf3, 0x3f, 0xff, 0xff, 0xff, 0xff,
    0xf6, 0x0, 0x6f, 0xff, 0xff, 0xff, 0xff, 0xf3,
    0x3f, 0xff, 0xff, 0xff, 0xff, 0xf6, 0x0, 0x6f,
    0xff, 0xff, 0xff, 0xff, 0xf3, 0x1f, 0xff, 0xff,
    0xff, 0xff, 0xf4, 0x0, 0x4f, 0xff, 0xff, 0xff,
    0xff, 0xf1, 0x9, 0xff, 0xff, 0xff, 0xff, 0xc0,
    0x0, 0xc, 0xff, 0xff, 0xff, 0xff, 0x90, 0x0,
    0x58, 0x88, 0x88, 0x85, 0x0, 0x0, 0x0, 0x58,
    0x88, 0x88, 0x85, 0x0,

    /* U+EB36 "" */
    0x0, 0x13, 0x33, 0x33, 0x33, 0x33, 0x33, 0x33,
    0x33, 0x33, 0x33, 0x30, 0x0, 0x6, 0xff, 0xff,
    0xff, 0xff, 0xff, 0xff, 0xff, 0xff, 0xff, 0xff,
    0xfe, 0x40, 0x1f, 0xff, 0xff, 0xff, 0xff, 0xff,
    0xff, 0xff, 0xff, 0xff, 0xff, 0xff, 0xd0, 0x3f,
    0xff, 0xff, 0xff, 0xff, 0xff, 0xff, 0xff, 0xff,
    0xff, 0xff, 0xff, 0xf0, 0x3f, 0xff, 0xff, 0xff,
    0xff, 0xff, 0xff, 0xff, 0xff, 0xff, 0xff, 0xff,
    0xf1, 0x3f, 0xff, 0xff, 0xff, 0xff, 0xff, 0xff,
    0xff, 0xff, 0xff, 0xff, 0xff, 0xf1, 0x3f, 0xff,
    0xff, 0xff, 0xff, 0xff, 0xff, 0xff, 0xff, 0xff,
    0xff, 0xff, 0xf1, 0x3f, 0xff, 0xff, 0xff, 0xff,
    0xff, 0xff, 0xff, 0xff, 0xff, 0xff, 0xff, 0xf1,
    0x3f, 0xff, 0xff, 0xff, 0xff, 0xff, 0xff, 0xff,
    0xff, 0xff, 0xff, 0xff, 0xf1, 0x3f, 0xff, 0xff,
    0xff, 0xff, 0xff, 0xff, 0xff, 0xff, 0xff, 0xff,
    0xff, 0xf1, 0x3f, 0xff, 0xff, 0xff, 0xff, 0xff,
    0xff, 0xff, 0xff, 0xff, 0xff, 0xff, 0xf1, 0x3f,
    0xff, 0xff, 0xff, 0xff, 0xff, 0xff, 0xff, 0xff,
    0xff, 0xff, 0xff, 0xf1, 0x3f, 0xff, 0xff, 0xff,
    0xff, 0xff, 0xff, 0xff, 0xff, 0xff, 0xff, 0xff,
    0xf1, 0x3f, 0xff, 0xff, 0xff, 0xff, 0xff, 0xff,
    0xff, 0xff, 0xff, 0xff, 0xff, 0xf1, 0x3f, 0xff,
    0xff, 0xff, 0xff, 0xff, 0xff, 0xff, 0xff, 0xff,
    0xff, 0xff, 0xf1, 0x3f, 0xff, 0xff, 0xff, 0xff,
    0xff, 0xff, 0xff, 0xff, 0xff, 0xff, 0xff, 0xf1,
    0x3f, 0xff, 0xff, 0xff, 0xff, 0xff, 0xff, 0xff,
    0xff, 0xff, 0xff, 0xff, 0xf1, 0x3f, 0xff, 0xff,
    0xff, 0xff, 0xff, 0xff, 0xff, 0xff, 0xff, 0xff,
    0xff, 0xf1, 0x3f, 0xff, 0xff, 0xff, 0xff, 0xff,
    0xff, 0xff, 0xff, 0xff, 0xff, 0xff, 0xf1, 0x3f,
    0xff, 0xff, 0xff, 0xff, 0xff, 0xff, 0xff, 0xff,
    0xff, 0xff, 0xff, 0xf1, 0x3f, 0xff, 0xff, 0xff,
    0xff, 0xff, 0xff, 0xff, 0xff, 0xff, 0xff, 0xff,
    0xf1, 0x3f, 0xff, 0xff, 0xff, 0xff, 0xff, 0xff,
    0xff, 0xff, 0xff, 0xff, 0xff, 0xf1, 0x3f, 0xff,
    0xff, 0xff, 0xff, 0xff, 0xff, 0xff, 0xff, 0xff,
    0xff, 0xff, 0xf0, 0x1f, 0xff, 0xff, 0xff, 0xff,
    0xff, 0xff, 0xff, 0xff, 0xff, 0xff, 0xff, 0xd0,
    0x6, 0xff, 0xff, 0xff, 0xff, 0xff, 0xff, 0xff,
    0xff, 0xff, 0xff, 0xfe, 0x40, 0x0, 0x13, 0x33,
    0x33, 0x33, 0x33, 0x33, 0x33, 0x33, 0x33, 0x33,
    0x30, 0x0,

    /* U+EB7D "" */
    0x0, 0x0, 0x0, 0x4c, 0xdd, 0xdd, 0xdd, 0xdd,
    0xdd, 0x90, 0x0, 0x0, 0x0, 0x0, 0x0, 0x0,
    0x3f, 0xff, 0xff, 0xff, 0xff, 0xff, 0xff, 0xc1,
    0x0, 0x0, 0x0, 0x0, 0x0, 0x8, 0xff, 0xff,
    0xff, 0xff, 0xff, 0xff, 0xff, 0xc1, 0x0, 0x0,
    0x0, 0x0, 0x0, 0x9f, 0xff, 0xff, 0xff, 0xff,
    0xff, 0xef, 0xff, 0xd1, 0x0, 0x0, 0x0, 0x0,
    0x9, 0xff, 0xff, 0xff, 0xff, 0xff, 0xff, 0xef,
    0xff, 0xd1, 0x0, 0x0, 0x0, 0x0, 0x9f, 0xff,
    0xff, 0xff, 0xff, 0xff, 0xff, 0xef, 0xff, 0xd1,
    0x0, 0x0, 0x0, 0x9, 0xff, 0xff, 0xff, 0xff,
    0xe0, 0x1e, 0xff, 0xef, 0xff, 0xd1, 0x0, 0x20,
    0x0, 0x9f, 0xff, 0xff, 0xff, 0xfb, 0x0, 0xdf,
    0xff, 0xef, 0xff, 0xd0, 0x6f, 0xd0, 0x9, 0xff,
    0xff, 0xff, 0xd9, 0x60, 0x7, 0x9d, 0xff, 0xef,
    0xff, 0x69, 0xff, 0x0, 0x9f, 0xff, 0xff, 0xf1,
    0x0, 0x0, 0x0, 0x2f, 0xff, 0xef, 0xf8, 0x9f,
    0xf1, 0x9, 0xff, 0xff, 0xff, 0x84, 0x30, 0x3,
    0x49, 0xff, 0xfe, 0xff, 0x99, 0xff, 0x10, 0x9f,
    0xff, 0xff, 0xff, 0xfb, 0x0, 0xdf, 0xff, 0xff,
    0xef, 0xf9, 0x9f, 0xf1, 0x9, 0xff, 0xff, 0xff,
    0xff, 0xc0, 0xd, 0xff, 0xff, 0xfe, 0xff, 0x99,
    0xff, 0x10, 0x9f, 0xff, 0xff, 0xff, 0xff, 0xab,
    0xff, 0xff, 0xff, 0xef, 0xf9, 0x9f, 0xf1, 0x9,
    0xff, 0xff, 0xff, 0xff, 0xff, 0xff, 0xff, 0xff,
    0xfe, 0xff, 0x99, 0xff, 0x10, 0x9f, 0xff, 0xff,
    0xff, 0xff, 0xff, 0xff, 0xff, 0xff, 0xef, 0xf9,
    0x9f, 0xf1, 0x9, 0xff, 0xff, 0xff, 0x61, 0x11,
    0x11, 0x17, 0xff, 0xfe, 0xff, 0x99, 0xff, 0x10,
    0x9f, 0xff, 0xff, 0xf0, 0x0, 0x0, 0x0, 0x2f,
    0xff, 0xef, 0xf9, 0x9f, 0xf1, 0x9, 0xff, 0xff,
    0xff, 0xa5, 0x55, 0x55, 0x5b, 0xff, 0xfe, 0xff,
    0x99, 0xff, 0x10, 0x9f, 0xff, 0xff, 0xff, 0xff,
    0xff, 0xff, 0xff, 0xff, 0xef, 0xf9, 0x9f, 0xf1,
    0x9, 0xff, 0xff, 0xff, 0xff, 0xff, 0xff, 0xff,
    0xff, 0xfe, 0xff, 0x99, 0xff, 0x10, 0x9f, 0xff,
    0xff, 0xff, 0xff, 0xff, 0xff, 0xff, 0xff, 0xef,
    0xf9, 0x9f, 0xf1, 0x8, 0xff, 0xff, 0xff, 0xff,
    0xff, 0xff, 0xff, 0xff, 0xff, 0xff, 0x89, 0xff,
    0x10, 0x3f, 0xff, 0xff, 0xff, 0xff, 0xff, 0xff,
    0xff, 0xff, 0xff, 0xf3, 0x9f, 0xf1, 0x0, 0x5c,
    0xee, 0xee, 0xee, 0xee, 0xee, 0xee, 0xee, 0xee,
    0xc4, 0x9, 0xff, 0x10, 0x0, 0x0, 0x0, 0x0,
    0x0, 0x0, 0x0, 0x0, 0x0, 0x0, 0x0, 0x9f,
    0xf1, 0x0, 0x0, 0x0, 0x0, 0x0, 0x0, 0x0,
    0x0, 0x0, 0x0, 0x0, 0x8, 0xff, 0xba, 0xaa,
    0xaa, 0xaa, 0xaa, 0xaa, 0xaa, 0xa2, 0x0, 0x0,
    0x0, 0x0, 0x4f, 0xff, 0xff, 0xff, 0xff, 0xff,
    0xff, 0xff, 0xff, 0xb0, 0x0, 0x0, 0x0, 0x0,
    0x6d, 0xff, 0xff, 0xff, 0xff, 0xff, 0xff, 0xff,
    0xe6, 0x0, 0x0, 0x0, 0x0,

    /* U+EB8E "" */
    0x5, 0xdf, 0xff, 0xff, 0xff, 0xff, 0xff, 0xff,
    0xff, 0xff, 0xff, 0xff, 0xfd, 0x50, 0x3f, 0xff,
    0xff, 0xff, 0xff, 0xff, 0xff, 0xff, 0xff, 0xff,
    0xff, 0xff, 0xff, 0xf3, 0x8f, 0xff, 0xff, 0xff,
    0xff, 0xff, 0xff, 0xff, 0xff, 0xff, 0xff, 0xff,
    0xff, 0xf8, 0x9f, 0xff, 0xff, 0xff, 0xff, 0xff,
    0xff, 0xff, 0xff, 0xff, 0xff, 0xff, 0xff, 0xf9,
    0x9f, 0xff, 0xff, 0xff, 0xff, 0xff, 0xff, 0xff,
    0xff, 0xff, 0xff, 0xff, 0xff, 0xf9, 0x9f, 0xf7,
    0x77, 0x77, 0x77, 0x77, 0x77, 0x77, 0x77, 0x77,
    0x77, 0x77, 0x7f, 0xf9, 0x9f, 0xf1, 0x0, 0x0,
    0x0, 0x0, 0x0, 0x0, 0x0, 0x0, 0x0, 0x0,
    0x1f, 0xf9, 0x9f, 0xf1, 0x0, 0x2, 0x20, 0x0,
    0x0, 0x0, 0x0, 0x0, 0x0, 0x0, 0x1f, 0xf9,
    0x9f, 0xf1, 0x0, 0x1f, 0xf5, 0x0, 0x0, 0x0,
    0x0, 0x0, 0x0, 0x0, 0x1f, 0xf9, 0x9f, 0xf1,
    0x0, 0xd, 0xff, 0x50, 0x0, 0x0, 0x0, 0x0,
    0x0, 0x0, 0x1f, 0xf9, 0x9f, 0xf1, 0x0, 0x1,
    0xdf, 0xf5, 0x0, 0x0, 0x0, 0x0, 0x0, 0x0,
    0x1f, 0xf9, 0x9f, 0xf1, 0x0, 0x0, 0x1d, 0xff,
    0x40, 0x0, 0x0, 0x0, 0x0, 0x0, 0x1f, 0xf9,
    0x9f, 0xf1, 0x0, 0x0, 0x8, 0xff, 0x70, 0x0,
    0x0, 0x0, 0x0, 0x0, 0x1f, 0xf9, 0x9f, 0xf1,
    0x0, 0x0, 0x7f, 0xfc, 0x0, 0x0, 0x0, 0x0,
    0x0, 0x0, 0x1f, 0xf9, 0x9f, 0xf1, 0x0, 0x7,
    0xff, 0xc0, 0x0, 0x0, 0x0, 0x0, 0x0, 0x0,
    0x1f, 0xf9, 0x9f, 0xf1, 0x0, 0x1f, 0xfc, 0x0,
    0x0, 0x8f, 0xff, 0xff, 0xf7, 0x0, 0x1f, 0xf9,
    0x9f, 0xf1, 0x0, 0xa, 0xa0, 0x0, 0x0, 0xcf,
    0xff, 0xff, 0xfb, 0x0, 0x1f, 0xf9, 0x9f, 0xf1,
    0x0, 0x0, 0x0, 0x0, 0x0, 0x15, 0x66, 0x66,
    0x51, 0x0, 0x1f, 0xf9, 0x9f, 0xf1, 0x0, 0x0,
    0x0, 0x0, 0x0, 0x0, 0x0, 0x0, 0x0, 0x0,
    0x1f, 0xf9, 0x8f, 0xfb, 0xbb, 0xbb, 0xbb, 0xbb,
    0xbb, 0xbb, 0xbb, 0xbb, 0xbb, 0xbb, 0xbf, 0xf8,
    0x3f, 0xff, 0xff, 0xff, 0xff, 0xff, 0xff, 0xff,
    0xff, 0xff, 0xff, 0xff, 0xff, 0xf3, 0x5, 0xdf,
    0xff, 0xff, 0xff, 0xff, 0xff, 0xff, 0xff, 0xff,
    0xff, 0xff, 0xfd, 0x50,

    /* U+EB90 "" */
    0x0, 0x0, 0x0, 0x0, 0x0, 0x0, 0x4, 0x0,
    0x0, 0x0, 0x0, 0x0, 0x0, 0x0, 0x0, 0x0,
    0x0, 0x0, 0x0, 0x0, 0x5f, 0xd5, 0x0, 0x0,
    0x0, 0x0, 0x0, 0x0, 0x0, 0x6e, 0x70, 0x0,
    0x0, 0x0, 0x5f, 0xff, 0xc0, 0x0, 0x3, 0xf8,
    0x10, 0x0, 0x0, 0x8f, 0xfe, 0x50, 0x0, 0x0,
    0x5f, 0xff, 0x80, 0x0, 0x4, 0xff, 0xf8, 0x0,
    0x0, 0x8f, 0xff, 0xa0, 0x0, 0x0, 0x4f, 0x91,
    0x0, 0x0, 0x4, 0xff, 0xfd, 0x0, 0x0, 0x7f,
    0xc4, 0x0, 0x0, 0x0, 0x0, 0x0, 0x0, 0x0,
    0x4, 0xfe, 0x60, 0x0, 0x0, 0x14, 0x0, 0x0,
    0x0, 0x0, 0x0, 0x0, 0x0, 0x0, 0x0, 0x50,
    0x0, 0x0, 0x0, 0x0, 0x0, 0x36, 0x8a, 0xcd,
    0xee, 0xee, 0xdc, 0xa8, 0x63, 0x0, 0x0, 0x0,
    0x0, 0x5, 0xbf, 0xff, 0xff, 0xff, 0xff, 0xff,
    0xff, 0xff, 0xff, 0xfa, 0x50, 0x0, 0x4, 0xdf,
    0xff, 0xff, 0xff, 0xec, 0xcb, 0xbc, 0xce, 0xff,
    0xff, 0xff, 0xfd, 0x40, 0x4f, 0xff, 0xfd, 0x84,
    0x10, 0x0, 0x0, 0x0, 0x0, 0x1, 0x48, 0xdf,
    0xff, 0xf4, 0x9f, 0xff, 0xc3, 0x0, 0x0, 0x0,
    0x0, 0x0, 0x0, 0x0, 0x0, 0x3c, 0xff, 0xf9,
    0x9f, 0xff, 0xff, 0xeb, 0x86, 0x42, 0x21, 0x12,
    0x24, 0x68, 0xbe, 0xff, 0xff, 0xf9, 0x9f, 0xff,
    0xff, 0xff, 0xff, 0xff, 0xff, 0xff, 0xff, 0xff,
    0xff, 0xff, 0xff, 0xf9, 0x9f, 0xff, 0xff, 0xff,
    0xff, 0xff, 0xff, 0xff, 0xff, 0xff, 0xff, 0xff,
    0xff, 0xf9, 0x9f, 0xff, 0xff, 0xff, 0xff, 0xff,
    0xff, 0xff, 0xff, 0xff, 0xff, 0xff, 0xff, 0xf9,
    0x9f, 0xff, 0xff, 0xff, 0xff, 0xff, 0xff, 0xff,
    0xff, 0xff, 0xff, 0xff, 0xff, 0xf9, 0x9f, 0xff,
    0xff, 0xff, 0xff, 0xff, 0xff, 0xff, 0xff, 0xff,
    0xff, 0xff, 0xff, 0xf9, 0x9f, 0xff, 0xff, 0xff,
    0xff, 0xff, 0xff, 0xff, 0xff, 0xff, 0xff, 0xff,
    0xff, 0xf9, 0x9f, 0xff, 0xff, 0xff, 0xff, 0x0,
    0x48, 0x84, 0x0, 0xff, 0xff, 0xff, 0xff, 0xf9,
    0x9f, 0xff, 0xff, 0xff, 0xff, 0xf4, 0x0, 0x0,
    0x4f, 0xff, 0xff, 0xff, 0xff, 0xf9, 0x9f, 0xff,
    0xff, 0xff, 0xff, 0x60, 0x0, 0x0, 0x7, 0xff,
    0xff, 0xff, 0xff, 0xf9, 0x9f, 0xff, 0xff, 0xff,
    0xff, 0x0, 0x0, 0x0, 0x0, 0xff, 0xff, 0xff,
    0xff, 0xf9, 0x9f, 0xff, 0xff, 0xff, 0xff, 0x0,
    0x0, 0x0, 0x0, 0xff, 0xff, 0xff, 0xff, 0xf9,
    0x3f, 0xff, 0xff, 0xff, 0xff, 0x0, 0x0, 0x0,
    0x0, 0xff, 0xff, 0xff, 0xff, 0xf3, 0x3, 0xcf,
    0xff, 0xff, 0xff, 0x0, 0x0, 0x0, 0x0, 0xff,
    0xff, 0xff, 0xfc, 0x30, 0x0, 0x2, 0x7c, 0xff,
    0xfe, 0x0, 0x0, 0x0, 0x0, 0xff, 0xff, 0xc7,
    0x20, 0x0, 0x0, 0x0, 0x0, 0x1, 0x43, 0x0,
    0x0, 0x0, 0x0, 0x44, 0x20, 0x0, 0x0, 0x0,

    /* U+EBD4 "" */
    0x0, 0x0, 0x16, 0x77, 0x61, 0x0, 0x0, 0x0,
    0x0, 0xbf, 0xff, 0xfb, 0x0, 0x0, 0x0, 0x0,
    0xdf, 0xff, 0xfd, 0x0, 0x0, 0xaf, 0xff, 0xff,
    0xff, 0xff, 0xff, 0xf9, 0xff, 0xff, 0xff, 0xff,
    0xff, 0xff, 0xff, 0xff, 0xea, 0xaa, 0xaa, 0xaa,
    0xae, 0xff, 0xff, 0xb0, 0x0, 0x0, 0x0, 0xb,
    0xff, 0xff, 0xb0, 0x0, 0x0, 0x0, 0xb, 0xff,
    0xff, 0xb0, 0x0, 0x0, 0x0, 0xb, 0xff, 0xff,
    0xb0, 0x0, 0x0, 0x0, 0xb, 0xff, 0xff, 0xb0,
    0x0, 0x0, 0x0, 0xb, 0xff, 0xff, 0xff, 0xff,
    0xff, 0xff, 0xff, 0xff, 0xff, 0xff, 0xff, 0xff,
    0xff, 0xff, 0xff, 0xff, 0xff, 0xff, 0xff, 0xff,
    0xff, 0xff, 0xff, 0xff, 0xff, 0xff, 0xff, 0xff,
    0xff, 0xff, 0xff, 0xff, 0xff, 0xff, 0xff, 0xff,
    0xff, 0xff, 0xff, 0xff, 0xff, 0xff, 0xff, 0xff,
    0xff, 0xff, 0xff, 0xff, 0xff, 0xff, 0xff, 0xff,
    0xff, 0xff, 0xff, 0xff, 0xff, 0xff, 0xff, 0xff,
    0xff, 0xff, 0xff, 0xff, 0xff, 0xff, 0xff, 0xff,
    0xff, 0xff, 0xff, 0xff, 0xff, 0xff, 0xff, 0xff,
    0xff, 0xff, 0xff, 0xff, 0xff, 0xff, 0xff, 0xff,
    0xff, 0xff, 0xff, 0xff, 0xff, 0xff, 0xff, 0xff,
    0xff, 0xff, 0xff, 0xff, 0xff, 0xff, 0xff, 0xff,
    0xff, 0xff, 0xff, 0xff, 0xff, 0xff, 0xef, 0xff,
    0xff, 0xff, 0xff, 0xff, 0xfe, 0x39, 0x99, 0x99,
    0x99, 0x99, 0x99, 0x93,

    /* U+EBD9 "" */
    0x0, 0x0, 0x16, 0x77, 0x61, 0x0, 0x0, 0x0,
    0x0, 0xbf, 0xff, 0xfb, 0x0, 0x0, 0x0, 0x0,
    0xdf, 0xff, 0xfd, 0x0, 0x0, 0xaf, 0xff, 0xff,
    0xff, 0xff, 0xff, 0xf9, 0xff, 0xff, 0xff, 0xff,
    0xff, 0xff, 0xff, 0xff, 0xea, 0xaa, 0xaa, 0xaa,
    0xae, 0xff, 0xff, 0xb0, 0x0, 0x0, 0x0, 0xb,
    0xff, 0xff, 0xb0, 0x0, 0x0, 0x0, 0xb, 0xff,
    0xff, 0xb0, 0x0, 0x0, 0x0, 0xb, 0xff, 0xff,
    0xb0, 0x0, 0x0, 0x0, 0xb, 0xff, 0xff, 0xb0,
    0x0, 0x0, 0x0, 0xb, 0xff, 0xff, 0xb0, 0x0,
    0x0, 0x0, 0xb, 0xff, 0xff, 0xb0, 0x0, 0x0,
    0x0, 0xb, 0xff, 0xff, 0xb0, 0x0, 0x0, 0x0,
    0xb, 0xff, 0xff, 0xb0, 0x0, 0x0, 0x0, 0xb,
    0xff, 0xff, 0xb0, 0x0, 0x0, 0x0, 0xb, 0xff,
    0xff, 0xb0, 0x0, 0x0, 0x0, 0xb, 0xff, 0xff,
    0xb0, 0x0, 0x0, 0x0, 0xb, 0xff, 0xff, 0xb0,
    0x0, 0x0, 0x0, 0xb, 0xff, 0xff, 0xb0, 0x0,
    0x0, 0x0, 0xb, 0xff, 0xff, 0xb0, 0x0, 0x0,
    0x0, 0xb, 0xff, 0xff, 0xb0, 0x0, 0x0, 0x0,
    0xb, 0xff, 0xff, 0xff, 0xff, 0xff, 0xff, 0xff,
    0xff, 0xff, 0xff, 0xff, 0xff, 0xff, 0xff, 0xff,
    0xff, 0xff, 0xff, 0xff, 0xff, 0xff, 0xff, 0xff,
    0xff, 0xff, 0xff, 0xff, 0xff, 0xff, 0xef, 0xff,
    0xff, 0xff, 0xff, 0xff, 0xfd, 0x27, 0x77, 0x77,
    0x77, 0x77, 0x77, 0x72,

    /* U+EBDD "" */
    0x0, 0x0, 0x16, 0x77, 0x61, 0x0, 0x0, 0x0,
    0x0, 0xbf, 0xff, 0xfb, 0x0, 0x0, 0x0, 0x0,
    0xdf, 0xff, 0xfd, 0x0, 0x0, 0xaf, 0xff, 0xff,
    0xff, 0xff, 0xff, 0xf9, 0xff, 0xff, 0xff, 0xff,
    0xff, 0xff, 0xff, 0xff, 0xea, 0xaa, 0xaa, 0xaa,
    0xae, 0xff, 0xff, 0xb0, 0x0, 0x0, 0x0, 0xb,
    0xff, 0xff, 0xb0, 0x0, 0x0, 0x0, 0xb, 0xff,
    0xff, 0xb0, 0x0, 0x0, 0x0, 0xb, 0xff, 0xff,
    0xb0, 0x0, 0x0, 0x0, 0xb, 0xff, 0xff, 0xb0,
    0x0, 0x0, 0x0, 0xb, 0xff, 0xff, 0xb0, 0x0,
    0x0, 0x0, 0xb, 0xff, 0xff, 0xb0, 0x0, 0x0,
    0x0, 0xb, 0xff, 0xff, 0xb0, 0x0, 0x0, 0x0,
    0xb, 0xff, 0xff, 0xb0, 0x0, 0x0, 0x0, 0xb,
    0xff, 0xff, 0xb0, 0x0, 0x0, 0x0, 0xb, 0xff,
    0xff, 0xc4, 0x44, 0x44, 0x44, 0x4c, 0xff, 0xff,
    0xff, 0xff, 0xff, 0xff, 0xff, 0xff, 0xff, 0xff,
    0xff, 0xff, 0xff, 0xff, 0xff, 0xff, 0xff, 0xff,
    0xff, 0xff, 0xff, 0xff, 0xff, 0xff, 0xff, 0xff,
    0xff, 0xff, 0xff, 0xff, 0xff, 0xff, 0xff, 0xff,
    0xff, 0xff, 0xff, 0xff, 0xff, 0xff, 0xff, 0xff,
    0xff, 0xff, 0xff, 0xff, 0xff, 0xff, 0xff, 0xff,
    0xff, 0xff, 0xff, 0xff, 0xff, 0xff, 0xff, 0xff,
    0xff, 0xff, 0xff, 0xff, 0xff, 0xff, 0xff, 0xff,
    0xff, 0xff, 0xff, 0xff, 0xff, 0x6c, 0xcc, 0xcc,
    0xcc, 0xcc, 0xcc, 0xc6,

    /* U+EC1C "" */
    0x0, 0x0, 0x0, 0x0, 0x0, 0x0, 0x0, 0x0,
    0x85, 0x0, 0x0, 0x0, 0x0, 0x0, 0x0, 0x0,
    0x0, 0x0, 0x0, 0x1c, 0xff, 0x0, 0x0, 0x0,
    0x0, 0x0, 0x0, 0x0, 0x0, 0x0, 0x1, 0xdf,
    0xfb, 0x0, 0x0, 0x0, 0x0, 0x0, 0x0, 0x0,
    0x0, 0x0, 0x2d, 0xff, 0xf2, 0x0, 0x0, 0x0,
    0x0, 0x0, 0x0, 0x0, 0x0, 0x2, 0xef, 0xff,
    0x90, 0x0, 0x0, 0x0, 0x0, 0x0, 0x0, 0x0,
    0x0, 0x3e, 0xff, 0xff, 0x10, 0x0, 0x0, 0x0,
    0x0, 0x0, 0x0, 0x0, 0x4, 0xff, 0xff, 0xf8,
    0x0, 0x0, 0x0, 0x0, 0x0, 0x0, 0x0, 0x0,
    0x4f, 0xff, 0xff, 0xe0, 0x0, 0x0, 0x0, 0x0,
    0x0, 0x0, 0x0, 0x5, 0xff, 0xfe, 0xff, 0x70,
    0x0, 0x0, 0x0, 0x0, 0x0, 0x0, 0x0, 0x6f,
    0xff, 0xef, 0xfd, 0x0, 0x0, 0x0, 0x0, 0x0,
    0x0, 0x0, 0x7, 0xff, 0xff, 0xff, 0xfb, 0x53,
    0x10, 0x0, 0x0, 0x0, 0x0, 0x0, 0x8f, 0xff,
    0xff, 0xff, 0xff, 0xff, 0xff, 0xec, 0xa8, 0x20,
    0x0, 0x9, 0xff, 0xff, 0xfe, 0xee, 0xef, 0xff,
    0xff, 0xff, 0xff, 0xc0, 0x0, 0xaf, 0xff, 0xff,
    0xff, 0xff, 0xfe, 0xee, 0xee, 0xef, 0xff, 0x90,
    0x9, 0xff, 0xfe, 0xee, 0xee, 0xef, 0xff, 0xff,
    0xff, 0xff, 0xfa, 0x0, 0xc, 0xff, 0xff, 0xff,
    0xff, 0xfe, 0xee, 0xff, 0xff, 0xff, 0x90, 0x0,
    0x2, 0x8a, 0xce, 0xff, 0xff, 0xff, 0xff, 0xff,
    0xff, 0xf8, 0x0, 0x0, 0x0, 0x0, 0x0, 0x2,
    0x46, 0xcf, 0xff, 0xff, 0xff, 0x70, 0x0, 0x0,
    0x0, 0x0, 0x0, 0x0, 0x0, 0xef, 0xff, 0xff,
    0xf6, 0x0, 0x0, 0x0, 0x0, 0x0, 0x0, 0x0,
    0x7, 0xff, 0xef, 0xff, 0x50, 0x0, 0x0, 0x0,
    0x0, 0x0, 0x0, 0x0, 0x1e, 0xff, 0xff, 0xf5,
    0x0, 0x0, 0x0, 0x0, 0x0, 0x0, 0x0, 0x0,
    0x8f, 0xff, 0xff, 0x40, 0x0, 0x0, 0x0, 0x0,
    0x0, 0x0, 0x0, 0x1, 0xff, 0xff, 0xe3, 0x0,
    0x0, 0x0, 0x0, 0x0, 0x0, 0x0, 0x0, 0x9,
    0xff, 0xfe, 0x20, 0x0, 0x0, 0x0, 0x0, 0x0,
    0x0, 0x0, 0x0, 0x2f, 0xff, 0xd2, 0x0, 0x0,
    0x0, 0x0, 0x0, 0x0, 0x0, 0x0, 0x0, 0xbf,
    0xfd, 0x10, 0x0, 0x0, 0x0, 0x0, 0x0, 0x0,
    0x0, 0x0, 0x0, 0xff, 0xc1, 0x0, 0x0, 0x0,
    0x0, 0x0, 0x0, 0x0, 0x0, 0x0, 0x0, 0x58,
    0x0, 0x0, 0x0, 0x0, 0x0, 0x0, 0x0, 0x0,

    /* U+EC20 "" */
    0x0, 0x0, 0x0, 0x0, 0x0, 0x15, 0x60, 0x0,
    0x26, 0x30, 0x0, 0x0, 0x0, 0x0, 0x0, 0x0,
    0x0, 0x0, 0x0, 0x5c, 0xff, 0xf5, 0x0, 0xdf,
    0xfe, 0x92, 0x0, 0x0, 0x0, 0x0, 0x0, 0x0,
    0x0, 0x2c, 0xff, 0xff, 0xf2, 0x0, 0x9f, 0xff,
    0xff, 0x80, 0x0, 0x0, 0x0, 0x0, 0x0, 0x1,
    0xff, 0xff, 0xc7, 0x10, 0x0, 0x3, 0x9e, 0xff,
    0xf8, 0x0, 0x0, 0x0, 0x0, 0x0, 0x0, 0xdf,
    0xc3, 0x0, 0x0, 0x0, 0x0, 0x0, 0x6e, 0xf6,
    0x0, 0x0, 0x0, 0x0, 0x0, 0x0, 0x2, 0x0,
    0x0, 0x0, 0x0, 0x0, 0x0, 0x0, 0x10, 0x0,
    0x0, 0x0, 0x0, 0x1a, 0x40, 0x0, 0x0, 0x0,
    0x0, 0x0, 0x0, 0x0, 0x0, 0x0, 0x8, 0x90,
    0x0, 0x0, 0xbf, 0xe0, 0x0, 0x0, 0x0, 0x0,
    0x0, 0x0, 0x0, 0x0, 0x0, 0x3f, 0xf7, 0x0,
    0x4, 0xff, 0xb0, 0x0, 0x0, 0x0, 0x0, 0x0,
    0x0, 0x0, 0x0, 0x0, 0x1f, 0xff, 0x10, 0xc,
    0xff, 0x30, 0x0, 0x0, 0x0, 0x0, 0x20, 0x0,
    0x0, 0x0, 0x0, 0x7, 0xff, 0x80, 0x2f, 0xfb,
    0x0, 0x0, 0x0, 0x0, 0x1, 0xf9, 0x0, 0x0,
    0x0, 0x0, 0x0, 0xef, 0xe0, 0x7f, 0xf5, 0x0,
    0x0, 0x0, 0x0, 0x7, 0xff, 0x10, 0x0, 0x0,
    0x0, 0x0, 0x9f, 0xf2, 0xaf, 0xf0, 0x0, 0x0,
    0x0, 0x0, 0xe, 0xff, 0x70, 0x0, 0x0, 0x0,
    0x0, 0x4f, 0xf6, 0x4c, 0x60, 0x0, 0x0, 0x0,
    0x3, 0xbf, 0xff, 0xf7, 0x10, 0x0, 0x0, 0x0,
    0x9, 0xc2, 0x0, 0x0, 0x0, 0x0, 0x4, 0xcf,
    0xff, 0xff, 0xff, 0xf8, 0x0, 0x0, 0x0, 0x0,
    0x0, 0x0, 0x0, 0x0, 0x0, 0x8, 0xff, 0xff,
    0xff, 0xff, 0xff, 0x20, 0x0, 0x0, 0x0, 0x0,
    0x0, 0x0, 0x0, 0x0, 0x0, 0x3a, 0xff, 0xff,
    0xfe, 0x70, 0x0, 0x0, 0x0, 0x0, 0x0, 0x0,
    0x0, 0x0, 0x0, 0x0, 0x0, 0x2f, 0xff, 0xb0,
    0x0, 0x0, 0x0, 0x0, 0x0, 0x0, 0x0, 0x11,
    0x11, 0x10, 0x0, 0x0, 0xa, 0xff, 0x30, 0x0,
    0x0, 0x0, 0x0, 0x0, 0x0, 0x9f, 0xff, 0xff,
    0xff, 0x40, 0x0, 0x3, 0xfc, 0x0, 0x0, 0x0,
    0x0, 0x0, 0x6e, 0x60, 0xef, 0xff, 0xff, 0xff,
    0x70, 0x0, 0x0, 0x83, 0x0, 0x0, 0x0, 0x0,
    0x2, 0xff, 0xa0, 0xef, 0xff, 0xe8, 0x87, 0x0,
    0x0, 0x0, 0x0, 0x0, 0x0, 0x0, 0x0, 0xa,
    0xff, 0x40, 0xef, 0xff, 0xf5, 0x0, 0x0, 0x0,
    0x0, 0x0, 0x0, 0x0, 0x0, 0x0, 0x6f, 0xfc,
    0x0, 0xef, 0xef, 0xff, 0x40, 0x0, 0x0, 0x0,
    0x0, 0x0, 0x0, 0x0, 0x4, 0xff, 0xf2, 0x0,
    0xef, 0xc7, 0xff, 0xf6, 0x0, 0x0, 0x0, 0x0,
    0x0, 0x0, 0x0, 0x5f, 0xff, 0x60, 0x0, 0xef,
    0xc0, 0x8f, 0xff, 0xb2, 0x0, 0x0, 0x0, 0x0,
    0x0, 0x1a, 0xff, 0xf7, 0x0, 0x0, 0xcf, 0x90,
    0x7, 0xff, 0xff, 0xa5, 0x10, 0x0, 0x0, 0x4a,
    0xff, 0xff, 0x60, 0x0, 0x0, 0x15, 0x0, 0x0,
    0x3d, 0xff, 0xff, 0xfe, 0xdd, 0xef, 0xff, 0xff,
    0xd3, 0x0, 0x0, 0x0, 0x0, 0x0, 0x0, 0x0,
    0x6d, 0xff, 0xff, 0xff, 0xff, 0xff, 0xd6, 0x0,
    0x0, 0x0, 0x0, 0x0, 0x0, 0x0, 0x0, 0x0,
    0x27, 0xac, 0xdd, 0xca, 0x73, 0x0, 0x0, 0x0,
    0x0, 0x0,

    /* U+EF4A "" */
    0x0, 0x0, 0x0, 0x0, 0x0, 0x15, 0x78, 0x87,
    0x51, 0x0, 0x0, 0x0, 0x0, 0x0, 0x0, 0x0,
    0x0, 0x0, 0x5c, 0xff, 0xff, 0xff, 0xff, 0xc6,
    0x0, 0x0, 0x0, 0x0, 0x0, 0x0, 0x0, 0x4d,
    0xff, 0xff, 0xff, 0xff, 0xff, 0xff, 0xd4, 0x0,
    0x0, 0x0, 0x0, 0x0, 0x8, 0xff, 0xff, 0xff,
    0xff, 0xff, 0xff, 0xff, 0xff, 0x80, 0x0, 0x0,
    0x0, 0x0, 0xaf, 0xff, 0xff, 0xff, 0xff, 0xff,
    0xff, 0xff, 0xff, 0xfa, 0x0, 0x0, 0x0, 0x8,
    0xff, 0xff, 0xff, 0xff, 0xff, 0xff, 0xff, 0xff,
    0xff, 0xff, 0x80, 0x0, 0x0, 0x4f, 0xff, 0xff,
    0xff, 0xff, 0xff, 0xff, 0xff, 0xff, 0xff, 0xff,
    0xf4, 0x0, 0x0, 0xdf, 0xff, 0xff, 0xff, 0xff,
    0xff, 0xff, 0xff, 0xff, 0xff, 0xff, 0xfd, 0x0,
    0x6, 0xff, 0xff, 0xff, 0xff, 0xff, 0xff, 0xff,
    0xff, 0xff, 0xff, 0xff, 0xff, 0x60, 0xc, 0xff,
    0xff, 0xff, 0xff, 0xff, 0xff, 0xff, 0xff, 0xff,
    0xff, 0xff, 0xff, 0xc0, 0x1f, 0xff, 0xff, 0xff,
    0xff, 0xff, 0xff, 0xff, 0xff, 0xff, 0xff, 0xff,
    0xff, 0xf1, 0x5f, 0xff, 0xff, 0xff, 0xff, 0xff,
    0xff, 0xff, 0xff, 0xff, 0xff, 0xff, 0xff, 0xf5,
    0x7f, 0xff, 0xff, 0xff, 0xff, 0xff, 0xff, 0xff,
    0xff, 0xff, 0xff, 0xff, 0xff, 0xf7, 0x8f, 0xff,
    0xff, 0xff, 0xff, 0xff, 0xff, 0xff, 0xff, 0xff,
    0xff, 0xff, 0xff, 0xf8, 0x8f, 0xff, 0xff, 0xff,
    0xff, 0xff, 0xff, 0xff, 0xff, 0xff, 0xff, 0xff,
    0xff, 0xf8, 0x7f, 0xff, 0xff, 0xff, 0xff, 0xff,
    0xff, 0xff, 0xff, 0xff, 0xff, 0xff, 0xff, 0xf7,
    0x5f, 0xff, 0xff, 0xff, 0xff, 0xff, 0xff, 0xff,
    0xff, 0xff, 0xff, 0xff, 0xff, 0xf5, 0x1f, 0xff,
    0xff, 0xff, 0xff, 0xff, 0xff, 0xff, 0xff, 0xff,
    0xff, 0xff, 0xff, 0xf1, 0xc, 0xff, 0xff, 0xff,
    0xff, 0xff, 0xff, 0xff, 0xff, 0xff, 0xff, 0xff,
    0xff, 0xc0, 0x6, 0xff, 0xff, 0xff, 0xff, 0xff,
    0xff, 0xff, 0xff, 0xff, 0xff, 0xff, 0xff, 0x50,
    0x0, 0xdf, 0xff, 0xff, 0xff, 0xff, 0xff, 0xff,
    0xff, 0xff, 0xff, 0xff, 0xfd, 0x0, 0x0, 0x4f,
    0xff, 0xff, 0xff, 0xff, 0xff, 0xff, 0xff, 0xff,
    0xff, 0xff, 0xf4, 0x0, 0x0, 0x8, 0xff, 0xff,
    0xff, 0xff, 0xff, 0xff, 0xff, 0xff, 0xff, 0xff,
    0x80, 0x0, 0x0, 0x0, 0xaf, 0xff, 0xff, 0xff,
    0xff, 0xff, 0xff, 0xff, 0xff, 0xfa, 0x0, 0x0,
    0x0, 0x0, 0x8, 0xff, 0xff, 0xff, 0xff, 0xff,
    0xff, 0xff, 0xff, 0x80, 0x0, 0x0, 0x0, 0x0,
    0x0, 0x4d, 0xff, 0xff, 0xff, 0xff, 0xff, 0xff,
    0xd4, 0x0, 0x0, 0x0, 0x0, 0x0, 0x0, 0x0,
    0x6c, 0xff, 0xff, 0xff, 0xff, 0xc6, 0x0, 0x0,
    0x0, 0x0, 0x0, 0x0, 0x0, 0x0, 0x0, 0x15,
    0x78, 0x87, 0x51, 0x0, 0x0, 0x0, 0x0, 0x0,

    /* U+EF5F "" */
    0x0, 0x0, 0x0, 0x0, 0x0, 0x0, 0x0, 0x0,
    0x0, 0x0, 0x0, 0x0, 0x0, 0x2, 0xcf, 0xff,
    0xff, 0xff, 0xff, 0xff, 0xff, 0xff, 0xff, 0xff,
    0xfe, 0x40, 0xc, 0xff, 0xff, 0xff, 0xff, 0xff,
    0xff, 0xff, 0xff, 0xff, 0xff, 0xff, 0xf1, 0xf,
    0xfd, 0xaa, 0xaa, 0xaa, 0xaa, 0xaa, 0xaa, 0xaa,
    0xaa, 0xaa, 0xbf, 0xf5, 0x1f, 0xf9, 0x0, 0x0,
    0x0, 0x0, 0x0, 0x0, 0x0, 0x0, 0x0, 0x4f,
    0xf6, 0x1f, 0xf9, 0x0, 0x0, 0x0, 0x0, 0x7a,
    0x10, 0x0, 0x0, 0x0, 0x4f, 0xf6, 0x1f, 0xf9,
    0x0, 0x0, 0x0, 0x8, 0xff, 0xd1, 0x0, 0x0,
    0x0, 0x4f, 0xf6, 0x1f, 0xf9, 0x0, 0x0, 0x0,
    0x7f, 0xff, 0xfc, 0x0, 0x0, 0x0, 0x4f, 0xf6,
    0x1f, 0xf9, 0x0, 0x0, 0x6, 0xff, 0xff, 0xff,
    0xc0, 0x0, 0x0, 0x4f, 0xf6, 0x1f, 0xf9, 0x0,
    0x0, 0x3f, 0xfe, 0xff, 0xdf, 0xfa, 0x0, 0x0,
    0x4f, 0xf6, 0x1f, 0xf9, 0x0, 0x0, 0x7f, 0xe2,
    0xff, 0x69, 0xfd, 0x0, 0x0, 0x4f, 0xf6, 0x1f,
    0xf9, 0x0, 0x0, 0x6, 0x20, 0xff, 0x60, 0x52,
    0x0, 0x0, 0x4f, 0xf6, 0x1f, 0xf9, 0x0, 0x0,
    0x0, 0x0, 0xff, 0x60, 0x0, 0x0, 0x0, 0x4f,
    0xf6, 0x1f, 0xf9, 0x0, 0x0, 0x0, 0x0, 0xff,
    0x60, 0x0, 0x0, 0x0, 0x4f, 0xf6, 0x1f, 0xf9,
    0x0, 0x0, 0x0, 0x0, 0xcf, 0x30, 0x0, 0x0,
    0x0, 0x4f, 0xf6, 0x1f, 0xfa, 0x11, 0x11, 0x0,
    0x0, 0x1, 0x0, 0x0, 0x11, 0x11, 0x5f, 0xf6,
    0x1f, 0xff, 0xff, 0xff, 0xf7, 0x0, 0x0, 0x0,
    0x3f, 0xff, 0xff, 0xff, 0xf6, 0x1f, 0xff, 0xff,
    0xff, 0xff, 0x50, 0x0, 0x2, 0xef, 0xff, 0xff,
    0xff, 0xf6, 0x1f, 0xff, 0xff, 0xff, 0xff, 0xfa,
    0x55, 0x8f, 0xff, 0xff, 0xff, 0xff, 0xf6, 0x1f,
    0xff, 0xff, 0xff, 0xff, 0xff, 0xff, 0xff, 0xff,
    0xff, 0xff, 0xff, 0xf6, 0x1f, 0xff, 0xff, 0xff,
    0xff, 0xff, 0xff, 0xff, 0xff, 0xff, 0xff, 0xff,
    0xf6, 0x1f, 0xff, 0xff, 0xff, 0xff, 0xff, 0xff,
    0xff, 0xff, 0xff, 0xff, 0xff, 0xf6, 0xf, 0xff,
    0xff, 0xff, 0xff, 0xff, 0xff, 0xff, 0xff, 0xff,
    0xff, 0xff, 0xf5, 0xd, 0xff, 0xff, 0xff, 0xff,
    0xff, 0xff, 0xff, 0xff, 0xff, 0xff, 0xff, 0xf2,
    0x3, 0xef, 0xff, 0xff, 0xff, 0xff, 0xff, 0xff,
    0xff, 0xff, 0xff, 0xff, 0x70, 0x0, 0x3, 0x33,
    0x33, 0x33, 0x33, 0x33, 0x33, 0x33, 0x33, 0x33,
    0x31, 0x0,

    /* U+EF64 "" */
    0x0, 0x0, 0x0, 0x0, 0x0, 0x15, 0x78, 0x87,
    0x51, 0x0, 0x0, 0x0, 0x0, 0x0, 0x0, 0x0,
    0x0, 0x0, 0x5c, 0xff, 0xff, 0xff, 0xff, 0xc6,
    0x0, 0x0, 0x0, 0x0, 0x0, 0x0, 0x0, 0x4d,
    0xff, 0xff, 0xff, 0xff, 0xff, 0xff, 0xd4, 0x0,
    0x0, 0x0, 0x0, 0x0, 0x8, 0xff, 0xff, 0xff,
    0xff, 0xff, 0xff, 0xff, 0xff, 0x80, 0x0, 0x0,
    0x0, 0x0, 0xaf, 0xff, 0xff, 0xff, 0xff, 0xff,
    0xff, 0xff, 0xff, 0xfa, 0x0, 0x0, 0x0, 0x8,
    0xff, 0xff, 0xff, 0xff, 0xff, 0xff, 0xff, 0xff,
    0xff, 0xff, 0x80, 0x0, 0x0, 0x4f, 0xff, 0xff,
    0xff, 0xff, 0xff, 0xff, 0xff, 0xff, 0xff, 0xff,
    0xf4, 0x0, 0x0, 0xdf, 0xff, 0xff, 0xff, 0xff,
    0xff, 0xff, 0xff, 0xff, 0xff, 0xff, 0xfd, 0x0,
    0x6, 0xff, 0xff, 0xff, 0xff, 0xff, 0xff, 0xff,
    0xff, 0xff, 0xff, 0xff, 0xff, 0x60, 0xc, 0xff,
    0xff, 0xff, 0xff, 0xff, 0xff, 0xff, 0xff, 0xff,
    0xff, 0xff, 0xff, 0xc0, 0x1f, 0xff, 0xff, 0xff,
    0xff, 0xff, 0xff, 0xff, 0xff, 0xff, 0xff, 0xff,
    0xff, 0xf1, 0x5f, 0xff, 0xff, 0xff, 0xff, 0xff,
    0xff, 0xff, 0xff, 0xff, 0xff, 0xff, 0xff, 0xf5,
    0x7f, 0xff, 0xfe, 0x53, 0xbf, 0xff, 0xd4, 0x4d,
    0xff, 0xfb, 0x35, 0xff, 0xff, 0xf7, 0x8f, 0xff,
    0xf7, 0x0, 0x1f, 0xff, 0x40, 0x4, 0xff, 0xf1,
    0x0, 0x7f, 0xff, 0xf8, 0x8f, 0xff, 0xf7, 0x0,
    0x1f, 0xff, 0x40, 0x4, 0xff, 0xf1, 0x0, 0x7f,
    0xff, 0xf8, 0x7f, 0xff, 0xfe, 0x53, 0xbf, 0xff,
    0xd4, 0x4d, 0xff, 0xfb, 0x35, 0xff, 0xff, 0xf7,
    0x5f, 0xff, 0xff, 0xff, 0xff, 0xff, 0xff, 0xff,
    0xff, 0xff, 0xff, 0xff, 0xff, 0xf5, 0x1f, 0xff,
    0xff, 0xff, 0xff, 0xff, 0xff, 0xff, 0xff, 0xff,
    0xff, 0xff, 0xff, 0xf1, 0xc, 0xff, 0xff, 0xff,
    0xff, 0xff, 0xff, 0xff, 0xff, 0xff, 0xff, 0xff,
    0xff, 0xc0, 0x6, 0xff, 0xff, 0xff, 0xff, 0xff,
    0xff, 0xff, 0xff, 0xff, 0xff, 0xff, 0xff, 0x50,
    0x0, 0xdf, 0xff, 0xff, 0xff, 0xff, 0xff, 0xff,
    0xff, 0xff, 0xff, 0xff, 0xfd, 0x0, 0x0, 0x4f,
    0xff, 0xff, 0xff, 0xff, 0xff, 0xff, 0xff, 0xff,
    0xff, 0xff, 0xf4, 0x0, 0x0, 0x8, 0xff, 0xff,
    0xff, 0xff, 0xff, 0xff, 0xff, 0xff, 0xff, 0xff,
    0x80, 0x0, 0x0, 0x0, 0xaf, 0xff, 0xff, 0xff,
    0xff, 0xff, 0xff, 0xff, 0xff, 0xfa, 0x0, 0x0,
    0x0, 0x0, 0x8, 0xff, 0xff, 0xff, 0xff, 0xff,
    0xff, 0xff, 0xff, 0x80, 0x0, 0x0, 0x0, 0x0,
    0x0, 0x4d, 0xff, 0xff, 0xff, 0xff, 0xff, 0xff,
    0xd4, 0x0, 0x0, 0x0, 0x0, 0x0, 0x0, 0x0,
    0x6c, 0xff, 0xff, 0xff, 0xff, 0xc6, 0x0, 0x0,
    0x0, 0x0, 0x0, 0x0, 0x0, 0x0, 0x0, 0x15,
    0x78, 0x87, 0x51, 0x0, 0x0, 0x0, 0x0, 0x0,

    /* U+EF6E "" */
    0x0, 0x0, 0x1, 0x0, 0x32, 0x0, 0x33, 0x0,
    0x33, 0x0, 0x23, 0x0, 0x10, 0x0, 0x0, 0x1e,
    0x34, 0xff, 0x34, 0xff, 0x44, 0xff, 0x43, 0xff,
    0x43, 0xe1, 0x0, 0x0, 0x1f, 0xff, 0xff, 0xff,
    0xff, 0xff, 0xff, 0xff, 0xff, 0xff, 0xf1, 0x0,
    0x0, 0x1f, 0xff, 0xff, 0xff, 0xff, 0xff, 0xff,
    0xff, 0xff, 0xff, 0xf1, 0x0, 0x0, 0x1f, 0xf9,
    0x11, 0x11, 0x11, 0x11, 0x11, 0x11, 0x11, 0x9f,
    0xf1, 0x0, 0x0, 0x1f, 0xf9, 0x0, 0x0, 0x0,
    0x0, 0x0, 0x0, 0x0, 0x9f, 0xf1, 0x0, 0x0,
    0x1f, 0xf9, 0x0, 0x0, 0x0, 0x0, 0x0, 0x0,
    0x0, 0x9f, 0xf1, 0x0, 0x0, 0x1f, 0xf9, 0x7,
    0xdd, 0xdd, 0xdd, 0x80, 0x1b, 0x80, 0x9f, 0xf1,
    0x0, 0x0, 0x1f, 0xf9, 0xc, 0xff, 0xff, 0xff,
    0xe0, 0x4f, 0xe0, 0x9f, 0xf1, 0x0, 0x0, 0x1f,
    0xf9, 0x2, 0x77, 0x77, 0x77, 0x30, 0x5, 0x30,
    0x9f, 0xf1, 0x0, 0x0, 0x1f, 0xf9, 0x0, 0x0,
    0x0, 0x0, 0x0, 0x0, 0x0, 0x9f, 0xf1, 0x0,
    0x0, 0x1f, 0xf9, 0x2, 0x77, 0x77, 0x77, 0x30,
    0x6, 0x40, 0x9f, 0xf1, 0x0, 0x0, 0x1f, 0xf9,
    0xc, 0xff, 0xff, 0xff, 0xe0, 0x4f, 0xf0, 0x9f,
    0xf1, 0x0, 0x0, 0x1f, 0xf9, 0x7, 0xdd, 0xdd,
    0xdd, 0x80, 0xb, 0x70, 0x9f, 0xf1, 0x0, 0x0,
    0x1f, 0xf9, 0x0, 0x0, 0x0, 0x0, 0x0, 0x0,
    0x0, 0x9f, 0xf1, 0x0, 0x0, 0x1f, 0xf9, 0x0,
    0x0, 0x0, 0x0, 0x0, 0x0, 0x0, 0x9f, 0xf1,
    0x0, 0x0, 0x1f, 0xf9, 0x0, 0x0, 0x0, 0x0,
    0x0, 0x0, 0x0, 0x9f, 0xf1, 0x0, 0x0, 0x1f,
    0xf9, 0x0, 0x0, 0x0, 0x0, 0x0, 0x0, 0x0,
    0x9f, 0xf1, 0x0, 0x0, 0x1f, 0xf9, 0x0, 0x0,
    0x0, 0x0, 0x0, 0x0, 0x0, 0x9f, 0xf1, 0x7,
    0xaa, 0xaf, 0xf9, 0x0, 0x0, 0x0, 0x0, 0x0,
    0x0, 0x0, 0x9f, 0xf1, 0x4f, 0xff, 0xff, 0xff,
    0xff, 0xff, 0xff, 0xff, 0xff, 0xe7, 0x0, 0x9f,
    0xf1, 0x5f, 0xff, 0xff, 0xff, 0xff, 0xff, 0xff,
    0xff, 0xff, 0xfe, 0x0, 0x9f, 0xf1, 0x5f, 0xff,
    0xff, 0xff, 0xff, 0xff, 0xff, 0xff, 0xff, 0xfe,
    0x0, 0x9f, 0xf1, 0x5f, 0xff, 0xff, 0xff, 0xff,
    0xff, 0xff, 0xff, 0xff, 0xfe, 0x0, 0x9f, 0xf1,
    0x3f, 0xff, 0xff, 0xff, 0xff, 0xff, 0xff, 0xff,
    0xff, 0xff, 0x20, 0xdf, 0xf0, 0xe, 0xff, 0xff,
    0xff, 0xff, 0xff, 0xff, 0xff, 0xff, 0xff, 0xff,
    0xff, 0xa0, 0x3, 0xff, 0xff, 0xff, 0xff, 0xff,
    0xff, 0xff, 0xff, 0xff, 0xff, 0xfd, 0x10, 0x0,
    0x29, 0xbc, 0xcc, 0xcc, 0xcc, 0xcc, 0xcc, 0xcc,
    0xcc, 0xcb, 0x71, 0x0,

    /* U+EF71 "" */
    0x0, 0x0, 0x0, 0x0, 0x0, 0x15, 0x78, 0x87,
    0x51, 0x0, 0x0, 0x0, 0x0, 0x0, 0x0, 0x0,
    0x0, 0x0, 0x5c, 0xff, 0xff, 0xff, 0xff, 0xc6,
    0x0, 0x0, 0x0, 0x0, 0x0, 0x0, 0x0, 0x4d,
    0xff, 0xff, 0xff, 0xff, 0xff, 0xff, 0xd4, 0x0,
    0x0, 0x0, 0x0, 0x0, 0x8, 0xff, 0xff, 0xff,
    0xff, 0xff, 0xff, 0xff, 0xff, 0x80, 0x0, 0x0,
    0x0, 0x0, 0xaf, 0xff, 0xff, 0xff, 0xff, 0xff,
    0xff, 0xff, 0xff, 0xfa, 0x0, 0x0, 0x0, 0x8,
    0xff, 0xff, 0xff, 0xff, 0xff, 0xff, 0xff, 0xff,
    0xff, 0xff, 0x80, 0x0, 0x0, 0x4f, 0xff, 0xff,
    0xff, 0xff, 0xff, 0xff, 0xff, 0xff, 0xff, 0xff,
    0xf4, 0x0, 0x0, 0xdf, 0xff, 0xff, 0xff, 0xff,
    0xff, 0xff, 0xff, 0xff, 0xff, 0xff, 0xfd, 0x0,
    0x6, 0xff, 0xff, 0xff, 0xfe, 0xcc, 0xcc, 0xcc,
    0xcc, 0xef, 0xff, 0xff, 0xff, 0x60, 0xc, 0xff,
    0xff, 0xff, 0xe0, 0x0, 0x0, 0x0, 0x0, 0xe,
    0xff, 0xff, 0xff, 0xc0, 0x1f, 0xff, 0xff, 0xff,
    0xc0, 0x0, 0x0, 0x0, 0x0, 0xc, 0xff, 0xff,
    0xff, 0xf1, 0x5f, 0xff, 0xff, 0xff, 0xc0, 0x0,
    0x0, 0x0, 0x0, 0xc, 0xff, 0xff, 0xff, 0xf5,
    0x7f, 0xff, 0xff, 0xff, 0xc0, 0x0, 0x0, 0x0,
    0x0, 0xc, 0xff, 0xff, 0xff, 0xf7, 0x8f, 0xff,
    0xff, 0xff, 0xc0, 0x0, 0x0, 0x0, 0x0, 0xc,
    0xff, 0xff, 0xff, 0xf8, 0x8f, 0xff, 0xff, 0xff,
    0xc0, 0x0, 0x0, 0x0, 0x0, 0xc, 0xff, 0xff,
    0xff, 0xf8, 0x7f, 0xff, 0xff, 0xff, 0xc0, 0x0,
    0x0, 0x0, 0x0, 0xc, 0xff, 0xff, 0xff, 0xf7,
    0x5f, 0xff, 0xff, 0xff, 0xc0, 0x0, 0x0, 0x0,
    0x0, 0xc, 0xff, 0xff, 0xff, 0xf5, 0x1f, 0xff,
    0xff, 0xff, 0xc0, 0x0, 0x0, 0x0, 0x0, 0xc,
    0xff, 0xff, 0xff, 0xf1, 0xc, 0xff, 0xff, 0xff,
    0xe0, 0x0, 0x0, 0x0, 0x0, 0xe, 0xff, 0xff,
    0xff, 0xc0, 0x6, 0xff, 0xff, 0xff, 0xfe, 0xcc,
    0xcc, 0xcc, 0xcc, 0xef, 0xff, 0xff, 0xff, 0x50,
    0x0, 0xdf, 0xff, 0xff, 0xff, 0xff, 0xff, 0xff,
    0xff, 0xff, 0xff, 0xff, 0xfd, 0x0, 0x0, 0x4f,
    0xff, 0xff, 0xff, 0xff, 0xff, 0xff, 0xff, 0xff,
    0xff, 0xff, 0xf4, 0x0, 0x0, 0x8, 0xff, 0xff,
    0xff, 0xff, 0xff, 0xff, 0xff, 0xff, 0xff, 0xff,
    0x80, 0x0, 0x0, 0x0, 0xaf, 0xff, 0xff, 0xff,
    0xff, 0xff, 0xff, 0xff, 0xff, 0xfa, 0x0, 0x0,
    0x0, 0x0, 0x8, 0xff, 0xff, 0xff, 0xff, 0xff,
    0xff, 0xff, 0xff, 0x80, 0x0, 0x0, 0x0, 0x0,
    0x0, 0x4d, 0xff, 0xff, 0xff, 0xff, 0xff, 0xff,
    0xd4, 0x0, 0x0, 0x0, 0x0, 0x0, 0x0, 0x0,
    0x6c, 0xff, 0xff, 0xff, 0xff, 0xc6, 0x0, 0x0,
    0x0, 0x0, 0x0, 0x0, 0x0, 0x0, 0x0, 0x15,
    0x78, 0x87, 0x51, 0x0, 0x0, 0x0, 0x0, 0x0,

    /* U+EFE6 "" */
    0x0, 0x0, 0x0, 0x0, 0x0, 0x0, 0x0, 0x0,
    0x0, 0x0, 0x11, 0x10, 0x0, 0x0, 0x0, 0x0,
    0x7d, 0xff, 0xe8, 0x0, 0x0, 0x0, 0x3f, 0xff,
    0xf7, 0x0, 0x0, 0x0, 0xc, 0xff, 0xff, 0xff,
    0xd1, 0x0, 0x0, 0x7f, 0xff, 0xfb, 0x0, 0x0,
    0x0, 0xaf, 0xfd, 0x88, 0xdf, 0xfb, 0x0, 0x1,
    0xaf, 0xff, 0xfd, 0x20, 0x0, 0x2, 0xff, 0xc0,
    0x0, 0xb, 0xff, 0x20, 0xb, 0xff, 0xff, 0xff,
    0xf0, 0x0, 0x5, 0xff, 0x30, 0x0, 0x3, 0xff,
    0x60, 0xc, 0xff, 0xff, 0xff, 0xf1, 0x0, 0x6,
    0xff, 0x10, 0x0, 0x1, 0xff, 0x70, 0xc, 0xff,
    0xff, 0xff, 0xf1, 0x0, 0x7, 0xff, 0x10, 0x0,
    0x1, 0xff, 0x70, 0xc, 0xff, 0xff, 0xff, 0xf1,
    0x0, 0x7, 0xff, 0x10, 0x0, 0x1, 0xff, 0x70,
    0xc, 0xff, 0xff, 0xff, 0xf1, 0x0, 0x7, 0xff,
    0x10, 0x0, 0x1, 0xff, 0x70, 0x8, 0xff, 0xff,
    0xff, 0xc0, 0x0, 0x7, 0xff, 0x10, 0x0, 0x1,
    0xff, 0x70, 0x0, 0x13, 0xff, 0x71, 0x0, 0x0,
    0x7, 0xff, 0x10, 0x0, 0x1, 0xff, 0x70, 0x0,
    0x1, 0xff, 0x60, 0x0, 0x0, 0x7, 0xff, 0x10,
    0x0, 0x1, 0xff, 0x70, 0x0, 0x1, 0xff, 0x60,
    0x0, 0x0, 0x7, 0xff, 0x10, 0x0, 0x1, 0xff,
    0x70, 0x0, 0x1, 0xff, 0x60, 0x0, 0x0, 0x7,
    0xff, 0x10, 0x0, 0x1, 0xff, 0x70, 0x0, 0x1,
    0xff, 0x60, 0x0, 0x0, 0x17, 0xff, 0x31, 0x0,
    0x1, 0xff, 0x70, 0x0, 0x1, 0xff, 0x60, 0x0,
    0xc, 0xff, 0xff, 0xff, 0x80, 0x1, 0xff, 0x70,
    0x0, 0x1, 0xff, 0x60, 0x0, 0x1f, 0xff, 0xff,
    0xff, 0xc0, 0x1, 0xff, 0x70, 0x0, 0x1, 0xff,
    0x60, 0x0, 0x1f, 0xff, 0xff, 0xff, 0xc0, 0x1,
    0xff, 0x70, 0x0, 0x1, 0xff, 0x60, 0x0, 0x1f,
    0xff, 0xff, 0xff, 0xc0, 0x1, 0xff, 0x70, 0x0,
    0x1, 0xff, 0x60, 0x0, 0x1f, 0xff, 0xff, 0xff,
    0xc0, 0x0, 0xff, 0x90, 0x0, 0x3, 0xff, 0x50,
    0x0, 0xf, 0xff, 0xff, 0xff, 0xb0, 0x0, 0xcf,
    0xf2, 0x0, 0xb, 0xff, 0x10, 0x0, 0x2, 0xdf,
    0xff, 0xfa, 0x0, 0x0, 0x5f, 0xfe, 0x88, 0xdf,
    0xfa, 0x0, 0x0, 0x0, 0xcf, 0xff, 0xf6, 0x0,
    0x0, 0x9, 0xff, 0xff, 0xff, 0xc0, 0x0, 0x0,
    0x0, 0x8f, 0xff, 0xf3, 0x0, 0x0, 0x0, 0x6d,
    0xff, 0xe8, 0x0, 0x0, 0x0, 0x0, 0x1, 0x11,
    0x0, 0x0, 0x0, 0x0, 0x0, 0x0, 0x0, 0x0,
    0x0, 0x0,

    /* U+F001 "" */
    0x0, 0x0, 0x0, 0x0, 0x0, 0x13, 0x0, 0x0,
    0x31, 0x0, 0x0, 0x0, 0x0, 0x0, 0x0, 0x0,
    0x0, 0x0, 0x6c, 0xff, 0x60, 0x6, 0xff, 0xb5,
    0x0, 0x0, 0x0, 0x0, 0x0, 0x0, 0x0, 0x4d,
    0xff, 0xff, 0x70, 0x7, 0xff, 0xff, 0xd3, 0x0,
    0x0, 0x0, 0x0, 0x0, 0x8, 0xff, 0xff, 0xa5,
    0x0, 0x0, 0x5b, 0xff, 0xfc, 0x0, 0x0, 0x0,
    0x0, 0x0, 0xaf, 0xff, 0x91, 0x0, 0x0, 0x0,
    0x0, 0x19, 0xe6, 0x0, 0x0, 0x0, 0x0, 0x9,
    0xff, 0xe3, 0x0, 0x0, 0x0, 0x0, 0x0, 0x0,
    0x0, 0x0, 0x0, 0x0, 0x0, 0x4f, 0xfe, 0x20,
    0x0, 0x0, 0x0, 0x0, 0x0, 0x0, 0x0, 0x7,
    0xd4, 0x0, 0x0, 0xef, 0xf3, 0x0, 0x0, 0x0,
    0xa, 0x90, 0x0, 0x0, 0x0, 0xe, 0xfd, 0x0,
    0x6, 0xff, 0x80, 0x0, 0x0, 0x0, 0x3f, 0xf2,
    0x0, 0x0, 0x0, 0x9, 0xff, 0x50, 0xc, 0xff,
    0x10, 0x0, 0x0, 0x0, 0x3f, 0xf3, 0x0, 0x0,
    0x0, 0x1, 0xff, 0xc0, 0x1f, 0xfa, 0x0, 0x0,
    0x0, 0x0, 0x3f, 0xf3, 0x0, 0x0, 0x0, 0x0,
    0xbf, 0xf1, 0x5f, 0xf5, 0x0, 0x0, 0x0, 0x0,
    0x3f, 0xf3, 0x0, 0x0, 0x0, 0x0, 0x5f, 0xf2,
    0x7f, 0xf2, 0x0, 0x0, 0x22, 0x0, 0x3f, 0xf3,
    0x0, 0x22, 0x0, 0x0, 0x6, 0x50, 0x8f, 0xf1,
    0x0, 0x2, 0xff, 0x50, 0x3f, 0xf3, 0x4, 0xff,
    0x10, 0x0, 0x0, 0x0, 0x8f, 0xf1, 0x0, 0x1,
    0xff, 0xf5, 0x3f, 0xf3, 0x5f, 0xff, 0x10, 0x0,
    0x0, 0x0, 0x7f, 0xf2, 0x0, 0x0, 0x3f, 0xff,
    0x8f, 0xf8, 0xff, 0xf3, 0x0, 0x0, 0x8, 0x70,
    0x5f, 0xf5, 0x0, 0x0, 0x3, 0xff, 0xff, 0xff,
    0xff, 0x30, 0x0, 0x0, 0x6f, 0xf3, 0x1f, 0xfa,
    0x0, 0x0, 0x0, 0x3f, 0xff, 0xff, 0xf3, 0x0,
    0x0, 0x0, 0xbf, 0xf1, 0xc, 0xff, 0x10, 0x0,
    0x0, 0x3, 0xff, 0xff, 0x30, 0x0, 0x0, 0x2,
    0xff, 0xb0, 0x6, 0xff, 0x80, 0x0, 0x0, 0x0,
    0x3e, 0xe3, 0x0, 0x0, 0x0, 0xa, 0xff, 0x50,
    0x0, 0xef, 0xf3, 0x0, 0x0, 0x0, 0x0, 0x0,
    0x0, 0x0, 0x0, 0xf, 0xfd, 0x0, 0x0, 0x4f,
    0xfe, 0x20, 0x0, 0x0, 0x0, 0x0, 0x0, 0x0,
    0x0, 0x6, 0xc3, 0x0, 0x0, 0x9, 0xff, 0xe3,
    0x0, 0x0, 0x0, 0x0, 0x0, 0x0, 0x0, 0x0,
    0x0, 0x0, 0x0, 0x0, 0xaf, 0xff, 0x81, 0x0,
    0x0, 0x0, 0x0, 0x19, 0xe6, 0x0, 0x0, 0x0,
    0x0, 0x0, 0x9, 0xff, 0xff, 0xa5, 0x0, 0x0,
    0x5b, 0xff, 0xfc, 0x0, 0x0, 0x0, 0x0, 0x0,
    0x0, 0x5e, 0xff, 0xff, 0x70, 0x7, 0xff, 0xff,
    0xd3, 0x0, 0x0, 0x0, 0x0, 0x0, 0x0, 0x0,
    0x6c, 0xff, 0x60, 0x6, 0xff, 0xb5, 0x0, 0x0,
    0x0, 0x0, 0x0, 0x0, 0x0, 0x0, 0x0, 0x13,
    0x0, 0x0, 0x31, 0x0, 0x0, 0x0, 0x0, 0x0,

    /* U+F049 "" */
    0x0, 0x0, 0x0, 0x0, 0x0, 0x0, 0x0, 0x0,
    0x1, 0xaa, 0x30, 0x0, 0x0, 0x0, 0x0, 0x0,
    0x0, 0x0, 0x0, 0x0, 0x0, 0x1d, 0xff, 0xfb,
    0x40, 0x0, 0x0, 0x19, 0xdd, 0xa2, 0x0, 0x0,
    0x3, 0xc7, 0xef, 0xc8, 0xef, 0xfc, 0x40, 0x2,
    0xef, 0xff, 0xff, 0x40, 0x0, 0x9, 0xff, 0xfc,
    0x0, 0x7, 0xef, 0xf4, 0xc, 0xff, 0xcb, 0xff,
    0xd0, 0x0, 0x9, 0xff, 0xb0, 0x0, 0x0, 0x6,
    0xb1, 0x1f, 0xf9, 0x0, 0x7f, 0xff, 0xff, 0xff,
    0xff, 0x0, 0x0, 0x0, 0x0, 0x0, 0x2f, 0xf6,
    0x0, 0x4f, 0xff, 0xff, 0xff, 0xfe, 0x0, 0x0,
    0x0, 0x0, 0x0, 0xf, 0xfe, 0x44, 0xdf, 0xf6,
    0x66, 0x6c, 0xff, 0x60, 0x0, 0x0, 0x1, 0x40,
    0x7, 0xff, 0xff, 0xff, 0x90, 0x0, 0x9, 0xff,
    0xf6, 0x0, 0x1, 0x8f, 0xf5, 0x0, 0x7f, 0xff,
    0xff, 0xb0, 0x0, 0x7, 0xfd, 0xff, 0x61, 0x9f,
    0xff, 0xb1, 0x0, 0x7, 0xff, 0xff, 0xf3, 0x0,
    0x0, 0x30, 0x7f, 0xff, 0xff, 0xb3, 0x0, 0x0,
    0x2, 0xff, 0xff, 0xfc, 0x0, 0x0, 0x0, 0x6,
    0xff, 0xa2, 0x0, 0x0, 0x0, 0x0, 0xdf, 0xff,
    0xff, 0x40, 0x0, 0x0, 0x0, 0x21, 0x0, 0x0,
    0x0, 0x0, 0x0, 0x8f, 0xff, 0xff, 0xd0, 0x0,
    0x0, 0x0, 0x0, 0x0, 0x0, 0x0, 0x0, 0x0,
    0x4f, 0xff, 0xff, 0xf6, 0x0, 0x0, 0x0, 0x0,
    0x0, 0x0, 0x0, 0x0, 0x0, 0xe, 0xff, 0xff,
    0xfe, 0x0, 0x0, 0x0, 0x0, 0x0, 0x0, 0x0,
    0x0, 0x0, 0xa, 0xff, 0xff, 0xff, 0x70, 0x0,
    0x0, 0x0, 0x0, 0x0, 0x0, 0x0, 0x0, 0x5,
    0xff, 0xef, 0xff, 0xe0, 0x0, 0x0, 0x0, 0x0,
    0x0, 0x0, 0x0, 0x0, 0x0, 0xff, 0xef, 0xff,
    0xf8, 0x0, 0x0, 0x0, 0x0, 0x0, 0x0, 0x0,
    0x0, 0x0, 0xbf, 0xef, 0xff, 0xff, 0x10, 0x0,
    0x0, 0x0, 0x0, 0x0, 0x0, 0x0, 0x0, 0x6f,
    0xfe, 0xff, 0xff, 0x90, 0x0, 0x0, 0x0, 0x0,
    0x0, 0x0, 0x1a, 0xdd, 0xef, 0xff, 0xff, 0xff,
    0xfd, 0xdd, 0xc5, 0x0, 0x0, 0x0, 0x0, 0x9f,
    0xff, 0xff, 0xff, 0xff, 0xff, 0xff, 0xff, 0xff,
    0x10, 0x0, 0x0, 0x0, 0xaf, 0xff, 0xff, 0xff,
    0xff, 0xff, 0xff, 0xff, 0xff, 0x10, 0x0, 0x0,
    0x0, 0x2d, 0xff, 0xff, 0xff, 0xff, 0xff, 0xff,
    0xff, 0xf7, 0x0, 0x0, 0x0, 0x0, 0x0, 0x0,
    0x0, 0x0, 0x0, 0x0, 0x0, 0x0, 0x0, 0x0,
    0x0, 0x0,

    /* U+F04E "" */
    0x0, 0x0, 0x0, 0x0, 0x0, 0x37, 0x9a, 0xa9,
    0x73, 0x0, 0x0, 0x0, 0x0, 0x0, 0x0, 0x0,
    0x0, 0x1, 0x8e, 0xff, 0xff, 0xff, 0xff, 0xe8,
    0x10, 0x0, 0x0, 0x0, 0x0, 0x0, 0x0, 0x7e,
    0xff, 0xff, 0xfe, 0xef, 0xff, 0xff, 0xe7, 0x0,
    0x0, 0x0, 0x0, 0x0, 0xb, 0xff, 0xfc, 0x62,
    0x0, 0x0, 0x27, 0xcf, 0xff, 0xa0, 0x0, 0x0,
    0x0, 0x0, 0xdf, 0xfd, 0x40, 0x0, 0x0, 0x0,
    0x0, 0x5, 0xdf, 0xfc, 0x0, 0x0, 0x0, 0xb,
    0xff, 0xb0, 0x0, 0x0, 0x45, 0x64, 0x0, 0x0,
    0x1b, 0xff, 0xb0, 0x0, 0x0, 0x7f, 0xfb, 0x0,
    0x2, 0xaf, 0xff, 0xff, 0xfa, 0x10, 0x0, 0xbf,
    0xf7, 0x0, 0x1, 0xff, 0xd0, 0x0, 0x5f, 0xff,
    0xff, 0xff, 0xff, 0xf4, 0x0, 0x1d, 0xff, 0x10,
    0x9, 0xff, 0x40, 0x4, 0xff, 0xfb, 0x53, 0x35,
    0xbf, 0xff, 0x40, 0x4, 0xff, 0x90, 0xf, 0xfb,
    0x0, 0x1f, 0xff, 0x50, 0x0, 0x0, 0x5, 0xff,
    0xe1, 0x0, 0xcf, 0xf0, 0x4f, 0xf6, 0x0, 0x9f,
    0xf6, 0x0, 0x0, 0x0, 0x0, 0x6f, 0xf9, 0x0,
    0x6f, 0xf4, 0x8f, 0xf1, 0x0, 0xef, 0xc0, 0x0,
    0x6c, 0xc6, 0x0, 0xc, 0xfe, 0x0, 0x1f, 0xf8,
    0xaf, 0xe0, 0x2, 0xff, 0x60, 0x6, 0xff, 0xff,
    0x60, 0x6, 0xff, 0x20, 0xf, 0xfa, 0xbf, 0xd0,
    0x4, 0xff, 0x40, 0xc, 0xff, 0xff, 0xc0, 0x4,
    0xff, 0x40, 0xd, 0xfb, 0xbf, 0xd0, 0x4, 0xff,
    0x40, 0xc, 0xff, 0xff, 0xc0, 0x5, 0xff, 0x40,
    0xd, 0xfb, 0xaf, 0xe0, 0x2, 0xff, 0x60, 0x6,
    0xff, 0xff, 0xe2, 0x7, 0xff, 0x20, 0xe, 0xfa,
    0x8f, 0xf1, 0x0, 0xef, 0xc0, 0x0, 0x6c, 0xcf,
    0xfe, 0x3d, 0xfe, 0x0, 0x1f, 0xf8, 0x4f, 0xf5,
    0x0, 0x9f, 0xf6, 0x0, 0x0, 0x4, 0xff, 0xff,
    0xf8, 0x0, 0x5f, 0xf4, 0xf, 0xfb, 0x0, 0x1f,
    0xff, 0x50, 0x0, 0x0, 0x4f, 0xff, 0xe1, 0x0,
    0xbf, 0xf0, 0x9, 0xff, 0x30, 0x4, 0xff, 0xfb,
    0x52, 0x36, 0xcf, 0xff, 0xe2, 0x3, 0xff, 0x90,
    0x1, 0xff, 0xd0, 0x0, 0x5f, 0xff, 0xff, 0xff,
    0xff, 0xff, 0xfe, 0x2d, 0xff, 0x10, 0x0, 0x7f,
    0xfb, 0x0, 0x2, 0xaf, 0xff, 0xff, 0xfa, 0x14,
    0xff, 0xff, 0xf7, 0x0, 0x0, 0xb, 0xff, 0xb0,
    0x0, 0x0, 0x46, 0x64, 0x0, 0x0, 0x4f, 0xff,
    0xb0, 0x0, 0x0, 0x0, 0xdf, 0xfd, 0x40, 0x0,
    0x0, 0x0, 0x0, 0x3, 0xdf, 0xfc, 0x0, 0x0,
    0x0, 0x0, 0xb, 0xff, 0xfc, 0x62, 0x0, 0x0,
    0x26, 0xcf, 0xff, 0xa0, 0x0, 0x0, 0x0, 0x0,
    0x0, 0x7e, 0xff, 0xff, 0xfe, 0xef, 0xff, 0xff,
    0xe7, 0x0, 0x0, 0x0, 0x0, 0x0, 0x0, 0x1,
    0x8e, 0xff, 0xff, 0xff, 0xff, 0xe8, 0x10, 0x0,
    0x0, 0x0, 0x0, 0x0, 0x0, 0x0, 0x0, 0x37,
    0x9a, 0xa9, 0x73, 0x0, 0x0, 0x0, 0x0, 0x0,

    /* U+F053 "" */
    0x0, 0x0, 0x0, 0x0, 0x1, 0x96, 0x0, 0x0,
    0x0, 0x0, 0x0, 0x0, 0x0, 0x0, 0x0, 0x1c,
    0xff, 0x0, 0x0, 0x0, 0x0, 0x0, 0x0, 0x0,
    0x0, 0x1, 0xcf, 0xf8, 0x0, 0x0, 0x0, 0x0,
    0x0, 0x0, 0x0, 0x0, 0xc, 0xff, 0xf8, 0x64,
    0x0, 0x0, 0x0, 0x0, 0x0, 0x0, 0x0, 0x7f,
    0xff, 0xff, 0xff, 0xf9, 0x10, 0x0, 0x0, 0x0,
    0x0, 0x0, 0x3f, 0xff, 0xff, 0xff, 0xff, 0xf6,
    0x0, 0x0, 0x0, 0x3, 0x30, 0x4, 0xff, 0xf5,
    0x37, 0xdf, 0xff, 0x90, 0x0, 0x0, 0x4f, 0xf3,
    0x0, 0x5f, 0xfe, 0x0, 0x6, 0xff, 0xf7, 0x0,
    0x2, 0xff, 0xf2, 0x0, 0x5, 0xfc, 0x0, 0x0,
    0x3f, 0xff, 0x30, 0xa, 0xff, 0x70, 0x0, 0x0,
    0x0, 0x0, 0x0, 0x5, 0xff, 0xc0, 0x2f, 0xfc,
    0x0, 0x0, 0x0, 0x0, 0x0, 0x0, 0x0, 0xbf,
    0xf3, 0x7f, 0xf4, 0x0, 0x0, 0x0, 0x0, 0x0,
    0x0, 0x0, 0x3f, 0xf8, 0xbf, 0xf0, 0x0, 0x0,
    0x0, 0x0, 0x0, 0x0, 0x0, 0xe, 0xfc, 0xdf,
    0xd0, 0x0, 0x0, 0x0, 0x0, 0x0, 0x0, 0x0,
    0xc, 0xfd, 0xef, 0xc0, 0x0, 0x0, 0x0, 0x0,
    0x0, 0x0, 0x0, 0xc, 0xfe, 0xdf, 0xd0, 0x0,
    0x0, 0x0, 0x0, 0x0, 0x0, 0x0, 0xd, 0xfd,
    0xaf, 0xf1, 0x0, 0x0, 0x0, 0x0, 0x0, 0x0,
    0x0, 0xf, 0xfb, 0x6f, 0xf6, 0x0, 0x0, 0x0,
    0x0, 0x0, 0x0, 0x0, 0x5f, 0xf7, 0x1f, 0xfd,
    0x0, 0x0, 0x0, 0x0, 0x0, 0x0, 0x0, 0xdf,
    0xf1, 0x9, 0xff, 0x90, 0x0, 0x0, 0x0, 0x0,
    0x0, 0x9, 0xff, 0x90, 0x1, 0xef, 0xf9, 0x0,
    0x0, 0x0, 0x0, 0x0, 0x8f, 0xfe, 0x10, 0x0,
    0x3f, 0xff, 0xc3, 0x0, 0x0, 0x0, 0x3c, 0xff,
    0xf3, 0x0, 0x0, 0x4, 0xef, 0xff, 0xd3, 0x0,
    0x3d, 0xff, 0xfe, 0x40, 0x0, 0x0, 0x0, 0x1b,
    0xff, 0xfc, 0x0, 0xbf, 0xff, 0xb2, 0x0, 0x0,
    0x0, 0x0, 0x0, 0x39, 0xd6, 0x0, 0x6d, 0x93,
    0x0, 0x0, 0x0,

    /* U+F06C "" */
    0x0, 0x0, 0x0, 0x0, 0x0, 0x0, 0x3, 0x77,
    0x30, 0x0, 0x0, 0x0, 0x0, 0x0, 0x0, 0x0,
    0x0, 0x0, 0x0, 0x0, 0x0, 0x8f, 0xff, 0xf9,
    0x0, 0x0, 0x0, 0x0, 0x0, 0x0, 0x0, 0x0,
    0x0, 0x0, 0x0, 0x5, 0xff, 0xff, 0xff, 0x50,
    0x0, 0x0, 0x0, 0x0, 0x0, 0x0, 0x0, 0x0,
    0x0, 0x0, 0xa, 0xff, 0xff, 0xff, 0xb0, 0x0,
    0x0, 0x0, 0x0, 0x0, 0x0, 0x0, 0x19, 0xcc,
    0xcc, 0xcf, 0xff, 0xff, 0xff, 0xfc, 0xcc, 0xcc,
    0x91, 0x0, 0x0, 0x0, 0x0, 0xcf, 0xff, 0xff,
    0xff, 0xff, 0xff, 0xff, 0xff, 0xff, 0xff, 0xfc,
    0x0, 0x0, 0x0, 0x0, 0xff, 0xff, 0xff, 0xff,
    0xff, 0xff, 0xff, 0xff, 0xff, 0xff, 0xff, 0x10,
    0x0, 0x0, 0x1, 0xff, 0xff, 0xff, 0xff, 0xff,
    0xff, 0xff, 0xff, 0xff, 0xff, 0xff, 0x10, 0x0,
    0x0, 0x1, 0xff, 0xff, 0xff, 0xff, 0xff, 0xff,
    0xff, 0xff, 0xff, 0xff, 0xff, 0x10, 0x0, 0x0,
    0x1, 0xff, 0xff, 0xff, 0xff, 0xff, 0xff, 0xff,
    0xff, 0xff, 0xff, 0xff, 0x10, 0x0, 0x1, 0x8c,
    0xff, 0xff, 0xff, 0xff, 0xff, 0xff, 0xff, 0xff,
    0xff, 0xff, 0xff, 0xc8, 0x10, 0x1d, 0xff, 0xff,
    0xff, 0xfc, 0x47, 0xff, 0xff, 0xff, 0x74, 0xcf,
    0xff, 0xff, 0xff, 0xd1, 0x8f, 0xff, 0xff, 0xff,
    0xf2, 0x0, 0x9f, 0xff, 0xf9, 0x0, 0x2f, 0xff,
    0xff, 0xff, 0xf8, 0xcf, 0xff, 0xff, 0xff, 0xf3,
    0x0, 0x9f, 0xff, 0xfa, 0x0, 0x2f, 0xff, 0xff,
    0xff, 0xfd, 0xcf, 0xff, 0xff, 0xff, 0xfd, 0x68,
    0xff, 0xff, 0xff, 0x86, 0xdf, 0xff, 0xff, 0xff,
    0xfc, 0x8f, 0xff, 0xff, 0xff, 0xff, 0xff, 0xff,
    0xff, 0xff, 0xff, 0xff, 0xff, 0xff, 0xff, 0xf8,
    0xc, 0xff, 0xff, 0xff, 0xff, 0xff, 0xff, 0xff,
    0xff, 0xff, 0xff, 0xff, 0xff, 0xff, 0xc0, 0x0,
    0x7b, 0xff, 0xff, 0xff, 0xff, 0xff, 0xff, 0xff,
    0xff, 0xff, 0xff, 0xff, 0xb7, 0x0, 0x0, 0x1,
    0xff, 0xff, 0xfe, 0x32, 0x22, 0x22, 0x22, 0x23,
    0xef, 0xff, 0xff, 0x10, 0x0, 0x0, 0x1, 0xff,
    0xff, 0xfb, 0x0, 0x0, 0x0, 0x0, 0x0, 0xbf,
    0xff, 0xff, 0x10, 0x0, 0x0, 0x1, 0xff, 0xff,
    0xff, 0x98, 0x88, 0x88, 0x88, 0x89, 0xff, 0xff,
    0xff, 0x10, 0x0, 0x0, 0x1, 0xff, 0xff, 0xff,
    0xff, 0xff, 0xff, 0xff, 0xff, 0xff, 0xff, 0xff,
    0x10, 0x0, 0x0, 0x1, 0xff, 0xff, 0xff, 0xff,
    0xff, 0xff, 0xff, 0xff, 0xff, 0xff, 0xff, 0x10,
    0x0, 0x0, 0x1, 0xff, 0xff, 0xff, 0xff, 0xff,
    0xff, 0xff, 0xff, 0xff, 0xff, 0xff, 0x10, 0x0,
    0x0, 0x0, 0xef, 0xff, 0xff, 0xff, 0xff, 0xff,
    0xff, 0xff, 0xff, 0xff, 0xfe, 0x0, 0x0, 0x0,
    0x0, 0x3d, 0xff, 0xff, 0xff, 0xff, 0xff, 0xff,
    0xff, 0xff, 0xff, 0xe4, 0x0, 0x0, 0x0, 0x0,
    0x0, 0x0, 0x0, 0x0, 0x0, 0x0, 0x0, 0x0,
    0x0, 0x0, 0x0, 0x0, 0x0,

    /* U+F076 "" */
    0x0, 0x0, 0x0, 0x22, 0x0, 0x0, 0x0, 0x0,
    0x0, 0x0, 0x0, 0x0, 0x0, 0x0, 0x0, 0x3d,
    0xff, 0xd3, 0x0, 0x0, 0x0, 0x0, 0x0, 0x0,
    0x0, 0x0, 0x0, 0x2, 0xff, 0xff, 0xff, 0x20,
    0x0, 0x0, 0x0, 0x0, 0x0, 0x0, 0x0, 0x0,
    0x8, 0xff, 0xaa, 0xff, 0x90, 0x0, 0x18, 0xaa,
    0xaa, 0xaa, 0xaa, 0x80, 0x0, 0xb, 0xfe, 0x0,
    0xff, 0xb0, 0x0, 0x7f, 0xff, 0xff, 0xff, 0xff,
    0xf6, 0x0, 0xb, 0xfe, 0x0, 0xef, 0xb0, 0x0,
    0x3e, 0xff, 0xff, 0xff, 0xff, 0xd2, 0x0, 0xb,
    0xfe, 0x0, 0xef, 0xb0, 0x0, 0x0, 0x0, 0x0,
    0x0, 0x0, 0x0, 0x0, 0xb, 0xfe, 0x0, 0xef,
    0xb0, 0x0, 0x0, 0x0, 0x0, 0x0, 0x0, 0x0,
    0x0, 0xb, 0xfe, 0x0, 0xef, 0xb0, 0x0, 0x8,
    0x99, 0x99, 0x93, 0x0, 0x0, 0x0, 0xb, 0xfe,
    0x0, 0xef, 0xb0, 0x0, 0x7f, 0xff, 0xff, 0xfd,
    0x0, 0x0, 0x0, 0xb, 0xfe, 0x0, 0xef, 0xb0,
    0x0, 0x3e, 0xff, 0xff, 0xf8, 0x0, 0x0, 0x0,
    0xb, 0xfe, 0x0, 0xef, 0xb0, 0x0, 0x0, 0x0,
    0x0, 0x0, 0x0, 0x0, 0x0, 0xb, 0xfe, 0x0,
    0xef, 0xb0, 0x0, 0x0, 0x0, 0x0, 0x0, 0x0,
    0x0, 0x0, 0x2e, 0xfe, 0x0, 0xef, 0xe2, 0x0,
    0x0, 0x0, 0x0, 0x0, 0x0, 0x0, 0x1, 0xef,
    0xfb, 0x0, 0xbf, 0xfe, 0x20, 0x0, 0x0, 0x0,
    0x0, 0x0, 0x0, 0xb, 0xff, 0x70, 0x0, 0x7,
    0xff, 0xc0, 0x0, 0x0, 0x0, 0x0, 0x0, 0x0,
    0x2f, 0xf9, 0x0, 0x0, 0x0, 0x9f, 0xf3, 0x0,
    0x0, 0x0, 0x0, 0x0, 0x0, 0x6f, 0xf3, 0x0,
    0x0, 0x0, 0x3f, 0xf8, 0x0, 0x0, 0x0, 0x0,
    0x0, 0x0, 0x8f, 0xfa, 0x99, 0x99, 0x99, 0xaf,
    0xf9, 0x0, 0x0, 0x0, 0x0, 0x0, 0x0, 0x7f,
    0xff, 0xff, 0xff, 0xff, 0xff, 0xf8, 0x0, 0x0,
    0x0, 0x0, 0x0, 0x0, 0x3f, 0xff, 0xff, 0xff,
    0xff, 0xff, 0xf5, 0x0, 0x0, 0x0, 0x0, 0x0,
    0x0, 0xc, 0xff, 0xff, 0xff, 0xff, 0xff, 0xe0,
    0x0, 0x0, 0x0, 0x0, 0x0, 0x0, 0x3, 0xff,
    0xff, 0xff, 0xff, 0xff, 0x40, 0x0, 0x0, 0x0,
    0x0, 0x0, 0x0, 0x0, 0x4e, 0xff, 0xff, 0xff,
    0xf5, 0x0, 0x0, 0x0, 0x0, 0x0, 0x0, 0x0,
    0x0, 0x1, 0x8d, 0xff, 0xd9, 0x10, 0x0, 0x0,
    0x0, 0x0, 0x0, 0x0, 0x0, 0x0, 0x0, 0x0,
    0x0, 0x0, 0x0, 0x0, 0x0, 0x0, 0x0, 0x0,
    0x0, 0x0,

    /* U+F092 "" */
    0x0, 0x0, 0x0, 0x0, 0x0, 0x0, 0x0, 0x0,
    0x0, 0x0, 0x0, 0x0, 0x0, 0x0, 0x0, 0x0,
    0x0, 0x0, 0x0, 0x0, 0x0, 0x0, 0x0, 0x0,
    0x64, 0x0, 0x0, 0x0, 0x0, 0x0, 0x0, 0x0,
    0x0, 0x0, 0x0, 0x0, 0x0, 0x0, 0x0, 0xdb,
    0x0, 0x0, 0x0, 0x0, 0x0, 0x0, 0x0, 0x0,
    0x0, 0x0, 0x0, 0x0, 0x0, 0x8, 0xff, 0x70,
    0x0, 0x0, 0x0, 0x0, 0x0, 0x0, 0x0, 0x0,
    0x0, 0x0, 0x0, 0x5, 0xef, 0xff, 0xfe, 0x50,
    0x0, 0x0, 0x0, 0x0, 0x0, 0x90, 0x0, 0x0,
    0x0, 0x0, 0x0, 0x5c, 0xff, 0xc4, 0x0, 0x0,
    0x0, 0x0, 0x0, 0x8, 0xf4, 0x0, 0x0, 0x0,
    0x0, 0x0, 0x0, 0xee, 0x0, 0x0, 0x0, 0x0,
    0x0, 0x0, 0xaf, 0xff, 0x60, 0x0, 0x0, 0x0,
    0x0, 0x0, 0x87, 0x0, 0x0, 0x0, 0x22, 0x0,
    0x0, 0x5, 0xf1, 0x0, 0x0, 0x0, 0x0, 0x0,
    0x0, 0x10, 0x0, 0x0, 0xb, 0xff, 0xc1, 0x0,
    0x0, 0x60, 0x0, 0x0, 0x2a, 0xc8, 0x0, 0x0,
    0x0, 0x0, 0x0, 0x7f, 0xff, 0xf8, 0x0, 0x0,
    0x0, 0x0, 0x0, 0xef, 0xff, 0x90, 0x0, 0x0,
    0x0, 0x0, 0xaf, 0xff, 0xfb, 0x0, 0x0, 0x0,
    0x0, 0x4, 0xff, 0xff, 0xf0, 0x0, 0x0, 0x0,
    0x0, 0xcf, 0xff, 0xf7, 0x0, 0x0, 0x0, 0x0,
    0x6, 0xff, 0xff, 0xf1, 0x0, 0x0, 0x0, 0xc,
    0xff, 0xff, 0xb0, 0x0, 0x0, 0x0, 0x0, 0x3f,
    0xff, 0xff, 0xfc, 0x10, 0x0, 0x1, 0xcf, 0xfc,
    0x21, 0x0, 0x0, 0x0, 0x0, 0x3, 0xff, 0xf9,
    0x8c, 0xff, 0xc1, 0x0, 0x1c, 0xff, 0xc0, 0x0,
    0x0, 0x0, 0x0, 0x0, 0x3f, 0xff, 0x80, 0x1,
    0xdf, 0xfc, 0x33, 0xcf, 0xfc, 0x0, 0x0, 0x0,
    0x0, 0x0, 0x3, 0xff, 0xf8, 0x0, 0x0, 0x1d,
    0xff, 0xff, 0xff, 0xc0, 0x0, 0x0, 0x0, 0x0,
    0x0, 0x3f, 0xff, 0x80, 0x0, 0x0, 0x1, 0xdf,
    0xff, 0xfc, 0x0, 0x0, 0x0, 0x0, 0x1, 0x67,
    0xff, 0xf8, 0x0, 0x0, 0x0, 0x0, 0xbf, 0xff,
    0xf9, 0x0, 0x0, 0x0, 0x0, 0x2e, 0xff, 0xff,
    0x80, 0x0, 0x0, 0x0, 0x0, 0x8f, 0xff, 0xf6,
    0x0, 0x0, 0x0, 0x0, 0x9f, 0xff, 0xfb, 0x0,
    0x0, 0x0, 0x0, 0x0, 0xb, 0xff, 0xa0, 0x0,
    0x0, 0x0, 0x0, 0xbf, 0xff, 0xf9, 0x0, 0x0,
    0x0, 0x0, 0x0, 0x0, 0x11, 0x0, 0x0, 0x0,
    0x0, 0x0, 0x6f, 0xff, 0xf4, 0x0, 0x0, 0x0,
    0x0, 0x0, 0x0, 0x0, 0x0, 0x0, 0x0, 0x0,
    0x0, 0x7, 0xdd, 0x60, 0x0, 0x0, 0x0, 0x0,
    0x0, 0x0, 0x0, 0x0, 0x0, 0x0, 0x0, 0x0,

    /* U+F0C1 "" */
    0x0, 0x0, 0x10, 0x0, 0x0, 0x0, 0x0, 0x0,
    0x0, 0x0, 0x0, 0x0, 0x0, 0x0, 0x0, 0x9f,
    0xff, 0x90, 0x0, 0x0, 0x0, 0x0, 0x0, 0x0,
    0x0, 0x0, 0x0, 0x0, 0xb, 0xff, 0xff, 0xfc,
    0x0, 0x0, 0x0, 0x0, 0x0, 0x0, 0x0, 0x0,
    0x0, 0x0, 0x4f, 0xfc, 0x7b, 0xff, 0x84, 0x44,
    0x44, 0x44, 0x20, 0x0, 0x0, 0x0, 0x0, 0x0,
    0x7f, 0xf1, 0x0, 0xff, 0xff, 0xff, 0xff, 0xff,
    0xfd, 0x30, 0x0, 0x0, 0x0, 0x0, 0x7f, 0xf2,
    0x0, 0xff, 0xff, 0xff, 0xff, 0xff, 0xff, 0xf4,
    0x0, 0x0, 0x0, 0x0, 0x3f, 0xfe, 0x9d, 0xff,
    0x62, 0x22, 0x22, 0x22, 0x6f, 0xfe, 0x0, 0x0,
    0x0, 0x0, 0x9, 0xff, 0xff, 0xfa, 0x0, 0x0,
    0x0, 0x0, 0x4, 0xff, 0x50, 0x0, 0x0, 0x0,
    0x0, 0x7d, 0xfd, 0x70, 0x0, 0x0, 0x0, 0x0,
    0x0, 0xef, 0x80, 0x0, 0x0, 0x0, 0x0, 0x0,
    0x0, 0x0, 0x0, 0x0, 0x0, 0x0, 0x0, 0xef,
    0x80, 0x0, 0x0, 0x0, 0x0, 0x0, 0x0, 0x0,
    0x0, 0x0, 0x0, 0x0, 0x5, 0xff, 0x50, 0x0,
    0x0, 0x0, 0x0, 0x0, 0x0, 0x0, 0x0, 0x1,
    0x33, 0x34, 0x8f, 0xfe, 0x0, 0x0, 0x0, 0x0,
    0x0, 0x0, 0x0, 0x0, 0x2, 0xbf, 0xff, 0xff,
    0xff, 0xf4, 0x0, 0x0, 0x0, 0x0, 0x0, 0x0,
    0x0, 0x0, 0x3f, 0xff, 0xff, 0xff, 0xfc, 0x30,
    0x0, 0x0, 0x0, 0x0, 0x0, 0x0, 0x0, 0x0,
    0xef, 0xf8, 0x43, 0x33, 0x10, 0x0, 0x0, 0x0,
    0x0, 0x0, 0x0, 0x0, 0x0, 0x5, 0xff, 0x60,
    0x0, 0x0, 0x0, 0x0, 0x0, 0x0, 0x0, 0x0,
    0x0, 0x0, 0x0, 0x8, 0xff, 0x0, 0x0, 0x0,
    0x0, 0x0, 0x0, 0x0, 0x0, 0x0, 0x0, 0x0,
    0x0, 0x8, 0xff, 0x0, 0x0, 0x0, 0x0, 0x0,
    0x7, 0xdf, 0xd7, 0x0, 0x0, 0x0, 0x0, 0x5,
    0xff, 0x50, 0x0, 0x0, 0x0, 0x0, 0xaf, 0xff,
    0xff, 0x90, 0x0, 0x0, 0x0, 0x0, 0xef, 0xf6,
    0x22, 0x22, 0x22, 0x25, 0xff, 0xff, 0xff, 0xf3,
    0x0, 0x0, 0x0, 0x0, 0x4f, 0xff, 0xff, 0xff,
    0xff, 0xff, 0xff, 0xff, 0xff, 0xf7, 0x0, 0x0,
    0x0, 0x0, 0x4, 0xdf, 0xff, 0xff, 0xff, 0xff,
    0xff, 0xff, 0xff, 0xf7, 0x0, 0x0, 0x0, 0x0,
    0x0, 0x2, 0x45, 0x55, 0x55, 0x58, 0xff, 0xff,
    0xff, 0xf4, 0x0, 0x0, 0x0, 0x0, 0x0, 0x0,
    0x0, 0x0, 0x0, 0x0, 0xdf, 0xff, 0xff, 0xb0,
    0x0, 0x0, 0x0, 0x0, 0x0, 0x0, 0x0, 0x0,
    0x0, 0x0, 0x1a, 0xff, 0xfa, 0x0, 0x0, 0x0,
    0x0, 0x0, 0x0, 0x0, 0x0, 0x0, 0x0, 0x0,
    0x0, 0x2, 0x10, 0x0,

    /* U+F10B "" */
    0x0, 0x0, 0x0, 0x0, 0x0, 0x0, 0x0, 0x0,
    0x0, 0x20, 0x0, 0x0, 0x0, 0x0, 0x0, 0x0,
    0x0, 0x0, 0x0, 0x0, 0x0, 0x0, 0xa, 0xe0,
    0x0, 0x0, 0x0, 0x0, 0x0, 0x8, 0x50, 0x0,
    0x0, 0x0, 0x0, 0x0, 0xaf, 0xf1, 0x0, 0x0,
    0x0, 0x0, 0x0, 0x8f, 0xf5, 0x0, 0x0, 0x0,
    0x0, 0xa, 0xff, 0xf1, 0x32, 0x0, 0x0, 0x0,
    0x8, 0xff, 0xff, 0x50, 0x0, 0x0, 0x0, 0xaf,
    0xff, 0xf4, 0xfe, 0x20, 0x0, 0x0, 0x7f, 0xff,
    0xff, 0xf5, 0x0, 0x0, 0x4, 0xff, 0xff, 0xff,
    0xff, 0xe2, 0x0, 0x0, 0x3e, 0xff, 0xff, 0xff,
    0x20, 0x0, 0x0, 0x23, 0x37, 0xff, 0xff, 0xfe,
    0x20, 0x0, 0x3, 0xef, 0xff, 0xff, 0x30, 0x0,
    0x0, 0x0, 0x3f, 0xff, 0xff, 0xff, 0xe2, 0x0,
    0x0, 0x3e, 0xff, 0xff, 0x70, 0x0, 0x0, 0x0,
    0x5f, 0xff, 0xff, 0xff, 0xfe, 0x20, 0x0, 0x3,
    0xef, 0xff, 0xf6, 0x0, 0x0, 0x0, 0x5, 0xff,
    0xff, 0xff, 0xff, 0xc0, 0x0, 0x0, 0x1, 0x4f,
    0xff, 0x60, 0x0, 0x0, 0x7, 0xff, 0xff, 0xff,
    0xff, 0xf5, 0x0, 0x0, 0x0, 0x3, 0xff, 0xf6,
    0x0, 0x0, 0x7f, 0xff, 0xff, 0xfa, 0xff, 0xf7,
    0x0, 0x0, 0x0, 0x0, 0x3f, 0xff, 0x60, 0x7,
    0xff, 0xf3, 0x5f, 0x60, 0x7f, 0xf5, 0x0, 0x0,
    0x0, 0x0, 0x3, 0xff, 0xf6, 0x7f, 0xff, 0x30,
    0x1, 0x0, 0x7, 0xd0, 0x0, 0x0, 0x0, 0x0,
    0x0, 0x3f, 0xff, 0xff, 0xf3, 0x0, 0x0, 0x0,
    0x0, 0x10, 0x0, 0x0, 0x0, 0x0, 0x0, 0x3,
    0xff, 0xff, 0x30, 0x0, 0x0, 0x0, 0x0, 0x0,
    0x0, 0x0, 0x0, 0x0, 0x0, 0x7, 0xff, 0xf3,
    0x0, 0x53, 0x0, 0x0, 0x0, 0x0, 0x0, 0x0,
    0x0, 0x5, 0xff, 0xff, 0xff, 0x30, 0x9, 0xff,
    0x50, 0x0, 0x0, 0x0, 0x0, 0x0, 0x0, 0x5f,
    0xff, 0xff, 0xf3, 0x0, 0x9f, 0xff, 0xf5, 0x0,
    0x0, 0x0, 0x0, 0x0, 0x5, 0xff, 0xfe, 0xdf,
    0xc0, 0x9, 0xff, 0xef, 0xff, 0x50, 0x0, 0x0,
    0x0, 0x0, 0x5f, 0xff, 0xff, 0xff, 0xc0, 0x3f,
    0xfe, 0xbf, 0xff, 0xf5, 0x0, 0x0, 0x0, 0x5,
    0xff, 0xff, 0xff, 0xff, 0xc0, 0x1e, 0xff, 0xff,
    0xff, 0xff, 0x50, 0x0, 0x0, 0x5f, 0xff, 0xff,
    0xff, 0xfe, 0x20, 0x2, 0xef, 0xff, 0xff, 0xff,
    0xf5, 0x0, 0x5, 0xff, 0xff, 0xff, 0xff, 0xe2,
    0x0, 0x0, 0x2e, 0xff, 0xff, 0xff, 0xff, 0x50,
    0x5f, 0xff, 0xff, 0xff, 0xfe, 0x20, 0x0, 0x0,
    0x2, 0xef, 0xff, 0xff, 0xff, 0xf5, 0xcf, 0xff,
    0xff, 0xff, 0xe2, 0x0, 0x0, 0x0, 0x0, 0x2e,
    0xff, 0xff, 0xff, 0xfb, 0x4f, 0xff, 0xff, 0xfe,
    0x20, 0x0, 0x0, 0x0, 0x0, 0x2, 0xef, 0xff,
    0xff, 0xf4, 0x5, 0xff, 0xff, 0xe2, 0x0, 0x0,
    0x0, 0x0, 0x0, 0x0, 0x2e, 0xff, 0xff, 0x40,
    0x0, 0x5f, 0xfe, 0x20, 0x0, 0x0, 0x0, 0x0,
    0x0, 0x0, 0x2, 0xef, 0xf4, 0x0, 0x0, 0x4,
    0x92, 0x0, 0x0, 0x0, 0x0, 0x0, 0x0, 0x0,
    0x0, 0x29, 0x40, 0x0,

    /* U+F1C2 "" */
    0x0, 0x0, 0x0, 0x0, 0x0, 0x0, 0x0, 0x0,
    0x0, 0x0, 0x0, 0x0, 0x4, 0x10, 0x0, 0x0,
    0x0, 0x0, 0x0, 0x0, 0x0, 0x0, 0x0, 0x0,
    0x0, 0x0, 0x9f, 0xe0, 0x0, 0x0, 0x0, 0x0,
    0x0, 0x0, 0x0, 0x0, 0x0, 0x0, 0x0, 0x9,
    0xff, 0xe0, 0x0, 0x0, 0x0, 0x0, 0x0, 0x0,
    0x0, 0x0, 0x76, 0x0, 0x0, 0x9f, 0xfe, 0x30,
    0x8, 0xaa, 0xaa, 0xaa, 0xaa, 0xaa, 0x20, 0x5,
    0xff, 0x90, 0x9, 0xff, 0xe3, 0x0, 0x5f, 0xff,
    0xff, 0xff, 0xff, 0xff, 0xb0, 0x2, 0xff, 0xf9,
    0x9f, 0xfe, 0x30, 0x0, 0x2e, 0xff, 0xff, 0xff,
    0xff, 0xff, 0x60, 0x0, 0x3f, 0xff, 0xff, 0xe3,
    0x0, 0x0, 0x0, 0x0, 0x0, 0x0, 0x0, 0x0,
    0x0, 0x0, 0x3, 0xff, 0xfe, 0x30, 0x0, 0x0,
    0x0, 0x0, 0x0, 0x0, 0x0, 0x0, 0x0, 0x0,
    0x0, 0x3e, 0xe3, 0x0, 0x0, 0x0, 0x0, 0x0,
    0x0, 0x0, 0x0, 0x0, 0x0, 0x0, 0x0, 0x0,
    0x0, 0x0, 0x0, 0x0, 0x0, 0x0, 0x0, 0x0,
    0x0, 0x0, 0x0, 0x0, 0x0, 0x0, 0x0, 0x0,
    0x0, 0x0, 0x0, 0x0, 0x0, 0x0, 0x0, 0x0,
    0x0, 0x0, 0x1, 0x0, 0x0, 0x0, 0x10, 0x0,
    0x0, 0x0, 0x0, 0x0, 0x0, 0x0, 0x0, 0x0,
    0xdf, 0x60, 0x0, 0x2d, 0xf4, 0x0, 0x0, 0x0,
    0x0, 0x0, 0x0, 0x0, 0x0, 0x0, 0xff, 0xf6,
    0x2, 0xef, 0xf6, 0x0, 0x0, 0x0, 0x0, 0x0,
    0x0, 0x0, 0x0, 0x0, 0x4f, 0xff, 0x8e, 0xff,
    0xa0, 0x0, 0x2e, 0xff, 0xff, 0xff, 0xff, 0xff,
    0x60, 0x0, 0x4, 0xff, 0xff, 0xfa, 0x0, 0x0,
    0x5f, 0xff, 0xff, 0xff, 0xff, 0xff, 0xb0, 0x0,
    0x0, 0x6f, 0xff, 0xc0, 0x0, 0x0, 0x8, 0xaa,
    0xaa, 0xaa, 0xaa, 0xaa, 0x20, 0x0, 0x2, 0xef,
    0xff, 0xf7, 0x0, 0x0, 0x0, 0x0, 0x0, 0x0,
    0x0, 0x0, 0x0, 0x0, 0x2e, 0xff, 0xbf, 0xff,
    0x70, 0x0, 0x0, 0x0, 0x0, 0x0, 0x0, 0x0,
    0x0, 0x0, 0xdf, 0xfa, 0x4, 0xff, 0xf4, 0x0,
    0x0, 0x0, 0x0, 0x0, 0x0, 0x0, 0x0, 0x0,
    0xff, 0xa0, 0x0, 0x4f, 0xf5, 0x0, 0x0, 0x0,
    0x0, 0x0, 0x0, 0x0, 0x0, 0x0, 0x25, 0x0,
    0x0, 0x2, 0x50, 0x0,

    /* U+F64F "" */
    0x0, 0x0, 0x0, 0x0, 0x0, 0x0, 0x0, 0x99,
    0x0, 0x0, 0x0, 0x0, 0x0, 0x0, 0x0, 0x0,
    0x0, 0x0, 0x0, 0x0, 0x3, 0xff, 0x50, 0x0,
    0x0, 0x0, 0x0, 0x0, 0x0, 0x0, 0x0, 0x0,
    0x0, 0x0, 0x7, 0xff, 0x90, 0x0, 0x0, 0x0,
    0x0, 0x0, 0x0, 0x0, 0x0, 0x0, 0x0, 0x0,
    0xb, 0xff, 0xc0, 0x0, 0x0, 0x0, 0x0, 0x0,
    0x0, 0x0, 0x0, 0x0, 0x0, 0x0, 0xe, 0xff,
    0xf0, 0x0, 0x0, 0x0, 0x0, 0x0, 0x0, 0x0,
    0x0, 0x0, 0x0, 0x0, 0x2f, 0xff, 0xf4, 0x0,
    0x0, 0x0, 0x0, 0x0, 0x0, 0x0, 0x0, 0x0,
    0x0, 0x0, 0x5f, 0xff, 0xf7, 0x0, 0x0, 0x0,
    0x0, 0x0, 0x0, 0x0, 0x0, 0x0, 0x0, 0x0,
    0x9f, 0xff, 0xfb, 0x0, 0x8, 0xf6, 0x0, 0x0,
    0x0, 0x0, 0x0, 0x0, 0x0, 0x0, 0xcf, 0xec,
    0xff, 0x0, 0xf, 0xfe, 0x0, 0x0, 0x0, 0x0,
    0x0, 0x0, 0x0, 0x0, 0xff, 0xb8, 0xff, 0x20,
    0x5f, 0xff, 0x40, 0x0, 0x0, 0x0, 0x0, 0x0,
    0x0, 0x3, 0xff, 0x75, 0xff, 0x60, 0xaf, 0xff,
    0xa0, 0x0, 0x0, 0x0, 0x0, 0x0, 0x0, 0x7,
    0xff, 0x41, 0xff, 0xa0, 0xff, 0xff, 0xf0, 0x0,
    0x17, 0x88, 0x88, 0x60, 0x0, 0xa, 0xff, 0x0,
    0xdf, 0xd4, 0xff, 0xdf, 0xfa, 0x60, 0xaf, 0xff,
    0xff, 0xf5, 0x0, 0xe, 0xfd, 0x0, 0xaf, 0xfa,
    0xff, 0x3f, 0xff, 0xf4, 0x8f, 0xff, 0xff, 0xfa,
    0x0, 0x1f, 0xf9, 0x0, 0x6f, 0xff, 0xfe, 0x8,
    0xff, 0xf2, 0x1, 0x22, 0x2c, 0xff, 0x0, 0x5f,
    0xf6, 0x0, 0x2f, 0xff, 0xf9, 0x0, 0x12, 0x0,
    0x0, 0x0, 0x7, 0xff, 0x40, 0x8f, 0xf2, 0x0,
    0xf, 0xff, 0xf4, 0x0, 0x0, 0x0, 0x0, 0x0,
    0x3, 0xff, 0x90, 0xcf, 0xe0, 0x0, 0xb, 0xff,
    0xf0, 0x0, 0x0, 0x0, 0x0, 0x0, 0x0, 0xef,
    0xe0, 0xff, 0xb0, 0x0, 0x7, 0xff, 0xa0, 0x0,
    0x0, 0x0, 0x0, 0x0, 0x0, 0x9f, 0xf6, 0xff,
    0x80, 0x0, 0x3, 0xff, 0x50, 0x0, 0x0, 0x0,
    0x0, 0x0, 0x0, 0x4f, 0xfe, 0xff, 0x40, 0x0,
    0x0, 0x78, 0x0, 0x0, 0x0, 0x0, 0x0, 0x0,
    0x0, 0xf, 0xff, 0xff, 0x10, 0x0, 0x0, 0x0,
    0x0, 0x0, 0x0, 0x0, 0x0, 0x0, 0x0, 0xb,
    0xff, 0xfd, 0x0, 0x0, 0x0, 0x0, 0x0, 0x0,
    0x0, 0x0, 0x0, 0x0, 0x0, 0x6, 0xff, 0xfa,
    0x0, 0x0, 0x0, 0x0, 0x0, 0x0, 0x0, 0x0,
    0x0, 0x0, 0x0, 0x1, 0xff, 0xf6, 0x0, 0x0,
    0x0, 0x0, 0x0, 0x0, 0x0, 0x0, 0x0, 0x0,
    0x0, 0x0, 0xcf, 0xf3, 0x0, 0x0, 0x0, 0x0,
    0x0, 0x0, 0x0, 0x0, 0x0, 0x0, 0x0, 0x0,
    0x6f, 0xe0, 0x0, 0x0, 0x0, 0x0, 0x0, 0x0,
    0x0, 0x0, 0x0, 0x0, 0x0, 0x0, 0x4, 0x10,
    0x0, 0x0, 0x0, 0x0, 0x0, 0x0, 0x0, 0x0,

    /* U+F772 "" */
    0x0, 0x0, 0x0, 0x0, 0x0, 0x0, 0x0, 0x0,
    0x0, 0x0, 0x0, 0x0, 0x0, 0x2, 0xcf, 0xff,
    0xff, 0xa0, 0x0, 0x0, 0x0, 0x3, 0xff, 0xff,
    0xfe, 0x70, 0xc, 0xff, 0xff, 0xff, 0xf0, 0x0,
    0x0, 0x0, 0x6, 0xff, 0xff, 0xff, 0xf4, 0xf,
    0xfd, 0xaa, 0xa9, 0x40, 0x0, 0x0, 0x0, 0x0,
    0x8a, 0xaa, 0xaf, 0xf8, 0x1f, 0xf9, 0x0, 0x0,
    0x0, 0x0, 0x0, 0x0, 0x0, 0x0, 0x0, 0x1f,
    0xf9, 0x1f, 0xf9, 0x0, 0x0, 0x0, 0x0, 0x0,
    0x0, 0x0, 0x0, 0x0, 0x1f, 0xf9, 0x1f, 0xf9,
    0x0, 0x0, 0x1, 0x69, 0xa7, 0x20, 0x0, 0x0,
    0x0, 0x1f, 0xf9, 0x1f, 0xf9, 0x0, 0x0, 0x5f,
    0xff, 0xff, 0xf7, 0x0, 0x0, 0x0, 0x1f, 0xf9,
    0x9, 0xd3, 0x0, 0x5, 0xff, 0xff, 0xef, 0xff,
    0x70, 0x0, 0x0, 0x9, 0xd3, 0x0, 0x0, 0x0,
    0xe, 0xff, 0x50, 0x4, 0xef, 0xf1, 0x0, 0x0,
    0x0, 0x0, 0x0, 0x0, 0x0, 0x5f, 0xf6, 0x0,
    0x0, 0x3f, 0xf7, 0x0, 0x0, 0x0, 0x0, 0x0,
    0x0, 0x0, 0x7f, 0xf1, 0x0, 0x0, 0xe, 0xf9,
    0x0, 0x0, 0x0, 0x0, 0x0, 0x0, 0x0, 0x7f,
    0xf1, 0x0, 0x0, 0xf, 0xf9, 0x0, 0x0, 0x0,
    0x0, 0x0, 0x0, 0x0, 0x4f, 0xf7, 0x0, 0x0,
    0x5f, 0xf6, 0x0, 0x0, 0x0, 0x0, 0x0, 0x0,
    0x0, 0xd, 0xff, 0x72, 0x16, 0xff, 0xf1, 0x0,
    0x0, 0x0, 0x0, 0x0, 0x0, 0x0, 0x3, 0xff,
    0xff, 0xff, 0xff, 0xf7, 0x0, 0x0, 0x0, 0x0,
    0x0, 0x0, 0x0, 0x0, 0x3d, 0xff, 0xff, 0xce,
    0xff, 0x60, 0x0, 0x0, 0x0, 0xb, 0xf4, 0x0,
    0x0, 0x0, 0x47, 0x63, 0x3, 0xff, 0xf4, 0x0,
    0xb, 0xf4, 0x1f, 0xf9, 0x0, 0x0, 0x0, 0x0,
    0x0, 0x0, 0x3f, 0xfa, 0x0, 0x1f, 0xf9, 0x1f,
    0xf9, 0x0, 0x0, 0x0, 0x0, 0x0, 0x0, 0x4,
    0xb3, 0x0, 0x1f, 0xf9, 0x1f, 0xf9, 0x0, 0x0,
    0x0, 0x0, 0x0, 0x0, 0x0, 0x0, 0x0, 0x1f,
    0xf9, 0x1f, 0xf9, 0x0, 0x0, 0x0, 0x0, 0x0,
    0x0, 0x0, 0x0, 0x0, 0x1f, 0xf9, 0xf, 0xfd,
    0xaa, 0xa9, 0x40, 0x0, 0x0, 0x0, 0x0, 0x8a,
    0xaa, 0xaf, 0xf8, 0xc, 0xff, 0xff, 0xff, 0xf0,
    0x0, 0x0, 0x0, 0x7, 0xff, 0xff, 0xff, 0xf4,
    0x2, 0xcf, 0xff, 0xff, 0xa0, 0x0, 0x0, 0x0,
    0x3, 0xff, 0xff, 0xfe, 0x70, 0x0, 0x0, 0x0,
    0x0, 0x0, 0x0, 0x0, 0x0, 0x0, 0x0, 0x0,
    0x0, 0x0
};


/*---------------------
 *  GLYPH DESCRIPTION
 *--------------------*/

static const lv_font_fmt_txt_glyph_dsc_t glyph_dsc[] = {
    {.bitmap_index = 0, .adv_w = 0, .box_w = 0, .box_h = 0, .ofs_x = 0, .ofs_y = 0} /* id = 0 reserved */,
    {.bitmap_index = 0, .adv_w = 512, .box_w = 28, .box_h = 28, .ofs_x = 2, .ofs_y = 2},
    {.bitmap_index = 392, .adv_w = 512, .box_w = 28, .box_h = 26, .ofs_x = 2, .ofs_y = 3},
    {.bitmap_index = 756, .adv_w = 512, .box_w = 28, .box_h = 28, .ofs_x = 2, .ofs_y = 2},
    {.bitmap_index = 1148, .adv_w = 512, .box_w = 20, .box_h = 27, .ofs_x = 6, .ofs_y = 3},
    {.bitmap_index = 1418, .adv_w = 512, .box_w = 28, .box_h = 22, .ofs_x = 2, .ofs_y = 5},
    {.bitmap_index = 1726, .adv_w = 512, .box_w = 18, .box_h = 20, .ofs_x = 7, .ofs_y = 6},
    {.bitmap_index = 1906, .adv_w = 512, .box_w = 15, .box_h = 18, .ofs_x = 10, .ofs_y = 7},
    {.bitmap_index = 2041, .adv_w = 512, .box_w = 18, .box_h = 18, .ofs_x = 7, .ofs_y = 7},
    {.bitmap_index = 2203, .adv_w = 512, .box_w = 28, .box_h = 22, .ofs_x = 2, .ofs_y = 5},
    {.bitmap_index = 2511, .adv_w = 512, .box_w = 29, .box_h = 29, .ofs_x = 1, .ofs_y = 1},
    {.bitmap_index = 2932, .adv_w = 512, .box_w = 26, .box_h = 24, .ofs_x = 3, .ofs_y = 4},
    {.bitmap_index = 3244, .adv_w = 512, .box_w = 20, .box_h = 20, .ofs_x = 6, .ofs_y = 6},
    {.bitmap_index = 3444, .adv_w = 512, .box_w = 22, .box_h = 22, .ofs_x = 5, .ofs_y = 5},
    {.bitmap_index = 3686, .adv_w = 512, .box_w = 28, .box_h = 26, .ofs_x = 2, .ofs_y = 4},
    {.bitmap_index = 4050, .adv_w = 512, .box_w = 22, .box_h = 29, .ofs_x = 5, .ofs_y = 2},
    {.bitmap_index = 4369, .adv_w = 512, .box_w = 26, .box_h = 26, .ofs_x = 3, .ofs_y = 3},
    {.bitmap_index = 4707, .adv_w = 512, .box_w = 20, .box_h = 20, .ofs_x = 6, .ofs_y = 6},
    {.bitmap_index = 4907, .adv_w = 512, .box_w = 18, .box_h = 18, .ofs_x = 7, .ofs_y = 7},
    {.bitmap_index = 5069, .adv_w = 512, .box_w = 21, .box_h = 24, .ofs_x = 6, .ofs_y = 3},
    {.bitmap_index = 5321, .adv_w = 512, .box_w = 26, .box_h = 26, .ofs_x = 3, .ofs_y = 3},
    {.bitmap_index = 5659, .adv_w = 512, .box_w = 28, .box_h = 14, .ofs_x = 2, .ofs_y = 9},
    {.bitmap_index = 5855, .adv_w = 512, .box_w = 20, .box_h = 4, .ofs_x = 6, .ofs_y = 14},
    {.bitmap_index = 5895, .adv_w = 512, .box_w = 26, .box_h = 26, .ofs_x = 3, .ofs_y = 3},
    {.bitmap_index = 6233, .adv_w = 512, .box_w = 25, .box_h = 22, .ofs_x = 3, .ofs_y = 5},
    {.bitmap_index = 6508, .adv_w = 512, .box_w = 22, .box_h = 21, .ofs_x = 5, .ofs_y = 6},
    {.bitmap_index = 6739, .adv_w = 512, .box_w = 28, .box_h = 26, .ofs_x = 2, .ofs_y = 2},
    {.bitmap_index = 7103, .adv_w = 512, .box_w = 28, .box_h = 28, .ofs_x = 2, .ofs_y = 2},
    {.bitmap_index = 7495, .adv_w = 512, .box_w = 14, .box_h = 28, .ofs_x = 9, .ofs_y = 2},
    {.bitmap_index = 7691, .adv_w = 512, .box_w = 18, .box_h = 28, .ofs_x = 9, .ofs_y = 2},
    {.bitmap_index = 7943, .adv_w = 512, .box_w = 14, .box_h = 28, .ofs_x = 9, .ofs_y = 2},
    {.bitmap_index = 8139, .adv_w = 512, .box_w = 28, .box_h = 28, .ofs_x = 2, .ofs_y = 2},
    {.bitmap_index = 8531, .adv_w = 512, .box_w = 30, .box_h = 30, .ofs_x = 1, .ofs_y = 1},
    {.bitmap_index = 8981, .adv_w = 512, .box_w = 26, .box_h = 28, .ofs_x = 3, .ofs_y = 2},
    {.bitmap_index = 9345, .adv_w = 512, .box_w = 22, .box_h = 28, .ofs_x = 5, .ofs_y = 2},
    {.bitmap_index = 9653, .adv_w = 512, .box_w = 22, .box_h = 28, .ofs_x = 5, .ofs_y = 2},
    {.bitmap_index = 9961, .adv_w = 512, .box_w = 26, .box_h = 24, .ofs_x = 3, .ofs_y = 4},
    {.bitmap_index = 10273, .adv_w = 512, .box_w = 20, .box_h = 28, .ofs_x = 6, .ofs_y = 2},
    {.bitmap_index = 10553, .adv_w = 512, .box_w = 14, .box_h = 28, .ofs_x = 9, .ofs_y = 2},
    {.bitmap_index = 10749, .adv_w = 512, .box_w = 21, .box_h = 22, .ofs_x = 6, .ofs_y = 5},
    {.bitmap_index = 10980, .adv_w = 512, .box_w = 22, .box_h = 22, .ofs_x = 5, .ofs_y = 5},
    {.bitmap_index = 11222, .adv_w = 512, .box_w = 26, .box_h = 26, .ofs_x = 3, .ofs_y = 3},
    {.bitmap_index = 11560, .adv_w = 512, .box_w = 30, .box_h = 22, .ofs_x = 1, .ofs_y = 5},
    {.bitmap_index = 11890, .adv_w = 512, .box_w = 30, .box_h = 26, .ofs_x = 1, .ofs_y = 2},
    {.bitmap_index = 12280, .adv_w = 512, .box_w = 30, .box_h = 22, .ofs_x = 1, .ofs_y = 5},
    {.bitmap_index = 12610, .adv_w = 512, .box_w = 28, .box_h = 28, .ofs_x = 2, .ofs_y = 2},
    {.bitmap_index = 13002, .adv_w = 512, .box_w = 30, .box_h = 26, .ofs_x = 1, .ofs_y = 3},
    {.bitmap_index = 13392, .adv_w = 512, .box_w = 28, .box_h = 26, .ofs_x = 2, .ofs_y = 3},
    {.bitmap_index = 13756, .adv_w = 512, .box_w = 28, .box_h = 20, .ofs_x = 2, .ofs_y = 6},
    {.bitmap_index = 14036, .adv_w = 512, .box_w = 16, .box_h = 10, .ofs_x = 8, .ofs_y = 11},
    {.bitmap_index = 14116, .adv_w = 512, .box_w = 26, .box_h = 26, .ofs_x = 3, .ofs_y = 3},
    {.bitmap_index = 14454, .adv_w = 512, .box_w = 26, .box_h = 27, .ofs_x = 3, .ofs_y = 3},
    {.bitmap_index = 14805, .adv_w = 512, .box_w = 26, .box_h = 26, .ofs_x = 3, .ofs_y = 3},
    {.bitmap_index = 15143, .adv_w = 512, .box_w = 28, .box_h = 28, .ofs_x = 2, .ofs_y = 2},
    {.bitmap_index = 15535, .adv_w = 512, .box_w = 30, .box_h = 30, .ofs_x = 1, .ofs_y = 1},
    {.bitmap_index = 15985, .adv_w = 512, .box_w = 28, .box_h = 28, .ofs_x = 2, .ofs_y = 2},
    {.bitmap_index = 16377, .adv_w = 512, .box_w = 28, .box_h = 26, .ofs_x = 2, .ofs_y = 3},
    {.bitmap_index = 16741, .adv_w = 512, .box_w = 26, .box_h = 26, .ofs_x = 3, .ofs_y = 3},
    {.bitmap_index = 17079, .adv_w = 512, .box_w = 10, .box_h = 16, .ofs_x = 11, .ofs_y = 8},
    {.bitmap_index = 17159, .adv_w = 512, .box_w = 30, .box_h = 21, .ofs_x = 1, .ofs_y = 6},
    {.bitmap_index = 17474, .adv_w = 512, .box_w = 26, .box_h = 29, .ofs_x = 3, .ofs_y = 2},
    {.bitmap_index = 17851, .adv_w = 512, .box_w = 28, .box_h = 18, .ofs_x = 2, .ofs_y = 7},
    {.bitmap_index = 18103, .adv_w = 512, .box_w = 26, .box_h = 29, .ofs_x = 3, .ofs_y = 2},
    {.bitmap_index = 18480, .adv_w = 512, .box_w = 26, .box_h = 26, .ofs_x = 3, .ofs_y = 3},
    {.bitmap_index = 18818, .adv_w = 512, .box_w = 27, .box_h = 28, .ofs_x = 2, .ofs_y = 2},
    {.bitmap_index = 19196, .adv_w = 512, .box_w = 27, .box_h = 29, .ofs_x = 1, .ofs_y = 2},
    {.bitmap_index = 19588, .adv_w = 512, .box_w = 24, .box_h = 32, .ofs_x = 5, .ofs_y = 0},
    {.bitmap_index = 19972, .adv_w = 512, .box_w = 30, .box_h = 30, .ofs_x = 1, .ofs_y = 1},
    {.bitmap_index = 20422, .adv_w = 512, .box_w = 25, .box_h = 25, .ofs_x = 3, .ofs_y = 3},
    {.bitmap_index = 20735, .adv_w = 512, .box_w = 28, .box_h = 20, .ofs_x = 2, .ofs_y = 6},
    {.bitmap_index = 21015, .adv_w = 512, .box_w = 20, .box_h = 28, .ofs_x = 6, .ofs_y = 2},
    {.bitmap_index = 21295, .adv_w = 512, .box_w = 22, .box_h = 22, .ofs_x = 5, .ofs_y = 5},
    {.bitmap_index = 21537, .adv_w = 512, .box_w = 22, .box_h = 22, .ofs_x = 5, .ofs_y = 5},
    {.bitmap_index = 21779, .adv_w = 512, .box_w = 22, .box_h = 22, .ofs_x = 5, .ofs_y = 5},
    {.bitmap_index = 22021, .adv_w = 512, .box_w = 28, .box_h = 28, .ofs_x = 2, .ofs_y = 2},
    {.bitmap_index = 22413, .adv_w = 512, .box_w = 16, .box_h = 10, .ofs_x = 8, .ofs_y = 11},
    {.bitmap_index = 22493, .adv_w = 512, .box_w = 16, .box_h = 10, .ofs_x = 8, .ofs_y = 11},
    {.bitmap_index = 22573, .adv_w = 512, .box_w = 23, .box_h = 6, .ofs_x = 5, .ofs_y = 13},
    {.bitmap_index = 22642, .adv_w = 512, .box_w = 22, .box_h = 22, .ofs_x = 5, .ofs_y = 5},
    {.bitmap_index = 22884, .adv_w = 512, .box_w = 22, .box_h = 22, .ofs_x = 5, .ofs_y = 5},
    {.bitmap_index = 23126, .adv_w = 512, .box_w = 18, .box_h = 26, .ofs_x = 7, .ofs_y = 3},
    {.bitmap_index = 23360, .adv_w = 512, .box_w = 32, .box_h = 23, .ofs_x = 0, .ofs_y = 4},
    {.bitmap_index = 23728, .adv_w = 512, .box_w = 32, .box_h = 23, .ofs_x = 0, .ofs_y = 4},
    {.bitmap_index = 24096, .adv_w = 512, .box_w = 32, .box_h = 26, .ofs_x = 0, .ofs_y = 2},
    {.bitmap_index = 24512, .adv_w = 512, .box_w = 29, .box_h = 28, .ofs_x = 2, .ofs_y = 2},
    {.bitmap_index = 24918, .adv_w = 512, .box_w = 28, .box_h = 20, .ofs_x = 2, .ofs_y = 7},
    {.bitmap_index = 25198, .adv_w = 512, .box_w = 27, .box_h = 18, .ofs_x = 3, .ofs_y = 7},
    {.bitmap_index = 25441, .adv_w = 512, .box_w = 28, .box_h = 20, .ofs_x = 2, .ofs_y = 6},
    {.bitmap_index = 25721, .adv_w = 512, .box_w = 28, .box_h = 28, .ofs_x = 2, .ofs_y = 2},
    {.bitmap_index = 26113, .adv_w = 512, .box_w = 28, .box_h = 28, .ofs_x = 2, .ofs_y = 2},
    {.bitmap_index = 26505, .adv_w = 512, .box_w = 28, .box_h = 28, .ofs_x = 2, .ofs_y = 2},
    {.bitmap_index = 26897, .adv_w = 512, .box_w = 14, .box_h = 26, .ofs_x = 9, .ofs_y = 3},
    {.bitmap_index = 27079, .adv_w = 512, .box_w = 26, .box_h = 28, .ofs_x = 3, .ofs_y = 3},
    {.bitmap_index = 27443, .adv_w = 512, .box_w = 20, .box_h = 25, .ofs_x = 6, .ofs_y = 4},
    {.bitmap_index = 27693, .adv_w = 512, .box_w = 22, .box_h = 25, .ofs_x = 5, .ofs_y = 3},
    {.bitmap_index = 27968, .adv_w = 512, .box_w = 25, .box_h = 25, .ofs_x = 3, .ofs_y = 4},
    {.bitmap_index = 28281, .adv_w = 512, .box_w = 26, .box_h = 21, .ofs_x = 3, .ofs_y = 5},
    {.bitmap_index = 28554, .adv_w = 512, .box_w = 28, .box_h = 28, .ofs_x = 2, .ofs_y = 2},
    {.bitmap_index = 28946, .adv_w = 512, .box_w = 28, .box_h = 16, .ofs_x = 2, .ofs_y = 8},
    {.bitmap_index = 29170, .adv_w = 512, .box_w = 22, .box_h = 28, .ofs_x = 5, .ofs_y = 2},
    {.bitmap_index = 29478, .adv_w = 512, .box_w = 28, .box_h = 28, .ofs_x = 2, .ofs_y = 2},
    {.bitmap_index = 29870, .adv_w = 512, .box_w = 28, .box_h = 28, .ofs_x = 2, .ofs_y = 2},
    {.bitmap_index = 30262, .adv_w = 512, .box_w = 28, .box_h = 28, .ofs_x = 2, .ofs_y = 2},
    {.bitmap_index = 30654, .adv_w = 512, .box_w = 30, .box_h = 16, .ofs_x = 1, .ofs_y = 8},
    {.bitmap_index = 30894, .adv_w = 512, .box_w = 28, .box_h = 22, .ofs_x = 2, .ofs_y = 5},
    {.bitmap_index = 31202, .adv_w = 512, .box_w = 30, .box_h = 17, .ofs_x = 1, .ofs_y = 7},
    {.bitmap_index = 31457, .adv_w = 512, .box_w = 28, .box_h = 26, .ofs_x = 2, .ofs_y = 3},
    {.bitmap_index = 31821, .adv_w = 512, .box_w = 28, .box_h = 28, .ofs_x = 2, .ofs_y = 2},
    {.bitmap_index = 32213, .adv_w = 512, .box_w = 28, .box_h = 22, .ofs_x = 2, .ofs_y = 5},
    {.bitmap_index = 32521, .adv_w = 512, .box_w = 34, .box_h = 32, .ofs_x = -1, .ofs_y = 1},
    {.bitmap_index = 33065, .adv_w = 512, .box_w = 22, .box_h = 28, .ofs_x = 5, .ofs_y = 2},
    {.bitmap_index = 33373, .adv_w = 512, .box_w = 22, .box_h = 24, .ofs_x = 5, .ofs_y = 4},
    {.bitmap_index = 33637, .adv_w = 512, .box_w = 21, .box_h = 30, .ofs_x = 5, .ofs_y = 1},
    {.bitmap_index = 33952, .adv_w = 512, .box_w = 27, .box_h = 25, .ofs_x = 2, .ofs_y = 4},
    {.bitmap_index = 34290, .adv_w = 512, .box_w = 27, .box_h = 28, .ofs_x = 3, .ofs_y = 2},
    {.bitmap_index = 34668, .adv_w = 512, .box_w = 22, .box_h = 28, .ofs_x = 5, .ofs_y = 2},
    {.bitmap_index = 34976, .adv_w = 512, .box_w = 28, .box_h = 22, .ofs_x = 2, .ofs_y = 5},
    {.bitmap_index = 35284, .adv_w = 512, .box_w = 26, .box_h = 28, .ofs_x = 3, .ofs_y = 2},
    {.bitmap_index = 35648, .adv_w = 512, .box_w = 26, .box_h = 26, .ofs_x = 3, .ofs_y = 3},
    {.bitmap_index = 35986, .adv_w = 512, .box_w = 27, .box_h = 30, .ofs_x = 2, .ofs_y = 1},
    {.bitmap_index = 36391, .adv_w = 512, .box_w = 28, .box_h = 22, .ofs_x = 2, .ofs_y = 5},
    {.bitmap_index = 36699, .adv_w = 512, .box_w = 28, .box_h = 28, .ofs_x = 2, .ofs_y = 2},
    {.bitmap_index = 37091, .adv_w = 512, .box_w = 14, .box_h = 28, .ofs_x = 9, .ofs_y = 2},
    {.bitmap_index = 37287, .adv_w = 512, .box_w = 14, .box_h = 28, .ofs_x = 9, .ofs_y = 2},
    {.bitmap_index = 37483, .adv_w = 512, .box_w = 14, .box_h = 28, .ofs_x = 9, .ofs_y = 2},
    {.bitmap_index = 37679, .adv_w = 512, .box_w = 24, .box_h = 28, .ofs_x = 4, .ofs_y = 2},
    {.bitmap_index = 38015, .adv_w = 512, .box_w = 30, .box_h = 30, .ofs_x = 1, .ofs_y = 1},
    {.bitmap_index = 38465, .adv_w = 512, .box_w = 28, .box_h = 28, .ofs_x = 2, .ofs_y = 2},
    {.bitmap_index = 38857, .adv_w = 512, .box_w = 26, .box_h = 26, .ofs_x = 3, .ofs_y = 3},
    {.bitmap_index = 39195, .adv_w = 512, .box_w = 28, .box_h = 28, .ofs_x = 2, .ofs_y = 2},
    {.bitmap_index = 39587, .adv_w = 512, .box_w = 26, .box_h = 28, .ofs_x = 3, .ofs_y = 2},
    {.bitmap_index = 39951, .adv_w = 512, .box_w = 28, .box_h = 28, .ofs_x = 2, .ofs_y = 2},
    {.bitmap_index = 40343, .adv_w = 512, .box_w = 26, .box_h = 26, .ofs_x = 3, .ofs_y = 3},
    {.bitmap_index = 40681, .adv_w = 512, .box_w = 28, .box_h = 28, .ofs_x = 2, .ofs_y = 2},
    {.bitmap_index = 41073, .adv_w = 512, .box_w = 26, .box_h = 26, .ofs_x = 3, .ofs_y = 3},
    {.bitmap_index = 41411, .adv_w = 512, .box_w = 28, .box_h = 28, .ofs_x = 2, .ofs_y = 2},
    {.bitmap_index = 41803, .adv_w = 512, .box_w = 22, .box_h = 25, .ofs_x = 5, .ofs_y = 4},
    {.bitmap_index = 42078, .adv_w = 512, .box_w = 30, .box_h = 27, .ofs_x = 1, .ofs_y = 3},
    {.bitmap_index = 42483, .adv_w = 512, .box_w = 26, .box_h = 26, .ofs_x = 3, .ofs_y = 3},
    {.bitmap_index = 42821, .adv_w = 512, .box_w = 30, .box_h = 24, .ofs_x = 1, .ofs_y = 5},
    {.bitmap_index = 43181, .adv_w = 512, .box_w = 28, .box_h = 26, .ofs_x = 2, .ofs_y = 3},
    {.bitmap_index = 43545, .adv_w = 512, .box_w = 28, .box_h = 30, .ofs_x = 2, .ofs_y = 2},
    {.bitmap_index = 43965, .adv_w = 512, .box_w = 28, .box_h = 22, .ofs_x = 2, .ofs_y = 5},
    {.bitmap_index = 44273, .adv_w = 512, .box_w = 28, .box_h = 28, .ofs_x = 2, .ofs_y = 2},
    {.bitmap_index = 44665, .adv_w = 512, .box_w = 26, .box_h = 26, .ofs_x = 3, .ofs_y = 3}
};

/*---------------------
 *  CHARACTER MAPPING
 *--------------------*/

static const uint16_t unicode_list_0[] = {
    0x0, 0x2, 0x21, 0x29, 0x2c, 0x34, 0x37, 0x47,
    0x4b, 0x4c, 0x50, 0x61, 0xb6, 0xb7, 0xf0, 0x10e,
    0x145, 0x14c, 0x153, 0x156, 0x157, 0x15b, 0x161, 0x163,
    0x166, 0x16f, 0x192, 0x19c, 0x1a3, 0x1a4, 0x1af, 0x1b3,
    0x1b8, 0x1c2, 0x1d5, 0x1db, 0x1e0, 0x1ff, 0x202, 0x26b,
    0x28e, 0x2bf, 0x2c1, 0x2c3, 0x2e6, 0x30a, 0x30d, 0x312,
    0x313, 0x322, 0x328, 0x335, 0x39e, 0x3ab, 0x3af, 0x3b0,
    0x3dc, 0x409, 0x417, 0x41a, 0x41c, 0x425, 0x429, 0x4fa,
    0x4fc, 0x4fd, 0x518, 0x51c, 0x51e, 0x55e, 0x5c3, 0x5c4,
    0x5c8, 0x5c9, 0x5ce, 0x5cf, 0x5d3, 0x5d5, 0x627, 0x63c,
    0x63e, 0x640, 0x648, 0x65f, 0x6b1, 0x6e1, 0x6ec, 0x719,
    0x82a, 0x836, 0x846, 0x85d, 0x866, 0x868, 0x869, 0x86b,
    0x86c, 0x86f, 0x873, 0x87a, 0x88e, 0x8b8, 0x8be, 0x8d4,
    0x922, 0x97a, 0x9c1, 0x9e4, 0x9f4, 0x9fc, 0xa05, 0xa0b,
    0xa3c, 0xa4a, 0xa5b, 0xaa2, 0xb2f, 0xb36, 0xb7d, 0xb8e,
    0xb90, 0xbd4, 0xbd9, 0xbdd, 0xc1c, 0xc20, 0xf4a, 0xf5f,
    0xf64, 0xf6e, 0xf71, 0xfe6, 0x1001, 0x1049, 0x104e, 0x1053,
    0x106c, 0x1076, 0x1092, 0x10c1, 0x110b, 0x11c2, 0x164f, 0x1772
};

/*Collect the unicode lists and glyph_id offsets*/
static const lv_font_fmt_txt_cmap_t cmaps[] =
{
    {
        .range_start = 57344, .range_length = 6003, .glyph_id_start = 1,
        .unicode_list = unicode_list_0, .glyph_id_ofs_list = NULL, .list_length = 144, .type = LV_FONT_FMT_TXT_CMAP_SPARSE_TINY
    }
};



/*--------------------
 *  ALL CUSTOM DATA
 *--------------------*/

#if LVGL_VERSION_MAJOR == 8
/*Store all the custom data of the font*/
static  lv_font_fmt_txt_glyph_cache_t cache;
#endif

#if LVGL_VERSION_MAJOR >= 8
static const lv_font_fmt_txt_dsc_t font_dsc = {
#else
static lv_font_fmt_txt_dsc_t font_dsc = {
#endif
    .glyph_bitmap = glyph_bitmap,
    .glyph_dsc = glyph_dsc,
    .cmaps = cmaps,
    .kern_dsc = NULL,
    .kern_scale = 0,
    .cmap_num = 1,
    .bpp = 4,
    .kern_classes = 0,
    .bitmap_format = 0,
#if LVGL_VERSION_MAJOR == 8
    .cache = &cache
#endif
};



/*-----------------
 *  PUBLIC FONT
 *----------------*/

/*Initialize a public general font descriptor*/
#if LVGL_VERSION_MAJOR >= 8
const lv_font_t bz_icons_fill_32 = {
#else
lv_font_t bz_icons_fill_32 = {
#endif
    .get_glyph_dsc = lv_font_get_glyph_dsc_fmt_txt,    /*Function pointer to get glyph's data*/
    .get_glyph_bitmap = lv_font_get_bitmap_fmt_txt,    /*Function pointer to get glyph's bitmap*/
    .line_height = 33,          /*The maximum line height required by the font*/
    .base_line = 0,             /*Baseline measured from the bottom of the line*/
#if !(LVGL_VERSION_MAJOR == 6 && LVGL_VERSION_MINOR == 0)
    .subpx = LV_FONT_SUBPX_NONE,
#endif
#if LV_VERSION_CHECK(7, 4, 0) || LVGL_VERSION_MAJOR >= 8
    .underline_position = 0,
    .underline_thickness = 0,
#endif
    .dsc = &font_dsc,          /*The custom font data. Will be accessed by `get_glyph_bitmap/dsc` */
#if LV_VERSION_CHECK(8, 2, 0) || LVGL_VERSION_MAJOR >= 9
    .fallback = NULL,
#endif
    .user_data = NULL,
};



#endif /*#if BZ_ICONS_FILL_32*/

